record_id,employee_id,first_name,last_name,full_name,gender,age,date_of_birth,email,phone_number,address,city,state,country,postal_code,department,job_title,manager_name,employment_status,work_location,hire_date,last_promotion_date,years_experience,education_level,salary,annual_bonus,tax_rate,performance_score,attendance_percentage,overtime_hours,project_count,training_hours,certification_count,vacation_days,sick_days,employee_rating,bank_name,account_type,emergency_contact,emergency_phone,marital_status,nationality,shift,contract_type,office_floor,workstation_id,laptop_assigned,insurance_provider,remarks,last_updated
1,EMP-93810,Patricia,Smith,PATRICIA SMITH,Male,,1983-04-06,patricia.smith@corp.net,818-658-7873,2715 Washington Blvd,Houston,tx,USA,30379,CUSTOMER SUPPORT,   Support Agent,Mary White,Active,remote,2013-10-07,2024-01-21,7.3,Bachelor's,87953.77,7404.37,0.15,2.0,100.0,1.7,6,20,2,16,3,satisfactory,Wells Fargo,Checking,Karen Lee,846-350-3677,Divorced,German,NIGHT,PT,,,True,Blue Cross Blue Shield,Pending annual review,2026-06-14 20:21:01
2,EMP-51347,   Richard  ,Rodriguez,Richard Rodriguez,PREFER NOT TO SAY,40.0,1986-07-29,richard.rodriguez@corp.net,324-241-9348,2604 Oak Ave,SAN DIEGO,ca,USA,65333,Product,Product Manager,Sarah Ramirez,ACTIVE,hybrid,2014-07-27,2022-12-28,13.1,Master's,63382.44,7302.59,0.24,5.0,92.4,0.0,5,64,4,11,2,Good,Bank of America,CHECKING,Sandra Smith,600-119-2832,Divorced,Canadian,Day,Part-Time,15.0,WS-15-82,True,Blue Cross Blue Shield,Transferred from regional branch,2026-07-27 20:21:01
3,EMP-96474,Jessica,Moore,Jessica Moore,Female,32.0,1994-11-19,jessica.moore@enterprise.org,(165) 446-1344,1263 Main St,San Jose,CA,USA,14117,Human Resources,Product Manager,Robert White,Terminated,REMOTE,2022-08-08,,3.4,MS,35000.0,2258.89,0.32,4.0,99.8,3.4,2,7,3,28,5,EXCELLENT,Bank of America,CHECKING,Joseph Jones,385-573-5092,Single,Indian,day,Full-Time,,,True,Kaiser Permanente,High potential,2026-06-06 20:21:01
4,EMP-40982,Jennifer,Wilson,jennifer wilson,prefer not to say,27.0,1999-04-11,jennifer.wilson@corp.net,835-598-3536,8983 Main St,Houston,TX,U.S.A.,17492,Legal,Legal Counsel,Thomas Williams,Active,REMOTE,2013-07-10,2022-08-21,9.6,bachelor,56839.52,3180.81,0.24,3.0,87.9,0.0,7,16,5,25,4,good,Wells Fargo,Checking,James Anderson,676-202-2200,MARRIED,British,Night,Contract,,,True,UnitedHealth,N/A,2026-06-12 20:21:01
5,EMP-81200,Daniel,Martinez,daniel martinez,Non-Binary,52.0,1973-05-18,daniel.martinez@company.com,(315) 834-6617,8104 Maple Rd,Houston,TX,U.S.A.,16658,Product,   Software Engineer ,Lisa Anderson,On Leave,REMOTE,2012-03-20,,6.9,BS,76350.56,13375.8,0.22,4.0,87.9,9.0,1,45,1,26,3,satisfactory,Chase,CHECKING,Mark Ramirez,735-867-3532,Married,Canadian,Night,FT,,,True,UnitedHealth,,2026-06-10 20:21:01
6,EMP-42527,William,Garcia,William Garcia,FEMALE,39.0,1986-12-25,william.garcia@company.com,385-985-2137,8885 Maple Rd,Denver,CO,usa,25118,Sales,  Marketing Specialist  ,Susan Martin,Active,remote,2024-12-06,,5.4,MS,,11895.73,0.22,3.0,99.7,1.0,10,40,5,8,11,Good,Capital One,savings,David Gonzalez,667-230-4143,single,German,NIGHT,Part-Time,,,False,Blue Cross Blue Shield,N/A,2026-07-08 20:21:01
7,EMP-86019,Karen,Lee,Karen Lee,Female,31.0,1995-11-11,KAREN.LEE@ENTERPRISE.ORG,(417) 330-4262,1293 Washington Blvd,chicago,il,usa,92544,Product,Accountant,Daniel Smith,active,Onsite,2021-07-14,,17.3,High School,74730.06,9984.75,0.15,4.0,89.7,0.3,9,76,2,29,7,Needs Improvement,TD Bank,savings,Anthony Robinson,262-861-8777,Married,German,Shift 1,PT,8.0,WS-08-90,False,UnitedHealth,Pending annual review,2026-07-15 20:21:01
8,EMP-80798,John,Jones,John Jones,Prefer Not to Say,35.0,1991-03-02,john.jones@enterprise.org,120-977-7232,6965 Park Ave,san diego,CA,usa,81582,Marketing,Marketing Specialist,James Gonzalez,ACTIVE,remote,2015-09-14,2021-06-06,9.9,High School,,5422.16,0.15,1.0,100.0,7.3,1,33,3,15,3,good,Wells Fargo,savings,William Harris,531-358-2341,MARRIED,American,Shift 1,Part-Time,,,True,Blue Cross Blue Shield,High potential,2026-07-23 20:21:01
9,EMP-12671,Karen,Jones,Karen Jones,Prefer Not to Say,24.0,2001-06-21,karen.jones@corp.net,(418) 210-1420,   6598 Oak Ave,Atlanta,GA,usa,49529,IT,Operations Manager,Barbara Moore,Active,Onsite,2023-05-07,2020-02-21,9.0,PhD,89769.33,17425.85,0.32,2.0,95.9,0.9,5,78,4,29,7,good,Citibank,CHECKING,William Hernandez,950-188-5569,Married,Indian,day,PT,11.0,WS-11-58,False,Aetna,,2026-06-14 20:21:01
10,EMP-43862,David,Rodriguez,david rodriguez,female,27.0,1999-05-16,david.rodriguez@company.com,911-117-2524,9628 Maple Rd,Phoenix,AZ,US,79588,Operations,Senior Developer,Elizabeth Rodriguez,ACTIVE,Remote,2019-01-28,,0.5,BS,90474.01,14547.38,0.24,1.0,92.3,4.4,5,1,5,22,2,Good,Chase,CHECKING,Elizabeth Thompson,753-989-9042,Single,Mexican,Shift 1,FT,,,False,Aetna,High potential,2026-06-10 20:21:01
11,EMP-72616,Patricia   ,Clark  ,Patricia Clark,Prefer Not to Say,41.0,1984-08-19,patricia.clark@enterprise.org,539-412-1986,3557 Maple Rd,San Jose,ca,United States,30585,OPERATIONS,Software Engineer,Daniel Martin,Active,Remote,2018-06-18,2025-02-02,0.5,bachelor,81481.68,13703.12,0.22,4.0,93.1,0.0,5,18,0,6,2,Good,Capital One,CHECKING,Sandra Martinez,579-805-5982,Divorced,Mexican,day,FT,,,False,Blue Cross Blue Shield,,2026-06-27 20:21:01
12,EMP-42816,James,Williams,James Williams,Male,31.0,1994-10-03,james.williams@company.com,285-699-8141,5800 Washington Blvd,Austin,TX,usa,97835,Finance,Senior Developer,Nancy Gonzalez,Terminated,Onsite,2022-03-14,,11.1,Bachelor's,95619.99,10578.08,0.15,5.0,99.7,14.8,10,63,5,19,12,EXCELLENT,Bank of America,Savings,Sandra Martinez,,MARRIED,Canadian,NIGHT,Part-Time,5.0,WS-05-80,True,Blue Cross Blue Shield,Completed leadership onboarding,2026-07-04 20:21:01
13,EMP-48254,Thomas,Thompson,Thomas Thompson,Female,35.0,1991-06-05,thomas.thompson@company.com,524-448-9318,9716 Park Ave,Phoenix,az,US,74178,Legal,Sales Executive,Matthew Moore,Active,Remote,2017-05-10,2022-08-14,4.9,MS,44836.93,7250.39,0.32,4.0,100.0,0.7,3,63,0,9,8,Needs Improvement,Wells Fargo,savings,Patricia Taylor,115-839-3361,Married,American,Shift 2,Contract,,,False,Cigna,,2026-06-22 20:21:01
14,EMP-79942,Richard,Hernandez,Richard Hernandez,mALE,26.0,1999-10-22,RICHARD.HERNANDEZ@CORP.NET,820-993-2646,853 Maple Rd,San Diego,ca,USA,48452,pRODUCT,Legal Counsel,Nancy Sanchez,Active,Onsite,2020-07-30,2022-09-13,2.0,BS,91250.52,13293.9,0.15,4.0,100.0,0.0,8,44,4,14,10,good,TD Bank,checking,Michael Gonzalez,209-342-7248,MARRIED,British,NIGHT,Contract,1.0,WS-01-94,True,Blue Cross Blue Shield,Transferred from regional branch,2026-06-12 20:21:01
15,EMP-47512,Matthew,Sanchez,Matthew Sanchez,Non-Binary,37.0,1989-11-06,matthew.sanchez@company.com,416-907-8222,4935 Maple Rd,New York,NY,USA,33021,Operations,Sales Executive,Sandra Rodriguez,Active,remote,2018-08-14,2023-10-19,13.0,PhD,82232.72,5847.86,0.32,5.0,91.8,0.0,9,15,3,16,10,satisfactory,TD Bank,savings,Anthony Lee,210-791-4830,MARRIED,Mexican,Shift 1,PT,,,True,Cigna,Completed leadership onboarding,2026-07-09 20:21:01
16,EMP-25292,Robert,Johnson,ROBERT JOHNSON,Female,41.0,1985-12-14,robert.johnson@enterprise.org,770-201-9017,6170 Oak Ave,San Jose,CA,USA,40947,Human Resources,Systems Administrator,Richard Rodriguez,Active,remote,2014-01-20,2020-03-28,15.7,Master's,74283.48,5117.28,0.15,5.0,100.0,7.4,6,18,4,5,4,Excellent,Bank of America,Savings,Patricia Perez,234-115-6869,Married,Mexican,Shift 1,Full-Time,,,True,Aetna,Completed leadership onboarding,2026-07-28 20:21:01
17,EMP-18330,Jessica,Anderson,Jessica Anderson,Male,34.0,1992-11-05, jessica.anderson@enterprise.org ,967-511-7984,1304 Main St,AUSTIN,TX,usa,29442,Sales,Operations Manager,David Gonzalez,Terminated,Hybrid,2022-03-05,2024-10-28,7.7,Bachelor's,46624.99,6883.6,0.22,4.0,100.0,7.1,8,51,3,28,1,Good,Citibank,checking,Barbara Jones,585-168-2494,Single,Indian,Day,contract,12.0,WS-12-57,True,Kaiser Permanente,Transferred from regional branch,2026-07-28 20:21:01
18,EMP-63845,Barbara,Ramirez,Barbara Ramirez,Non-Binary,35.0,1991-08-15,barbara.ramirez@company.com,(965) 669-7022,9290 Park Ave,Los Angeles,CA,usa,94239,IT,Senior Developer,Jennifer Rodriguez,Active,Hybrid,2019-11-15,,9.8,MS,104557.88,16849.02,0.15,5.0,92.4,2.6,6,39,5,15,12,Needs Improvement,CAPITAL ONE,Checking,Robert Garcia,150-790-2336,single,Indian,day,FT,7.0,WS-07-44,True,Blue Cross Blue Shield,N/A,2026-06-28 20:21:01
19,EMP-73783,Thomas,Perez,thomas perez,Female,35.0,1990-05-21, thomas.perez@enterprise.org ,279-232-7229,1280 Washington Blvd,Dallas,TX,US,15544,Legal,Sales Executive,Charles Gonzalez,On Leave,Hybrid,2014-08-01,2023-08-23,5.9,PhD,85028.97,15982.51,0.15,2.0,100.0,0.0,5,43,1,15,12,Excellent,Chase,Checking,Thomas Taylor,894-457-6752,Married,Canadian,Day,Part-Time,5.0,WS-05-35,True,Blue Cross Blue Shield,Pending annual review,2026-06-25 20:21:01
20,EMP-74764,Joseph,Harris,Joseph Harris,Non-Binary,40.0,1985-06-04,joseph.harris@enterprise.org,(157) 460-9312, 6141 Maple Rd   ,Los Angeles,CA,USA,60394,Operations,Senior Developer,Joseph Robinson,ACTIVE,Remote,2019-03-18,2025-08-15,9.6,Bachelors,102437.24,17582.84,0.15,5.0,95.9,22.6,8,67,4,24,2,Good,Wells Fargo,savings,Susan Harris,712-153-6482,Single,Mexican,NIGHT,FT,,,False,Kaiser Permanente,Pending annual review,2026-06-28 20:21:01
21,EMP-96980,Robert,Robinson,Robert Robinson,Male,30.0,1995-12-03,robert.robinson@corp.net,639-195-7937,3609 Maple Rd,Dallas,TX,United States,73736,Finance,Marketing Specialist,Patricia Taylor,active,hybrid,2023-10-23,,6.4,BS,67157.84,4911.78,0.22,4.0,87.7,17.0,8,78,2,29,11,good,Bank of America,checking,Margaret Sanchez,955-298-7026,MARRIED,Indian,Shift 2,Contract,13.0,WS-13-58,False,Aetna,Transferred from regional branch,2026-07-19 20:21:01
22,EMP-16839,Christopher,Thomas,Christopher Thomas,Male,18.0,2007-10-07,CHRISTOPHER.THOMAS@CORP.NET,327-936-8391,6595 Park Ave,Atlanta,ga,USA,60615,Customer Support,Sales Executive,Anthony Thompson,active,Remote,2015-02-01,,9.7,PhD,67089.67,4751.22,0.32,,93.6,0.0,3,70,5,24,8,good,Chase,Savings,,529-754-8489,single,Mexican,day,Full-Time,,,True,UnitedHealth,,2026-06-29 20:21:01
23,EMP-64600,Jennifer,Perez,Jennifer Perez,Male,42.0,1984-10-12, jennifer.perez@enterprise.org ,453-346-2698,826 Maple Rd,Denver,CO,United States,94252,Legal,Product Manager,Margaret Jones,active,remote,2012-10-29,,7.2,bachelor,79298.78,7718.89,0.32,5.0,84.9,12.1,5,45,0,25,5,Good,Chase,savings,Mark Gonzalez,495-447-4060,single,British,day,Contract,,,True,Blue Cross Blue Shield,,2026-06-13 20:21:01
24,EMP-33652,Sarah,  Martinez,Sarah Martinez,Prefer Not to Say,40.0,1985-12-28,sarah.martinez@enterprise.org,176-787-7655,610 Oak Ave,Philadelphia,PA,United States,98878,eNGINEERING,Accountant,Barbara Lopez,Terminated,Onsite,2015-06-10,2024-02-28,7.6,Bachelor's,36624.58,4739.92,0.24,2.0,94.9,0.0,9,49,4,8,4,Good,TD Bank,CHECKING,Elizabeth Thompson,602-304-3009,Single,Indian,Night,contract,8.0,WS-08-21,False,Blue Cross Blue Shield,Transferred from regional branch,2026-06-08 20:21:01
25,EMP-49315,Betty,Garcia,Betty Garcia,FEMALE,38.0,1987-05-23,betty.garcia@enterprise.org,922-664-3126,7942 Park Ave,San Jose,ca,usa,63665,hr,Systems Administrator ,Mark Clark,ACTIVE,REMOTE,2016-01-30,2021-06-12,20.3,Bachelors,71152.78,9087.3,0.22,3.0,96.5,1.6,9,36,0,13,3,satisfactory,Capital One,checking,Karen Moore,756-272-3526,MARRIED,German,day,Contract,,,True,Blue Cross Blue Shield,,2026-06-29 20:21:01
26,EMP-44688,Christopher,Miller,Christopher Miller,Non-Binary,41.0,1984-09-07,christopher.miller@corp.net,261-550-7809,5221 Maple Rd,San Diego,CA,United States,55268,Finance,Legal Counsel,David Davis,Active,remote,2017-07-23,,8.0,MS,90345.94,10183.81,0.22,3.0,89.3,0.0,3,63,4,19,7,Good,citibank,savings,Thomas Anderson,,Divorced,Indian,day,contract,,,False,Blue Cross Blue Shield,High potential,2026-06-09 20:21:01
27,EMP-44664,Lisa,Lopez,Lisa Lopez,Female,30.0,1996-01-31,lisa.lopez@corp.net,221-231-2584,6090 Oak Ave,San Antonio,TX,U.S.A.,76731,engineering,HR Specialist,Margaret Thomas,Active,REMOTE,2023-07-25,,11.9,Master's,58963.44,11709.69,0.24,5.0,100.0,10.0,10,38,3,5,5,Good,TD BANK,savings,Charles Martinez,842-993-1436,Divorced,German,day,PT,,,True,Kaiser Permanente,,2026-06-25 20:21:01
28,EMP-91230,Matthew,Clark,Matthew Clark,MALE,43.0,1983-03-05,matthew.clark@corp.net,582-993-2020,7937 Park Ave,sEATTLE,wa,US,32699,Operations,Sales Executive,Betty White,active,hybrid,2017-12-05,2022-02-26,19.0,Masters,55189.27,4621.0,0.24,3.0,92.2,0.4,8,44,4,30,11,Good,wELLS fARGO,CHECKING,Richard Lewis,938-453-3399,Divorced,German,Day,Contract,15.0,WS-15-66,False,Kaiser Permanente,N/A,2026-06-21 20:21:01
29,EMP-45601,Robert,Brown,Robert Brown,Female,55.0,1971-02-28,ROBERT.BROWN@ENTERPRISE.ORG,(663) 261-7666,3367 Maple Rd,Austin,TX,usa,94659,Human Resources,Senior Developer,Sandra Johnson,Active,remote,2015-12-11,2020-05-28,12.4,MS,75182.89,5860.26,0.24,,93.2,0.0,6,36,3,25,8,Needs Improvement,Citibank,Savings,Betty Taylor,297-928-2845,single,German,Shift 1,contract,,,,UnitedHealth,N/A,2026-06-17 20:21:01
30,EMP-35318,Jennifer,Martin,Jennifer Martin,Male,44.0,1981-05-24,jennifer.martin@company.com,373-437-5947,3971 Main St,San Jose,ca,US,71000,Product,Senior Developer,Daniel Brown,Active,Hybrid,2016-12-14,,1.9,BS,85726.72,17001.81,0.32,5.0,90.4,4.9,10,10,4,19,8,satisfactory,WELLS FARGO,CHECKING,Patricia Johnson,617-307-9792,Divorced,Mexican,Shift 2,Full-Time,11.0,WS-11-36,False,Kaiser Permanente,,2026-07-06 20:21:01
31,EMP-27294,Thomas,Wilson   ,,Non-Binary,30.0,1996-08-15, thomas.wilson@enterprise.org ,170-583-1519,6235 Washington Blvd,Phoenix,AZ,usa,59479,oPERATIONS,  Sales Executive   ,,Active,Hybrid,2022-05-20,2024-10-03,6.4,bachelor,91270.34,9302.63,0.15,1.0,88.8,17.0,1,30,1,7,1,Needs Improvement,Chase,Checking,,549-339-9843,Single,Canadian,day,Contract,4.0,WS-04-83,False,Aetna,Completed leadership onboarding,2026-07-09 20:21:01
32,EMP-49387,William,Johnson,William Johnson,Prefer Not to Say,51.0,1974-12-19,william.johnson@corp.net,518-252-5913,3792 Maple Rd,San Antonio,TX,United States,28920,Engineering,Support Agent,Robert Gonzalez,Active,Hybrid,2013-10-09,2024-02-28,20.7,bachelor,68510.18,7301.49,0.15,1.0,94.0,22.8,9,27,3,11,5,Good,Chase,Savings,Lisa Brown,872-590-4974,Married,Indian,Night,PT,6.0,WS-06-46,False,UnitedHealth,Transferred from regional branch,2026-07-06 20:21:01
33,EMP-22924,Margaret,White,Margaret White,prefer not to say,40.0,,margaret.white@corp.net,256-300-6404,9121 Maple Rd,Houston,TX,usa,74044,Legal,Senior Developer,Jennifer Jones,On Leave,Remote,2024-02-28,2020-08-28,11.9,Bachelor's,50260.99,7550.83,0.32,2.0,88.4,12.9,1,27,4,19,5,EXCELLENT,Capital One,CHECKING,Sandra Thomas,116-106-9719,Single,American,day,contract,,,False,UnitedHealth,High potential,2026-06-21 20:21:01
34,EMP-98346,Susan,Sanchez,Susan Sanchez,FEMALE,44.0,1981-12-29,susan.sanchez@enterprise.org,349-813-4700,1631 Washington Blvd,Phoenix,AZ,USA,82443,Engineering,Data Analyst,Susan Lee,Terminated,Onsite,2023-11-05,2022-07-30,14.1,PhD,79525.77,15000.46,0.24,5.0,99.2,0.1,6,2,1,23,2,satisfactory,Citibank,checking,Jennifer Jackson,954-969-7375,MARRIED,British,Shift 2,contract,3.0,WS-03-98,False,Cigna,Pending annual review,2026-07-14 20:21:01
35,EMP-89320,Matthew,Martin,matthew martin,Non-Binary,40.0,1985-08-22,matthew.martin@enterprise.org,187-890-5839,2626 Washington Blvd,Denver,co,US,93086,Product,  Data Analyst,William Brown,Active,remote,2022-01-24,2025-09-29,4.4,Bachelors,112315.49,14952.89,0.24,,97.4,10.6,9,31,4,21,2,satisfactory,Citibank,checking,Elizabeth Rodriguez,164-271-8121,Divorced,Indian,Day,Contract,,,False,Cigna,Transferred from regional branch,2026-07-06 20:21:01
36,EMP-24021,Robert  ,Martinez,Robert Martinez,Female,45.0,1981-12-12,ROBERT.MARTINEZ@ENTERPRISE.ORG,852-811-9044,6537 Maple Rd,San Jose,CA,US,83905,Operations,   Legal Counsel,Margaret Martinez,Active,remote,2023-03-14,,3.2,Masters,59976.41,9433.42,0.15,4.0,89.3,13.7,9,53,4,6,12,Good,TD Bank,CHECKING,Karen Lee,211-887-5067,Divorced,Canadian,NIGHT,PT,,,True,Cigna,N/A,2026-07-08 20:21:01
37,EMP-23886,James,Brown,James Brown,Female,47.0,1979-11-27,JAMES.BROWN@CORP.NET,402-525-2406,5210 Maple Rd,Los Angeles,CA,US,37114,Customer Support,Product Manager,Joseph Hernandez,Active,hybrid,2014-07-31,,10.1,Bachelor's,91441.2,6826.37,0.22,5.0,100.0,1.0,8,29,3,25,2,Excellent,TD Bank,savings,James White,302-560-8037,Married,Canadian,Shift 1,contract,13.0,WS-13-18,True,Aetna,,2026-06-23 20:21:01
38,EMP-74157,Thomas,Lee,THOMAS LEE,Non-Binary,24.0,2002-11-21,thomas.lee@enterprise.org,420-220-4908,8469 Washington Blvd,PHOENIX,AZ,United States,28070,Product,Systems Administrator,Sandra Lee,Active,REMOTE,2015-09-28,2021-07-28,4.1,PhD,92573.47,16647.33,0.32,2.0,93.8,10.0,8,52,5,20,6,satisfactory,Citibank,Checking,Charles Smith,325-399-1535,MARRIED,British,Night,FT,,,False,Blue Cross Blue Shield,Transferred from regional branch,2026-06-16 20:21:01
39,EMP-81186,Anthony,Lopez,Anthony Lopez,Female,38.0,1988-10-31, anthony.lopez@enterprise.org ,(982) 936-2425,3538 Park Ave,San Diego,ca,United States,89988,Finance,Accountant,Margaret Johnson,Terminated,Hybrid,2024-01-31,,15.3,Masters,69706.86,6280.69,0.15,2.0,100.0,2.2,5,16,5,9,3,Excellent,TD Bank,Savings,Matthew Clark,601-245-5402,single,Indian,Day,contract,13.0,WS-13-21,False,UnitedHealth,,2026-07-15 20:21:01
40,EMP-86278,James,Ramirez,James Ramirez,Non-Binary,28.0,1998-02-12,james.ramirez@enterprise.org,390-445-9967,  893 Main St,sAN jOSE,CA,US,30707,Engineering,Support Agent,Daniel Robinson,ACTIVE,Hybrid,2015-07-26,2023-01-27,12.9,Master's,75839.6,8022.05,0.22,1.0,94.3,1.9,4,54,5,7,11,EXCELLENT,Chase,Checking,Robert Jackson,,Divorced,American,Shift 2,contract,3.0,WS-03-71 ,True,UnitedHealth,Pending annual review,2026-06-13 20:21:01
41,EMP-27451,Christopher,Perez,,Female,35.0,1991-10-06,christopher.perez@enterprise.org,(202) 243-3017,5252 Oak Ave,San Jose,CA,usa,94491,Operations,Senior Developer,,active,hybrid,2018-10-07,,11.6,bachelor,84464.75,7967.67,0.22,4.0,94.6,33.1,2,67,0,16,5,Excellent,Citibank,CHECKING,Susan Lopez,276-881-8717,Single,American,day,Full-Time,1.0,WS-01-43,True,Cigna,Transferred from regional branch,2026-06-20 20:21:01
42,EMP-75673,Matthew,Wilson,Matthew Wilson,Female,33.0,1993-06-07,matthew.wilson@company.com,954-765-2083,1048 Oak Ave,Phoenix,AZ,United States,89800,FINANCE,Senior Developer,James Garcia,Active,REMOTE,2023-08-08,2022-11-27,11.9,BS,95911.42,17361.79,0.15,1.0,93.3,3.8,5,73,5,7,7,good,Capital One,savings,Betty Jackson,261-361-2685,Single,Canadian,NIGHT,PT,,,True,Blue Cross Blue Shield,,2026-06-07 20:21:01
43,EMP-29671,Jennifer,   Robinson  ,Jennifer Robinson,Non-Binary,40.0,1986-01-17,jennifer.robinson@corp.net,147-510-2129,5462 Main St,Atlanta,ga,US,11044,Sales,Marketing Specialist,Linda Anderson,On Leave,Remote,2024-04-04,2022-10-01,1.8,MS,,10296.92,0.15,,96.9,8.4,5,13,1,21,3,good,Citibank,Savings,Daniel Rodriguez,337-965-9515,Divorced,Indian,NIGHT,Full-Time,,,True,Cigna,High potential,2026-08-01 20:21:01
44,EMP-67014,Nancy,Jones,Nancy Jones,Non-Binary,40.0,1985-03-18,nancy.jones@company.com,(268) 560-8635,7504 Maple Rd,Philadelphia,PA,United States,25717,Sales,Senior Developer,Michael Clark,Active,Onsite,2017-07-26,2024-06-11,4.0,Masters,96148.47,,0.32,4.0,95.3,0.0,2,17,0,5,0,Excellent,Bank of America,savings,Barbara Perez,760-186-5240,Single,American,Day,Part-Time,15.0,WS-15-92,True,UnitedHealth,,2026-07-25 20:21:01
45,EMP-85220,Susan,Clark,Susan Clark,nON-bINARY,46.0,1979-10-14,susan.clark@company.com,(402) 610-7750,6375 Oak Ave,Atlanta,ga,US,94233,Operations,Legal Counsel,Richard Sanchez,On Leave,REMOTE,2022-11-14,,13.3,Master's,55819.84,4296.59,0.22,1.0,100.0,0.0,8,67,2,29,9,Excellent,BANK OF AMERICA,Savings,William Moore,854-157-4594,single,British,Night,Part-Time,,,True,UnitedHealth,,2026-06-05 20:21:01
46,EMP-84403,Charles,Jones,Charles Jones,Prefer Not to Say,47.0,1978-02-08, charles.jones@company.com ,439-728-4300,1075 Main St,dENVER,CO,US,28566,Operations,Data Analyst,Nancy Gonzalez,Active,Hybrid,2019-03-27,,5.0,MS,81088.98,15739.32,0.22,5.0,96.3,24.4,4,75,1,17,4,satisfactory,TD Bank,Savings,Lisa Smith,686-500-1530,Divorced,Mexican,Night,contract,10.0,WS-10-23,True,Blue Cross Blue Shield,Pending annual review,2026-07-15 20:21:01
47,EMP-32005,Christopher,Lewis,Christopher Lewis,Non-Binary,43.0,1982-09-13,christopher.lewis@enterprise.org,(495) 548-7875,5854 Park Ave,Chicago,IL,usa,72847,IT,Systems Administrator,Joseph Williams,Active,Hybrid,2012-06-13,,27.3,Bachelor's,86417.81,15830.85,0.15,5.0,100.0,12.1,10,61,5,5,6,satisfactory,Bank of America,savings,Jennifer Johnson,310-294-7705,MARRIED,British,NIGHT,Contract,5.0,WS-05-40  ,True,Blue Cross Blue Shield,,2026-06-25 20:21:01
48,EMP-88671,Jessica ,Miller,Jessica Miller,Prefer Not to Say,40.0,1985-04-04,JESSICA.MILLER@ENTERPRISE.ORG,556-145-5313,9344 Main St,San Diego,ca,US,97486,Customer Support,Support Agent,Charles Davis,active,remote,2023-09-20,2025-04-28,8.9,bachelor,51948.69,3212.68,0.15,5.0,87.5,1.0,10,18,0,29,7,Excellent,Bank of America,Savings,Robert Johnson,799-545-4308,Married,Mexican,Shift 1,Contract,,,True,Kaiser Permanente,,2026-06-11 20:21:01
49,EMP-46202,Thomas,   Anderson  ,tHOMAS aNDERSON,Male,33.0,1992-04-13,thomas.anderson@corp.net,(770) 597-8750,6681 Main St,New York,NY,U.S.A.,53449,Engineering,Marketing Specialist,James Hernandez,Active,Hybrid,2018-04-15,2021-02-06,8.4,bachelor,121293.17,23789.58,0.24,3.0,85.7,0.0,8,27,3,28,7,Needs Improvement,Wells Fargo,CHECKING,Margaret Garcia,826-618-7609,MARRIED,Mexican,Day,Part-Time,4.0,WS-04-35,True,Blue Cross Blue Shield,N/A,2026-07-18 20:21:01
50,EMP-58280,Anthony,Anderson,anthony anderson,Non-Binary,44.0,1982-05-01,anthony.anderson@enterprise.org,(950) 805-2480,3611 Oak Ave,phoenix,az,U.S.A.,98826,Product,   Systems Administrator,Margaret Smith,Terminated,Hybrid,2018-03-05,2024-03-22,0.5,PhD,65561.36,7867.67,0.32,5.0,100.0,1.4,6,71,5,24,9,Good,Wells Fargo,savings,John Hernandez,755-432-5536,Divorced,Canadian,Night,PT,13.0,WS-13-40,False,Aetna,,2026-07-17 20:21:01
51,EMP-44003,Sandra,Wilson,Sandra Wilson,Female,53.0,1973-12-03,sandra.wilson@enterprise.org,965-274-3967,9259 Oak Ave,PHOENIX,az,US,53992,Marketing,Senior Developer,Susan Sanchez,Active,Hybrid,2018-08-05,2021-04-27,8.6,Bachelor's,85991.53,6808.94,0.32,5.0,88.6,0.9,3,25,2,18,9,good,Bank of America,Savings,Matthew Williams,746-281-6134,Single,Indian,Shift 1,Part-Time,13.0,WS-13-31,True,Blue Cross Blue Shield,Pending annual review,2026-06-25 20:21:01
52,EMP-66283,Richard,Wilson,Richard Wilson,Non-Binary,38.0,1988-06-27,richard.wilson@corp.net,(998) 452-6113,2836 Main St,CHICAGO,IL,US,49085,Legal,Operations Manager,Susan Lewis,Active,Hybrid,2022-12-29,,4.7,MS,,9860.36,0.22,1.0,98.2,12.9,1,48,5,13,12,Needs Improvement,capital one,Checking,Nancy Brown,120-149-2897,single,American,day,Contract,8.0,WS-08-99,True,Blue Cross Blue Shield,Completed leadership onboarding,2026-06-26 20:21:01
53,EMP-89381,Daniel,Jones,Daniel Jones,NON-BINARY,38.0,1987-07-23,daniel.jones@enterprise.org,519-402-3627, 5516 Oak Ave   ,New York,NY,usa,74763,HUMAN RESOURCES,Senior Developer,Elizabeth Rodriguez,Active,Remote,2012-11-19,2024-01-15,10.2,Master's,95960.39,6466.31,0.15,1.0,91.9,0.0,6,56,4,13,11,EXCELLENT,Wells Fargo,Savings,Patricia Gonzalez,567-378-7319,single,Indian,NIGHT,Part-Time,,,True,Blue Cross Blue Shield,Pending annual review,2026-06-07 20:21:01
54,EMP-87430,Jessica,Sanchez,Jessica Sanchez,Male,33.0,1992-05-13,JESSICA.SANCHEZ@ENTERPRISE.ORG,(367) 770-6148,9357 Oak Ave,New York,NY,U.S.A.,97797,Operations,Senior Developer,Susan Perez,On Leave,Hybrid,2020-08-18,,0.5,Bachelors,,11326.36,0.32,4.0,100.0,1.9,4,42,2,6,8,Excellent,Capital One,savings,Anthony Davis,554-920-8341,single,Indian,Shift 1,Full-Time,8.0,WS-08-93,True,Kaiser Permanente,Transferred from regional branch,2026-06-09 20:21:01
55,EMP-76628,Sarah,Miller,Sarah Miller,Female,33.0,1993-09-26,sarah.miller@corp.net,(877) 774-4633,9073 Park Ave,New York,NY,US,23935,Finance,Senior Developer,Susan Brown,Active,Remote,2014-09-16,2024-05-28,4.7,bachelor,110309.08,7298.59,0.15,4.0,97.0,10.8,8,0,4,28,0,Needs Improvement,Citibank,savings,Sandra Taylor,281-808-3845,Married,American,Shift 2,contract,,,False,Cigna,,2026-06-07 20:21:01
56,EMP-42537,William,Gonzalez,wILLIAM gONZALEZ,Prefer Not to Say,41.0,1985-06-08,william.gonzalez@corp.net,666-747-4560,2273 Oak Ave,Houston,TX,US,93476,Human Resources,Operations Manager,Nancy Thompson,ACTIVE,REMOTE,2018-05-31,2024-09-26,16.3,High School,48463.36,5191.91,0.15,2.0,100.0,2.8,5,18,0,27,12,Good,Bank of America,Checking,Barbara Clark,730-988-4675,MARRIED,Indian,Night,PT,,,False,Blue Cross Blue Shield,,2026-06-15 20:21:01
57,EMP-99803, David  ,Moore,David Moore,Non-Binary,50.0,1976-09-09,david.moore@corp.net,(799) 176-4063,7120 Maple Rd,Chicago,il,USA,27048,sales,Product Manager,Robert Johnson,Active,REMOTE,2013-02-20,2023-05-18,4.5,High School,83876.39,14058.08,0.22,2.0,98.9,0.0,9,68,3,7,5,Excellent,Bank of America,checking,Barbara Martinez,870-733-9691,MARRIED,German,Day,Full-Time,,,False,Kaiser Permanente,Transferred from regional branch,2026-08-02 20:21:01
58,EMP-99463,Mark,Hernandez,Mark Hernandez,non-binary,28.0,1998-01-19, mark.hernandez@corp.net ,297-428-9419,8836 Main St,Los Angeles,ca,U.S.A.,37627,Marketing,Support Agent,Michael Moore,ACTIVE,remote,2013-08-13,2021-09-21,,Master's,,2134.55,0.24,5.0,89.9,1.9,7,49,3,25,6,good,wells fargo,Checking,Sarah Smith,733-164-1745,Single,British,day,Full-Time,,,False,UnitedHealth,,2026-07-07 20:21:01
59,EMP-59992,Richard,Clark,rICHARD cLARK,Prefer Not to Say,18.0,2007-10-30,richard.clark@company.com,987-846-7113,784 Main St,New York,NY,USA,61653,human resources,Senior Developer,Barbara Miller,ACTIVE,REMOTE,2015-03-12,,1.5,Masters,105861.35,8172.89,0.15,5.0,100.0,0.0,2,32,0,11,11,Needs Improvement,Citibank,checking,Robert Perez,202-391-2143,Divorced,Indian,Shift 2,Contract,,,False,Aetna,Transferred from regional branch,2026-06-14 20:21:01
60,EMP-51462,Susan,Garcia,Susan Garcia,Female,36.0,1990-05-07,susan.garcia@enterprise.org,(761) 721-2343,3318 Maple Rd,Boston,MA,U.S.A.,92132,Human Resources,  Systems Administrator ,Sandra Johnson,Terminated,REMOTE,2022-08-03,2021-08-31,5.7,bachelor,76170.18,10545.01,0.22,4.0,100.0,19.4,1,30,4,26,2,Needs Improvement,Bank of America,Savings,Charles Jackson,249-853-8921,Single,Canadian,Shift 2,Part-Time,,,True,Aetna,High potential,2026-07-02 20:21:01
61,EMP-57349,Richard,Thomas,Richard Thomas,Male,28.0,1997-10-08,richard.thomas@enterprise.org,487-474-2275,8560 Washington Blvd,Dallas,TX,United States,55224,Legal,Software Engineer,Robert Anderson,Active,REMOTE,2018-04-19,,10.3,Master's,78981.19,13627.67,0.32,3.0,92.0,0.3,4,75,1,25,6,EXCELLENT,bank of america,CHECKING,Charles Garcia,624-140-3406,Divorced,Canadian,day,FT,,,True,UnitedHealth,High potential,2026-06-27 20:21:01
62,EMP-71789,Betty,Thomas,Betty Thomas,Female,44.0,1981-06-21,betty.thomas@enterprise.org,(487) 494-3166,6977 Oak Ave,los angeles,CA,U.S.A.,33255,IT,Legal Counsel,Patricia Williams,Active,REMOTE,2024-02-04,2024-11-02,8.6,Master's,37052.46,5730.03,0.32,4.0,100.0,10.3,10,12,3,9,4,good,Bank of America,Checking,Elizabeth Martin,,Single,Mexican,day,Full-Time,,,True,Aetna,Completed leadership onboarding,2026-07-09 20:21:01
63,EMP-57483,Patricia,Jones,Patricia Jones,Non-Binary,59.0,1967-02-11,patricia.jones@enterprise.org,(672) 668-8925,2362 Main St,Phoenix,AZ,usa,68536,FINANCE,Legal Counsel,David Sanchez,ACTIVE,hybrid,2013-03-02,,0.5,Bachelors,71964.3,12484.97,0.32,1.0,97.9,0.0,1,49,3,24,10,Needs Improvement,Wells Fargo,CHECKING,Mary Harris,,MARRIED,British,Night,Full-Time,13.0,WS-13-86,True,Blue Cross Blue Shield,N/A,2026-08-04 20:21:01
64,EMP-30636,John,Rodriguez,John Rodriguez,Male,40.0,1985-04-03,john.rodriguez@corp.net,935-383-4707,9519 Main St,San Jose,CA,usa,63363,OPERATIONS,Marketing Specialist,Patricia Sanchez,Active,REMOTE,2024-11-22,,4.9,MS,70837.55,11723.27,0.32,4.0,92.5,18.6,5,8,3,25,12,Excellent,TD Bank,checking,Susan Lopez,109-817-5314,Single,Indian,NIGHT,contract,,,False,Aetna,,2026-07-22 20:21:01
65,EMP-85197,William,Garcia,William Garcia,fEMALE,31.0,1994-09-29,william.garcia@company.com,897-209-2964,208 Park Ave,ATLANTA,GA,usa,73214,Customer Support,Operations Manager,Jessica Garcia,Terminated,Hybrid,2020-12-03,,6.2,Bachelors,94040.22,10671.34,0.15,5.0,100.0,21.0,8,15,5,21,7,Good,td bank,Savings,Richard Jackson,470-727-5254,Divorced,Canadian,Shift 1,FT,10.0,WS-10-53,False,Cigna,Completed leadership onboarding,2026-07-12 20:21:01
66,EMP-62506,William,Anderson,William Anderson,Male,46.0,1980-07-22,WILLIAM.ANDERSON@ENTERPRISE.ORG,584-925-1159,8848 Maple Rd,Chicago,il,U.S.A.,49326,it,Data Analyst,Mary Miller,On Leave,hybrid,2014-02-27,2023-10-02,11.1,Master's,58420.1,11086.77,0.15,4.0,92.2,13.9,4,73,4,25,10,Needs Improvement,Bank of America,checking,Barbara Hernandez,599-893-8322,single,Mexican,Shift 1,FT,11.0,WS-11-28,False,Kaiser Permanente,Transferred from regional branch,2026-06-07 20:21:01
67,EMP-19351,John,Garcia,John Garcia,Prefer Not to Say,20.0,2006-01-07,john.garcia@corp.net,(123) 228-4844,3550 Oak Ave,Austin,TX,USA,22524,Legal,Software Engineer,Thomas Harris,Active,Hybrid,2015-06-26,,1.9,MS,61615.95,5367.33,0.22,2.0,100.0,0.0,6,41,3,19,8,Good,Capital One,CHECKING,Jennifer Jackson,746-866-8126,MARRIED,British,Shift 1,FT,9.0,WS-09-39,False,Cigna,N/A,2026-08-04 20:21:01
68,EMP-10012,Thomas,Clark,Thomas Clark,Prefer Not to Say,53.0,1972-01-10,thomas.clark@enterprise.org,293-521-8161,6299 Oak Ave,San Antonio,TX,usa,65343,Operations,Operations Manager,Nancy Rodriguez,ACTIVE,REMOTE,2018-01-11,2020-10-07,5.8,Masters,66841.69,7907.47,0.32,2.0,96.3,23.3,1,23,0,14,4,Excellent,TD Bank,Checking,Linda Williams,605-322-6601,single,British,Shift 2,contract,,,True,Aetna,High potential,2026-07-10 20:21:01
69,EMP-19356,Sarah,Thomas,Sarah Thomas,MALE,51.0,1974-09-12,sarah.thomas@enterprise.org,(852) 889-2539,5213 Maple Rd,Dallas,tx,usa,15529,Operations,Marketing Specialist,Elizabeth Miller,Active,hybrid,2016-11-19,2022-08-24,8.1,Master's,,14994.06,0.32,,93.4,4.9,8,76,1,16,12,EXCELLENT,Bank of America,Checking,Nancy Martin,877-740-1983,Married,German,day,Full-Time,3.0,WS-03-72,False,Cigna,Completed leadership onboarding,2026-06-21 20:21:01
70,EMP-59514,Barbara,White,Barbara White,Non-Binary,35.0,1991-08-04,barbara.white@enterprise.org,713-981-3627,8973 Maple Rd,Los Angeles,CA,US,93627,Finance,Operations Manager,Matthew Martin,ACTIVE,Onsite,2024-02-02,2022-02-16,4.9,PhD,113246.35,8280.54,0.32,3.0,100.0,0.0,3,22,0,11,1,good,BANK OF AMERICA,CHECKING,Christopher Clark,,Married,Mexican,NIGHT,Full-Time,1.0,WS-01-36,True,Blue Cross Blue Shield,N/A,2026-06-05 20:21:01
71,EMP-64519,Anthony,   Lopez,Anthony Lopez,Female,20.0,2005-08-25,ANTHONY.LOPEZ@COMPANY.COM,283-671-7802,7615 Washington Blvd,SEATTLE,WA,US,31864,Operations,Sales Executive,Sarah Martin,Active,Hybrid,2024-05-03,2023-08-22,5.8,MS,99098.46,11355.52,0.22,5.0,89.0,14.0,5,46,3,19,6,EXCELLENT,td bank,checking,Karen Smith,409-106-5920,Married,British,Day,contract,14.0,WS-14-45,True,Cigna,N/A,2026-07-19 20:21:01
72,EMP-58114,Mark,Jackson,Mark Jackson,Female,44.0,1982-05-10,mark.jackson@corp.net,(757) 407-1612,5578 Maple Rd,Seattle,WA,USA,66925,Human Resources,Systems Administrator,Sandra Smith,ACTIVE,remote,2013-03-19,,11.1,High School,74755.06,7402.6,0.22,1.0,90.5,0.6,10,73,4,7,3,good,Wells Fargo,Savings,Robert Hernandez,685-863-1807,Divorced,American,Shift 2,PT,,,False,Aetna,Pending annual review,2026-07-23 20:21:01
73,EMP-73944,Richard,Lee,Richard Lee,female,18.0,2007-11-28,RICHARD.LEE@CORP.NET,456-295-6254,2873 Maple Rd,Philadelphia,pa,US,67961,legal,Accountant,Barbara Jones,active,Onsite,2014-07-09,2022-09-22,16.9,BS,68818.15,,0.15,3.0,99.0,0.0,9,27,1,22,8,Good,Capital One,Savings,Daniel Thompson,,Married,American,Shift 1,Part-Time,13.0,WS-13-99,True,Blue Cross Blue Shield,High potential,2026-07-18 20:21:01
74,EMP-96898,Betty,Robinson,,pREFER nOT TO sAY,44.0,1982-12-28,betty.robinson@enterprise.org,(303) 612-8503,8773 Maple Rd,Dallas,tx,United States,61563,Engineering,Sales Executive,Elizabeth Davis,Terminated,Hybrid,2013-05-22,2024-05-04,14.8,Bachelors,66333.93,12760.49,0.24,4.0,96.0,17.3,10,80,5,12,6,Excellent,Capital One,checking,Sandra Martin,655-234-4387,MARRIED,Mexican,NIGHT,Part-Time,14.0,WS-14-27,True,Aetna,Completed leadership onboarding,2026-06-07 20:21:01
75,EMP-30715,David,Williams,David Williams,Female,33.0,1993-02-27,david.williams@enterprise.org,856-380-3489,4472 Park Ave,Denver,co,USA,40266,Marketing, Sales Executive   ,Jessica Thompson,Active,remote,2023-01-08,2021-11-01,9.2,Bachelors,46038.31,8992.31,0.32,2.0,88.0,16.8,2,22,3,24,7,satisfactory,Wells Fargo,Savings,Susan Gonzalez,722-852-7232,single,Mexican,NIGHT,PT,,,True,Cigna,,2026-08-02 20:21:01
76,EMP-42207,Thomas,Moore,Thomas Moore,MALE,31.0,1994-11-08,thomas.moore@enterprise.org,155-806-9470,1581 Park Ave,aTLANTA,GA,usa,86735,oPERATIONS,Support Agent,James Garcia,ACTIVE,Remote,2022-03-13,,14.8,BS,35000.0,2398.61,0.32,3.0,100.0,23.7,9,78,1,17,8,good,Chase,checking,Charles Ramirez,253-266-3369,Single,Indian,Shift 1,Contract,,,False,Aetna,High potential,2026-07-23 20:21:01
77,EMP-10463,Karen,Harris,Karen Harris,Male,37.0,1988-08-10,karen.harris@enterprise.org,106-350-9967,901 Oak Ave,Phoenix,AZ,United States,95626,Finance,Systems Administrator,Karen Martinez,Active,Onsite,2014-06-11,2021-12-31,3.0,Masters,74629.74,11472.61,0.22,4.0,93.6,0.0,5,41,2,17,1,good,CAPITAL ONE,savings,Robert Brown,381-437-9635,Married,German,Night,PT,1.0,WS-01-23,True,Kaiser Permanente,Completed leadership onboarding,2026-06-27 20:21:01
78,EMP-51482,William,Taylor,William Taylor,Prefer Not to Say,41.0,1985-05-19,william.taylor@corp.net,(221) 124-8616,6893 Washington Blvd ,Austin,TX,United States,11480,Sales,Data Analyst,Thomas Moore,Active,Onsite,2019-06-23,,3.9,Bachelors,85386.93,6754.31,0.32,4.0,100.0,32.7,8,68,2,19,12,good,td bank,CHECKING,Elizabeth Jackson,,MARRIED,German,Shift 1,Contract,2.0,WS-02-29,True,Cigna,Completed leadership onboarding,2026-07-25 20:21:01
79,EMP-84839,Karen,Gonzalez,Karen Gonzalez,Non-Binary,23.0,2002-03-30,karen.gonzalez@company.com,637-409-3867,1617 Washington Blvd,Los Angeles,ca,United States,73263,Finance,Product Manager,Thomas Martinez,Active,Onsite,2023-07-30,2021-06-27,3.8,Bachelors,68135.98,10700.87,0.15,3.0,97.3,33.0,2,42,3,6,1,Needs Improvement,TD Bank,Checking,Charles Harris,314-428-4285,Divorced,Mexican,Shift 1,FT,11.0,WS-11-25,True,Blue Cross Blue Shield,Transferred from regional branch,2026-07-29 20:21:01
80,EMP-37076,Sarah,Lopez,Sarah Lopez,FEMALE,40.0,1985-12-13,SARAH.LOPEZ@COMPANY.COM,208-492-1881,9811 Washington Blvd,Los Angeles,ca,U.S.A.,50952,Marketing,Systems Administrator,John Robinson,On Leave,REMOTE,2014-12-15,,8.1,PhD,76953.52,7430.54,0.32,4.0,91.1,34.8,10,33,2,17,2,satisfactory,TD Bank,checking,,586-215-6758,Married,British,Shift 1,PT,,,True,Cigna,Completed leadership onboarding,2026-07-15 20:21:01
81,EMP-82895,Christopher,Williams,Christopher Williams,Female,60.0,1966-01-29,christopher.williams@company.com,545-680-6606,9507 Washington Blvd,Dallas,tx,USA,88128,OPERATIONS,Product Manager,Richard Williams,ACTIVE,REMOTE,2020-07-01,,10.0,Bachelors,66361.16,11450.95,0.15,2.0,100.0,0.0,10,73,3,11,3,satisfactory,Wells Fargo,checking,Sandra Robinson,452-191-1133,MARRIED,Indian,Night,Contract,,,True,Kaiser Permanente,,2026-07-13 20:21:01
82,EMP-24378,Betty,Martinez,Betty Martinez,Non-Binary,50.0,1976-03-21,BETTY.MARTINEZ@CORP.NET,963-468-7835,2300 Main St  ,Chicago,IL,United States,96235,FINANCE,Systems Administrator,Betty Anderson,ACTIVE,REMOTE,2021-07-19,2025-02-04,17.1,High School,72781.36,7839.08,0.32,,99.9,9.7,9,34,3,22,9,Good,Chase,CHECKING,Jessica Thompson,694-593-2311,MARRIED,British,Shift 2,PT,,,True,Kaiser Permanente,High potential,2026-06-25 20:21:01
83,EMP-96997,Nancy,Williams,Nancy Williams,Non-Binary,,1997-04-09,nancy.williams@enterprise.org,917-401-5738,9335 Maple Rd,chicago,IL,US,16765,Sales,Operations Manager,John Ramirez,Active,Remote,2018-04-20,,5.0,Bachelor's,35000.0,6528.19,0.32,3.0,92.4,8.8,8,23,4,6,5,EXCELLENT,Bank of America,Savings,Anthony Thomas,522-888-7277,single,German,NIGHT,Part-Time,,,True,UnitedHealth,High potential,2026-06-17 20:21:01
84,EMP-25203,Mary,Garcia,Mary Garcia,Female,18.0,2008-04-30, mary.garcia@corp.net ,559-491-6172,5897 Washington Blvd,Dallas,tx,U.S.A.,95467,Customer Support,Data Analyst,Charles Gonzalez,ACTIVE,hybrid,2017-06-03,2022-03-09,9.8,BS,86426.95,,0.15,1.0,99.9,1.8,6,28,5,14,4,Excellent,chase,Checking,Mary Martin,955-322-2995,Single,American,day,Part-Time,7.0,WS-07-94,True,Aetna,N/A,2026-06-23 20:21:01
85,EMP-19924,Christopher,Anderson,Christopher Anderson,Non-Binary,24.0,2001-10-11,christopher.anderson@enterprise.org,(932) 371-3915,6532 Oak Ave,SAN DIEGO,CA,United States,24212,Product,Systems Administrator,Mary Williams,ACTIVE,Hybrid,2021-12-31,,17.2,Bachelors,98588.8,14757.84,0.24,4.0,92.7,43.6,8,61,3,17,11,EXCELLENT,Capital One,savings,Daniel Clark,224-680-9770,Divorced,British,NIGHT,Contract,7.0,WS-07-17,True,UnitedHealth,High potential,2026-06-17 20:21:01
86,EMP-48005,Christopher,Miller,Christopher Miller,Non-Binary,40.0,1986-03-25, christopher.miller@company.com ,344-600-7369,8848 Washington Blvd,Los Angeles,CA,usa,12151,Engineering,Senior Developer   ,Thomas Anderson,active,REMOTE,2015-05-05,2022-08-12,2.5,Bachelors,81818.44,,0.15,2.0,94.6,0.0,1,39,0,19,9,Excellent,CAPITAL ONE,Checking,Patricia Thomas,730-325-2033,single,British,NIGHT,contract,,,False,Kaiser Permanente,Transferred from regional branch,2026-06-12 20:21:01
87,EMP-37948,Matthew,Johnson,mATTHEW jOHNSON,PREFER NOT TO SAY,40.0,1985-06-18, matthew.johnson@corp.net ,727-485-3584,3039 Main St,New York,ny,USA,87821,Product,Product Manager,Michael Jones,Terminated,remote,2021-03-29,,9.4,Bachelors,35000.0,5515.29,0.15,3.0,105.0,0.0,2,67,0,24,5,Needs Improvement,Capital One,Savings,William Johnson,915-252-8772,Married,German,Day,Full-Time,,,False,Cigna,N/A,2026-06-14 20:21:01
88,EMP-69394,Mary,Brown,Mary Brown,Prefer Not to Say,36.0,1989-08-29,mary.brown@corp.net,433-335-2804,3376 Washington Blvd,Philadelphia,pa,usa,19637,legal,Support Agent,Sandra Martin,On Leave,Hybrid,2015-01-22,2022-03-06,7.7,Masters,80187.79,5539.51,0.15,3.0,96.5,81.7,3,43,1,14,9,Excellent,TD Bank,Savings,Charles Moore,188-521-9548,Married,Mexican,Shift 2,FT,5.0,WS-05-11,True,Cigna,Transferred from regional branch,2026-06-06 20:21:01
89,EMP-87564,Robert, Robinson   ,robert robinson,Prefer Not to Say,38.0,1987-04-11,ROBERT.ROBINSON@COMPANY.COM,516-323-3174,360 Washington Blvd,Philadelphia,PA,USA,31207,IT,Software Engineer,Joseph Harris,ACTIVE,remote,2016-02-24,2024-02-26,8.2,Bachelors,65998.69,3999.84,0.24,,98.1,0.0,10,69,4,30,3,satisfactory,Chase,checking,Lisa Robinson,790-472-1844,Divorced,Indian,day,Full-Time,,,False,Kaiser Permanente,,2026-07-22 20:21:01
90,EMP-28141,David,Davis,David Davis,Female,27.0,1998-11-25,david.davis@enterprise.org,(481) 453-8412,8814 Park Ave,San Diego,CA,usa,69241,hr,  Data Analyst ,Patricia Garcia,ACTIVE,Remote,2023-02-17,,7.3,Bachelors,77405.91,15127.92,0.22,4.0,97.6,2.6,5,24,0,5,12,Excellent,Capital One,savings,Charles Hernandez,905-434-8965,MARRIED,Mexican,Shift 2,FT,,,False,UnitedHealth,Pending annual review,2026-07-21 20:21:01
91,EMP-73470,Barbara,Martinez,Barbara Martinez,NON-BINARY,48.0,1978-12-27,barbara.martinez@corp.net,(424) 688-3072,668 Maple Rd,San Diego,ca,U.S.A.,29391,Operations,Legal Counsel,Sandra Smith,On Leave,Remote,2022-04-10,2021-10-01,,High School,58442.14,5826.22,0.32,3.0,93.5,11.1,3,72,5,19,5,satisfactory,Chase,Checking,Robert Perez,415-125-7580,Married,Indian,Shift 1,Full-Time,,,False,Aetna,Transferred from regional branch,2026-06-15 20:21:01
92,EMP-46428,   Michael ,Smith,Michael Smith,Male,53.0,1972-05-31,michael.smith@enterprise.org,(459) 415-8300,6909 Washington Blvd,Boston,ma,usa,65552,pRODUCT,Operations Manager,Robert Miller,active,REMOTE,2019-07-10,,8.6,MS,98585.94,10984.36,0.32,2.0,95.3,8.0,3,25,1,17,4,Needs Improvement,citibank,checking,Anthony Jackson,672-857-8593,Single,Canadian,Shift 1,Contract,,,False,UnitedHealth,,2026-06-07 20:21:01
93,EMP-94513,Linda,Smith,LINDA SMITH,Non-Binary,48.0,1977-09-22,linda.smith@enterprise.org,850-689-1287,5337 Washington Blvd,Boston,MA,United States,27759,Engineering,Support Agent,Barbara Johnson,Terminated,hybrid,2013-09-21,2022-01-20,8.8,BS,54592.34,9873.92,0.24,3.0,93.7,0.0,10,45,1,5,2,Needs Improvement,Wells Fargo,savings,Susan Hernandez,266-204-4569,Married,Canadian,day,PT,12.0,WS-12-77,True,Blue Cross Blue Shield,High potential,2026-06-06 20:21:01
94,EMP-12277,Jessica,Lopez,Jessica Lopez,NON-BINARY,52.0,1973-05-02,JESSICA.LOPEZ@CORP.NET,(233) 180-7960,8034 Washington Blvd   ,Seattle,wa,USA,87748,human resources,Marketing Specialist,Matthew Brown,Terminated,Remote,2016-06-26,,12.4,Bachelor's,66326.99,10740.31,0.24,3.0,93.3,0.1,4,64,4,7,1,Needs Improvement,Chase,Savings,Elizabeth Garcia,650-104-2616,MARRIED,German,Shift 2,Contract,,,True,Blue Cross Blue Shield,Pending annual review,2026-07-11 20:21:01
95,EMP-65586,Michael,Taylor,mICHAEL tAYLOR,Male,48.0,1978-01-05, michael.taylor@corp.net ,494-390-8486,3800 Park Ave,San Jose,CA,usa,66093,Human Resources,Systems Administrator,James Perez,Active,remote,2021-10-28,2020-12-14,0.5,MS,51334.83,7114.16,0.22,1.0,84.8,0.0,7,15,1,18,11,good,Wells Fargo,CHECKING,Charles Rodriguez,920-759-7557,MARRIED,Indian,Shift 2,PT,,,False,Cigna,High potential,2026-07-04 20:21:01
96,EMP-75178,Linda, Lee,,Female,35.0,1990-06-06, LINDA.LEE@CORP.NET ,885-604-8635,4387 Park Ave,Houston,TX,U.S.A.,80848,Engineering,Data Analyst,David Ramirez,On Leave,Onsite,2012-09-26,,11.6,Masters,105047.14,7838.79,0.24,4.0,95.4,5.1,9,69,4,20,7,Needs Improvement,Bank of America,savings,William Thomas,486-731-6779,Divorced,British,Day,Full-Time,10.0,WS-10-15   ,True,UnitedHealth,,2026-07-13 20:21:01
97,EMP-63992,Barbara,Johnson,Barbara Johnson,Male,47.0,,barbara.johnson@enterprise.org,627-531-5368,6288 Park Ave,New York,NY,US,85043,LEGAL,Systems Administrator,Jessica Taylor,ACTIVE,Hybrid,2015-09-27,2024-01-28,9.7,bachelor,74705.63,13230.38,0.22,3.0,99.0,3.0,4,79,5,7,11,Needs Improvement,Chase,checking,John Jackson,586-537-4436,Single,German,Shift 1,PT,13.0,WS-13-48,False,Cigna,N/A,2026-07-06 20:21:01
98,EMP-98022,Matthew, Moore ,Matthew Moore,Prefer Not to Say,41.0,1985-09-21,matthew.moore@enterprise.org,(305) 473-8577,7233 Washington Blvd,Chicago,IL,US,18444,Product,Marketing Specialist,William Perez,On Leave,Remote,2014-07-19,,,Masters,35000.0,4689.08,0.15,2.0,94.6,0.0,5,70,1,25,0,satisfactory,Citibank,Checking,Betty Lewis,716-405-2041,single,British,NIGHT,contract,,,True,Aetna,Pending annual review,2026-06-18 20:21:01
99,EMP-75568,Sandra,Brown,Sandra Brown,Non-Binary,24.0,2002-09-07,sandra.brown@enterprise.org,866-861-4865,3607 Maple Rd,Atlanta,ga,United States,43332,Engineering,Sales Executive,Patricia Hernandez,On Leave,hybrid,2017-07-11,2021-08-16,11.3,Master's,82331.96,4376.86,0.15,1.0,90.3,0.0,9,49,2,25,11,Good,td bANK,Savings,Betty Anderson,502-361-5929,Married,British,Night,Part-Time,15.0,WS-15-66,False,UnitedHealth,High potential,2026-06-05 20:21:01
100,EMP-74447,Jessica,White,Jessica White,Male,32.0,1994-06-03,jessica.white@enterprise.org,564-811-1448,2329 Main St,denver,CO,usa,92352,IT,HR Specialist,Daniel Harris,active,Remote,2021-03-15,2023-08-01,2.7,BS,73746.42,11292.05,0.24,2.0,99.8,11.0,7,73,1,5,0,Needs Improvement,TD Bank,Savings,Sandra Williams,,MARRIED,Indian,day,Contract,,,True,UnitedHealth,Pending annual review,2026-07-28 20:21:01
101,EMP-11850,Daniel,Taylor,Daniel Taylor,mALE,33.0,1992-09-29,daniel.taylor@enterprise.org,(320) 943-5636,2491 Main St,Seattle,WA,usa,44314,Legal,Sales Executive,Christopher Anderson,On Leave,Remote,2019-04-02,2024-06-16,5.6,MS,58690.02,9414.8,0.15,5.0,92.2,0.0,6,77,5,30,9,satisfactory,TD Bank,Checking,William Taylor,409-504-7076,MARRIED,American,day,Part-Time,,,False,Cigna,N/A,2026-07-27 20:21:01
102,EMP-21750,David,Thompson,david thompson,Female,23.0,2002-10-15,david.thompson@enterprise.org,879-370-9470,2578 Park Ave,Philadelphia,pa,usa,96169,legal,HR Specialist,Jennifer Thompson,Active,remote,2012-11-30,2025-06-10,7.0,Bachelor's,76149.48,13709.34,0.15,2.0,83.6,0.0,9,34,4,26,9,Excellent,Capital One,Checking,Thomas Harris,526-178-5033,Single,British,Day,Contract,,,True,Kaiser Permanente,High potential,2026-07-26 20:21:02
103,EMP-13784,John,Anderson,John Anderson,Male,36.0,1990-09-30,john.anderson@enterprise.org,916-682-3118,5394 Main St,Houston,TX,US,81716,PRODUCT,Marketing Specialist,Matthew Ramirez,Active,Remote,2015-08-27,,8.2,BS,85291.78,10544.35,0.24,5.0,100.0,0.9,9,25,3,19,6,good,Wells Fargo,savings,John Harris,477-728-4053,single,American,Day,PT,,,False,Aetna,Completed leadership onboarding,2026-07-26 20:21:02
104,EMP-74922,Thomas,Lee,Thomas Lee,Female,36.0,1989-09-12,thomas.lee@enterprise.org,625-210-9366,4251 Maple Rd,San Antonio,TX,U.S.A.,20717,ENGINEERING,Systems Administrator,Margaret Garcia,Active,Onsite,2021-05-02,2023-05-04,6.9,PhD,87283.33,10255.11,0.24,2.0,98.8,2.0,5,13,3,22,0,EXCELLENT,CITIBANK,Savings,Christopher Thomas,514-989-8974,MARRIED,British,NIGHT,contract,12.0,WS-12-96,False,Aetna,High potential,2026-06-13 20:21:02
105,EMP-12082,Daniel,Miller,Daniel Miller,Prefer Not to Say,32.0,1994-07-06,daniel.miller@enterprise.org,219-270-3497,421 Washington Blvd,Seattle,WA,usa,36389,product,  Software Engineer  ,Lisa Jackson,Terminated,Hybrid,2012-10-30,2025-06-14,1.9,PhD,122482.83,,0.24,5.0,93.4,4.6,8,14,3,24,10,Good,Citibank,Checking,Jennifer Martinez,580-452-8178,Married,Mexican,NIGHT,Contract,15.0,WS-15-87,False,UnitedHealth,Completed leadership onboarding,2026-07-09 20:21:02
106,EMP-98225,Christopher,White,Christopher White,Female,54.0,1972-11-14,CHRISTOPHER.WHITE@COMPANY.COM,(525) 605-5975,5978 Maple Rd,Houston,tx,USA,30788,operations,Data Analyst,Patricia Martin,Terminated,Remote,2022-11-28,,6.8,Master's,86531.14,14322.14,0.22,5.0,96.6,0.0,8,58,0,8,12,Needs Improvement,Capital One,Checking,,207-271-2934,Divorced,Canadian,NIGHT,Contract,,,False,Cigna,Completed leadership onboarding,2026-07-26 20:21:02
107,EMP-94815,Barbara,Hernandez,Barbara Hernandez,mALE,68.0,1957-12-16,BARBARA.HERNANDEZ@COMPANY.COM,469-744-5021,2360 Washington Blvd,Chicago,IL,United States,63648,Operations,Sales Executive,Joseph Jones,ACTIVE,REMOTE,2013-07-24,,13.6,BS,72441.65,,0.22,5.0,90.2,7.6,9,37,3,17,10,satisfactory,Capital One,checking,,386-640-3406,single,German,Night,PT,,,False,Cigna,Pending annual review,2026-07-30 20:21:02
108,EMP-14845,Sarah,Hernandez,Sarah Hernandez,nON-bINARY,29.0,1996-11-15, SARAH.HERNANDEZ@CORP.NET ,706-364-4954,1909 Main St,Boston,MA,U.S.A.,44046,cUSTOMER sUPPORT,Systems Administrator,Joseph Martinez,Active,remote,2019-08-08,2025-12-24,3.5,bachelor,71261.9,6604.58,0.22,4.0,94.8,3.9,10,24,2,19,1,Excellent,TD Bank,savings,John Williams,233-587-4519,Divorced,German,day,FT,,,False,Kaiser Permanente,,2026-07-07 20:21:02
109,EMP-74165,Lisa,Wilson,Lisa Wilson,Female,31.0,1995-06-26, lisa.wilson@company.com ,(672) 478-2945,9467 Maple Rd,San Jose,ca,US,59081,legal,HR Specialist,,Active,Hybrid,2016-11-01,,2.6,Bachelors,108742.83,11124.1,0.32,4.0,99.4,15.6,7,60,5,24,2,Excellent,Capital One,savings,Nancy Anderson,845-433-2463,MARRIED,Indian,Shift 2,Part-Time,15.0,WS-15-60,True,Cigna,Completed leadership onboarding,2026-07-30 20:21:02
110,EMP-31707,Daniel,Smith,Daniel Smith,Male,29.0,1997-09-25,daniel.smith@company.com,614-119-2970,4604 Oak Ave,Austin,tx,USA,85963,Operations,Support Agent,Jessica Ramirez,Active,remote,2016-01-18,2025-12-02,8.0,Masters,122486.59,24125.93,0.24,2.0,100.0,0.0,7,21,0,24,5,Excellent,Chase,checking,Richard Brown,522-431-5225,Single,American,Night,Part-Time,,,True,Kaiser Permanente,,2026-07-18 20:21:02
111,EMP-17947,David,Anderson ,David Anderson,mALE,33.0,1992-05-08,david.anderson@enterprise.org,901-245-7116,7042 Park Ave,Dallas,TX,U.S.A.,10131,IT,  HR Specialist,William Clark,Active,hybrid,2016-10-08,2025-09-21,15.9,BS,67238.62,9041.06,0.32,1.0,91.7,4.5,7,26,4,21,12,Good,TD Bank,checking,Matthew Thompson,351-778-6269,single,Mexican,Shift 1,Full-Time,15.0,   WS-15-98,True,Cigna,Transferred from regional branch,2026-06-20 20:21:02
112,EMP-74091,Matthew,Gonzalez,MATTHEW GONZALEZ,Male,47.0,1979-04-01,matthew.gonzalez@enterprise.org,496-281-1138,253 Oak Ave,Los Angeles,CA,usa,46848,Customer Support,Operations Manager,Margaret Thompson,On Leave,Hybrid,2012-10-28,,17.5,bachelor,,9294.72,0.15,3.0,97.8,1.1,10,77,4,10,1,Needs Improvement,Bank of America,Savings,William Robinson,333-635-5494,Single,German,NIGHT,PT,10.0,WS-10-42,,Cigna,Completed leadership onboarding,2026-06-24 20:21:02
113,EMP-16797,Betty,Hernandez,Betty Hernandez,Prefer Not to Say,33.0,1992-02-14,betty.hernandez@company.com,423-105-7420,3796 Washington Blvd,Houston,TX,USA,42765,Customer Support,Systems Administrator,James Thomas,Active,REMOTE,2019-07-01,2022-10-09,4.9,bachelor,67361.8,11780.07,0.22,1.0,92.9,3.4,8,74,0,7,0,EXCELLENT,Citibank,Checking,Margaret Jones,921-552-1897,single,American,Day,contract,,,True,UnitedHealth,,2026-06-26 20:21:02
114,EMP-63884,Linda,Ramirez,,Prefer Not to Say,38.0,1988-09-27,linda.ramirez@enterprise.org,(629) 436-4153,9813 Oak Ave,LOS ANGELES,CA,USA,26512,Sales,Product Manager,Joseph Garcia,active,Onsite,2013-05-10,,3.8,High School,80409.14,13119.24,0.22,2.0,94.7,0.0,1,66,4,26,10,Excellent,Chase,CHECKING,Betty Johnson,300-305-4297,Divorced,Canadian,NIGHT,FT,12.0,WS-12-98,False,Kaiser Permanente,N/A,2026-07-09 20:21:02
115,EMP-53072,Jennifer,Brown,Jennifer Brown,Male,35.0,1991-04-23,jennifer.brown@company.com,926-857-7158,6044 Main St,Houston,TX,USA,48086,IT,Sales Executive,Jennifer Davis,ACTIVE,Remote,2019-08-15,2022-10-04,3.5,Bachelors,63464.57,5665.37,0.22,4.0,98.8,1.9,4,39,3,12,5,Good,TD Bank,CHECKING,Margaret Martin,999-828-2071,Married,Canadian,Night,PT,,,False,UnitedHealth,Transferred from regional branch,2026-06-25 20:21:02
116,EMP-42053,Sandra,Johnson,Sandra Johnson,Female,43.0,1982-10-14,sandra.johnson@corp.net,(183) 903-8711,6458 Park Ave,Denver,co,U.S.A.,78012,Customer Support,Legal Counsel,Daniel Thomas,Terminated,remote,2012-10-26,,9.0,PhD,115866.41,12674.05,0.32,5.0,100.0,0.0,2,17,0,14,7,Needs Improvement,Wells Fargo,Checking,Joseph Taylor,536-561-8660,Divorced,Indian,Shift 1,Contract,,,,Cigna,Pending annual review,2026-07-31 20:21:02
117,EMP-57067,Mark,Williams,MARK WILLIAMS,Non-Binary,47.0,1978-03-15,mark.williams@corp.net,409-863-5496,4378 Main St,Houston,TX,U.S.A.,46942,Product,Operations Manager,James Thomas,active,Remote,2020-11-30,,4.2,bachelor,63708.86,8114.84,0.32,4.0,90.0,5.5,7,53,1,19,7,Needs Improvement,Chase,CHECKING,Betty Jones,855-109-9188,Divorced,British,Night,FT,,,False,Cigna,Completed leadership onboarding,2026-07-15 20:21:02
118,EMP-86933,James,Jackson,James Jackson,Non-Binary,21.0,2005-09-14,james.jackson@enterprise.org,647-495-4085,5091 Main St,SAN DIEGO,CA,usa,98458,Engineering,Operations Manager,Jennifer Miller,On Leave,Hybrid,2016-08-13,,8.2,Bachelor's,80194.45,,0.24,4.0,90.5,0.0,7,61,5,7,6,Excellent,Bank of America,checking,Susan Clark,586-262-6084,MARRIED,German,NIGHT,FT,5.0,WS-05-35,False,Aetna,Transferred from regional branch,2026-06-29 20:21:02
119,EMP-74350,Joseph,Anderson,Joseph Anderson,Prefer Not to Say,44.0,1981-11-01,joseph.anderson@company.com,542-568-7302,6547 Main St,Atlanta,GA,USA,30700,Operations,Data Analyst,Lisa Lewis,On Leave,remote,2024-05-25,,0.5,Bachelor's,73678.4,12298.88,0.22,3.0,88.9,0.0,8,48,2,28,6,Excellent,citibank,checking,Patricia Thompson,434-786-8606,Single,American,day,contract,,,True,Cigna,Pending annual review,2026-07-18 20:21:02
120,EMP-31150,Jennifer,Clark,JENNIFER CLARK,Male,31.0,1995-01-02,jennifer.clark@corp.net,(813) 148-9566,6499 Maple Rd,Austin,TX,USA,,Product,Accountant,Linda Miller,On Leave,Onsite,2012-04-29,,8.2,Bachelor's,57791.73,10537.91,0.22,2.0,93.1,0.7,6,71,5,11,9,Excellent,Capital One,savings,Patricia Davis,,Divorced,American,Shift 2,Part-Time,8.0,   WS-08-38 ,True,Cigna,N/A,2026-07-04 20:21:02
121,EMP-23344,Daniel,Moore,Daniel Moore,Male,31.0,1995-12-15,DANIEL.MOORE@CORP.NET,804-425-8899,7454 Washington Blvd,Los Angeles,CA,U.S.A.,40464,Engineering,Operations Manager,Patricia Martinez,On Leave,Remote,2013-10-12,,11.8,Masters,97126.58,10330.6,0.22,5.0,98.9,9.1,3,35,2,25,12,EXCELLENT,Capital One,savings,Christopher Clark,124-334-6427,Married,Mexican,Day,contract,,,True,Aetna,Transferred from regional branch,2026-07-02 20:21:02
122,EMP-52157,Jennifer,Anderson ,jENNIFER aNDERSON,FEMALE,18.0,2008-07-16, jennifer.anderson@company.com ,418-268-4236,4775 Park Ave,Houston,TX,US,93309,LEGAL,Sales Executive,Jennifer Thomas,Terminated,REMOTE,2021-09-20,2025-05-28,,MS,86541.44,5407.54,0.24,5.0,94.0,0.0,7,59,2,19,4,good,Capital One,Checking,David Jones,,MARRIED,German,NIGHT,Contract,,,False,Cigna,,2026-07-12 20:21:02
123,EMP-60336,Jessica,Martinez,jessica martinez,Male,41.0,1984-07-17,jessica.martinez@enterprise.org,826-600-7032,4143 Oak Ave,seattle,WA,usa,57371,Engineering,Systems Administrator,Karen Anderson,Active,Hybrid,2017-07-19,2021-10-23,,Bachelor's,76731.8,14389.7,0.15,5.0,94.2,0.0,7,32,5,14,8,Needs Improvement,TD Bank,CHECKING,Elizabeth White,997-845-2456,MARRIED,British,Night,Contract,12.0,WS-12-36,False,Blue Cross Blue Shield,Pending annual review,2026-08-04 20:21:02
124,EMP-22697,John,Harris,John Harris,FEMALE,49.0,1976-05-17,john.harris@company.com,317-290-4292,4349 Washington Blvd,New York,NY,United States,91844,FINANCE,Data Analyst,William Williams,Terminated,Remote,2022-09-19,2021-02-16,,Masters,81752.05,4176.22,0.15,1.0,92.9,2.3,9,34,3,20,12,Good,Capital One,checking,Nancy Lewis,422-936-4925,single,Indian,day,Full-Time,,,False,Blue Cross Blue Shield,High potential,2026-06-21 20:21:02
125,EMP-62665,Lisa,Clark,Lisa Clark,Non-Binary,34.0,1991-09-12,lisa.clark@corp.net,776-292-1051,6001 Main St,Austin,TX,USA,52667,Marketing,Support Agent,Margaret Williams,On Leave,hybrid,2014-04-02,2023-04-18,6.4,BS,85869.66,15579.77,0.15,2.0,100.0,7.4,9,59,1,19,1,good,TD Bank,Savings,Michael Garcia,775-816-2465,Single,Canadian,Shift 1,FT,13.0,WS-13-45,False,Blue Cross Blue Shield,Completed leadership onboarding,2026-07-01 20:21:02
126,EMP-93040, Lisa   ,Thomas   ,Lisa Thomas,Prefer Not to Say,46.0,1979-04-29,LISA.THOMAS@COMPANY.COM,862-218-7025,  127 Maple Rd  ,Chicago,IL,U.S.A.,57844,Finance,Operations Manager,,active,remote,2019-02-01,,6.4,bachelor,99024.28,11721.27,0.22,1.0,93.0,5.8,2,35,5,23,7,satisfactory,Bank of America,savings,Mary Sanchez,947-833-4450,Married,German,NIGHT,Full-Time,,,True,Cigna,N/A,2026-06-23 20:21:02
127,EMP-30865,James,Moore,James Moore,Prefer Not to Say,31.0,1994-10-17,james.moore@company.com,(431) 870-1886,9556 Oak Ave,Boston,MA,United States,73234,Finance,Senior Developer,Christopher Smith,active,REMOTE,2014-04-15,2021-08-27,0.5,MS,96031.86,7224.81,0.24,4.0,90.8,7.0,6,75,3,9,10,satisfactory,Citibank,Checking,Linda Gonzalez,804-710-3826,single,German,NIGHT,contract,,,True,Cigna,N/A,2026-07-07 20:21:02
128,EMP-58145,James,Brown,James Brown,female,41.0,1985-08-09,james.brown@corp.net,(595) 760-8105,8906 Oak Ave,Phoenix,az,USA,12588,Operations,Legal Counsel,Thomas Clark,ACTIVE,hybrid,2014-10-13,2022-04-29,6.9,Bachelor's,91588.11,12810.01,0.32,3.0,83.9,0.0,3,11,4,13,12,EXCELLENT,Chase,CHECKING,Elizabeth Lopez,275-533-1001,Single,Mexican,Shift 1,contract,9.0,WS-09-66,False,Kaiser Permanente,Pending annual review,2026-06-23 20:21:02
129,EMP-15863,Linda,Johnson,Linda Johnson,Female,40.0,1986-09-30,linda.johnson@corp.net,509-567-2364,   8880 Oak Ave ,Phoenix,AZ,United States,58777,Operations,Support Agent,David Sanchez,Active,REMOTE,2017-07-20,,11.9,Bachelor's,45428.28,5043.32,0.15,3.0,100.0,0.0,4,35,0,8,6,Excellent,Citibank,Checking,Jennifer Taylor,413-702-9021,Divorced,German,day,Contract,,,False,Blue Cross Blue Shield,Pending annual review,2026-06-17 20:21:02
130,EMP-61060,Jennifer,Lopez,Jennifer Lopez,Prefer Not to Say,41.0,1984-01-10,JENNIFER.LOPEZ@CORP.NET,853-373-1866,6952 Washington Blvd,Atlanta,GA,United States,56399,Operations,Support Agent,Daniel Lewis,Active,Hybrid,2013-12-13,2024-07-23,5.9,Bachelor's,87655.64,5391.17,0.15,2.0,100.0,0.0,8,1,3,26,8,satisfactory,Bank of America,CHECKING,Nancy Perez,,Married,German,Day,contract,7.0,WS-07-99,False,Kaiser Permanente,Completed leadership onboarding,2026-06-27 20:21:02
131,EMP-68805,Jennifer,Perez,Jennifer Perez,Non-Binary,39.0,1986-02-22,JENNIFER.PEREZ@ENTERPRISE.ORG,795-355-9832,8015 Maple Rd,Boston,ma,US,10292,IT,Marketing Specialist,Christopher Taylor,Active,remote,2022-12-13,,,PhD,65812.78,,0.22,4.0,90.8,2.9,2,67,4,9,6,EXCELLENT,citibank,checking,Linda Thomas,406-473-8017,MARRIED,British,Day,FT,,,False,UnitedHealth,Completed leadership onboarding,2026-07-13 20:21:02
132,EMP-36013,Patricia,Miller,Patricia Miller,MALE,53.0,1973-05-05,PATRICIA.MILLER@ENTERPRISE.ORG,798-831-3087,8322 Washington Blvd,Philadelphia,PA,usa,24139,Finance, Legal Counsel  ,Susan Martin,On Leave,remote,2018-06-29,,10.0,MS,68049.47,4959.06,0.22,3.0,99.1,17.2,4,54,1,20,11,EXCELLENT,TD Bank,CHECKING,Jennifer Miller,705-744-3436,Married,Indian,Day,Contract,,,True,Cigna,High potential,2026-07-30 20:21:02
133,EMP-16678,Richard,Wilson,Richard Wilson,Prefer Not to Say,35.0,1991-10-22,richard.wilson@company.com,528-352-6240,5369 Oak Ave,atlanta,ga,USA,46721,Human Resources,Product Manager,Elizabeth Brown,Active,hybrid,2024-05-17,2021-06-17,3.1,Master's,66114.13,9146.01,0.22,3.0,96.9,2.6,3,80,5,24,1,EXCELLENT,Capital One,Savings,Michael Thompson,201-176-9955,Divorced,German,Shift 2,Part-Time,9.0,WS-09-29  ,False,Cigna,Completed leadership onboarding,2026-06-07 20:21:02
134,EMP-67163,John,Thomas,john thomas,Non-Binary,47.0,1978-02-16,john.thomas@company.com,507-606-9723,8444 Washington Blvd,Boston,ma,usa,61150,Sales,Software Engineer,Michael Jackson,active,REMOTE,2022-03-19,2025-11-20,12.9,bachelor,102718.07,9273.1,0.22,1.0,100.0,7.8,5,17,2,30,0,satisfactory,Bank of America,Savings,,455-747-7047,MARRIED,British,NIGHT,Part-Time,,,False,UnitedHealth,N/A,2026-06-25 20:21:02
135,EMP-11364,Anthony,Lopez,Anthony Lopez,Male,30.0,1996-10-31,anthony.lopez@corp.net,325-432-5403,2650 Washington Blvd,Houston,TX,usa,66872,LEGAL,HR Specialist,Anthony Ramirez,Terminated,remote,2016-01-17,2020-03-27,1.8,BS,39425.6,6036.26,0.22,1.0,100.0,6.2,7,12,5,21,2,satisfactory,Chase,savings,Richard Smith,113-881-1716,Single,British,Night,contract,,,True,Blue Cross Blue Shield,High potential,2026-06-13 20:21:02
136,EMP-54353,Betty  ,Thompson,Betty Thompson,female,39.0,1987-10-05,betty.thompson@company.com,(623) 956-7804,7098 Washington Blvd,chicago,il,United States,95899,Product,Senior Developer,Patricia Thomas,Active,Remote,2014-04-13,2023-02-28,21.2,Master's,70943.08,13372.62,0.15,5.0,95.2,20.6,3,54,1,26,10,Good,Capital One,checking,Mark Brown,611-777-7047,Single,American,Night,contract,,,True,Cigna,,2026-06-15 20:21:02
137,EMP-72709,Anthony,Williams,aNTHONY wILLIAMS,Non-Binary,39.0,1987-01-30,anthony.williams@enterprise.org,912-751-6463,6378 Washington Blvd,Chicago,IL,United States,80614,Operations,Accountant,Charles Thompson,Terminated,hybrid,2016-12-01,2022-08-21,11.6,bachelor,84620.18,4448.75,0.22,1.0,96.1,12.3,3,37,3,9,8,good,Bank of America,Savings,Mary White,812-820-3344,Single,German,Shift 2,Contract,1.0,  WS-01-99 ,True,Aetna,High potential,2026-08-04 20:21:02
138,EMP-84603,Anthony,Clark,aNTHONY cLARK,Non-Binary,40.0,1986-03-31,anthony.clark@corp.net,(757) 132-3843,7543 Park Ave,Dallas,TX,usa,43823,Operations,Accountant,Jennifer Rodriguez,Terminated,remote,2014-10-22,2024-06-28,2.3,bachelor,48171.1,8351.7,0.15,4.0,100.0,13.3,7,21,0,30,5,satisfactory,Citibank,Checking,Patricia Williams,,Divorced,Canadian,day,Full-Time,,,True,Blue Cross Blue Shield,N/A,2026-07-23 20:21:02
139,EMP-93674,Sandra, Johnson  ,Sandra Johnson,non-binary,28.0,1997-10-17,SANDRA.JOHNSON@CORP.NET,232-819-2595,  8327 Oak Ave ,Philadelphia,PA,USA,48026,LEGAL, Systems Administrator   ,Robert Harris,Terminated,REMOTE,2023-09-26,2023-10-30,7.4,BS,76114.5,7919.52,0.32,1.0,100.0,8.9,4,78,4,7,2,Needs Improvement,TD Bank,Checking,Margaret Smith,991-416-9964,Single,Indian,Day,FT,,,False,UnitedHealth,,2026-07-13 20:21:02
140,EMP-21695,John,Garcia,John Garcia,Prefer Not to Say,32.0,1993-05-07,john.garcia@enterprise.org,977-734-3113,6222 Main St,San Diego,CA,US,76314,Engineering,   Systems Administrator ,Robert Ramirez,On Leave,Remote,2024-10-14,,7.3,MS,96419.93,14498.91,0.32,5.0,92.1,0.0,2,50,3,11,6,Good,Chase,CHECKING,Jessica Miller,587-217-5560,MARRIED,Canadian,Shift 2,Part-Time,,,True,Blue Cross Blue Shield,Transferred from regional branch,2026-08-01 20:21:02
141,EMP-57381,Margaret,Wilson,margaret wilson,Prefer Not to Say,46.0,1979-03-27,margaret.wilson@enterprise.org,992-529-9597,1614 Washington Blvd,Houston,tx,USA,48915,Customer Support,Product Manager,Daniel Sanchez,ACTIVE,remote,2019-12-15,2024-05-12,0.5,High School,70402.41,9826.01,0.22,3.0,98.1,4.3,6,1,1,19,2,good,WELLS FARGO,savings,William Taylor,561-952-3059,MARRIED,American,Day,Part-Time,,,True,Kaiser Permanente,Pending annual review,2026-07-22 20:21:02
142,EMP-55624,Michael,Miller,,non-binary,34.0,1992-05-29,michael.miller@company.com,520-460-6770,1957 Oak Ave,Boston,MA,US,58905,IT,Support Agent,Betty Perez,On Leave,hybrid,2018-05-09,2021-02-10,16.3,Bachelor's,69808.17,3662.41,0.15,4.0,87.5,1.5,8,64,4,30,0,satisfactory,Wells Fargo,Savings,Linda Harris,490-217-4204,Single,British,Shift 2,FT,15.0,WS-15-92,,UnitedHealth,Pending annual review,2026-07-18 20:21:02
143,EMP-96334,William,Martinez,William Martinez,prefer not to say,,1989-01-18,william.martinez@corp.net,685-540-4962,945 Park Ave,Dallas,tx,usa,93397,Finance,Sales Executive,Susan Davis,active,Remote,2023-04-23,,1.4,MS,91088.78,13125.69,0.22,3.0,94.2,4.5,10,19,0,24,11,Needs Improvement,Chase,Checking,Lisa White,564-749-6867,Married,British,Night,PT,,,True,Cigna,N/A,2026-07-18 20:21:02
144,EMP-20874,Sandra,Jones,SANDRA JONES,Prefer Not to Say,56.0,1969-05-26,SANDRA.JONES@COMPANY.COM,958-312-7402,8071 Main St,Los Angeles,ca,USA,65038,Customer Support,Product Manager,,Active,hybrid,2024-09-21,2020-05-08,13.6,Master's,69622.23,8534.76,0.15,2.0,89.5,0.0,10,3,4,5,8,Needs Improvement,Bank of America,checking,Patricia Lewis,435-241-4600,Married,British,Shift 1,FT,4.0,WS-04-21,False,Cigna,,2026-07-10 20:21:02
145,EMP-35304,William,Garcia,William Garcia,Male,63.0,1962-11-16,william.garcia@company.com,533-710-5451,7133 Oak Ave,Boston,ma,usa,59015,Human Resources,Legal Counsel,Susan Martinez,ACTIVE,REMOTE,2019-11-25,,8.3,Master's,75278.59,5863.24,0.22,3.0,94.9,0.0,6,1,5,15,3,good,Capital One,Savings,Sarah Williams,716-317-9638,MARRIED,British,NIGHT,PT,,,True,Cigna,Completed leadership onboarding,2026-07-15 20:21:02
146,EMP-51958,Michael,Miller,Michael Miller,Non-Binary,39.0,1986-01-22,michael.miller@corp.net,(572) 391-3147,8742 Main St,Boston,ma,U.S.A.,12132,Human Resources,Marketing Specialist,Matthew Lopez,Terminated,Hybrid,2023-01-28,2024-05-30,7.3,PhD,63526.76,9285.36,0.24,5.0,92.3,0.4,3,13,2,27,11,good,Bank of America,Savings,Lisa Lewis,935-650-1080,Single,British,Day,Full-Time,1.0,WS-01-48  ,False,Aetna,Transferred from regional branch,2026-07-27 20:21:02
147,EMP-51855,Betty,Jones,Betty Jones,Prefer Not to Say,63.0,1962-09-04,betty.jones@corp.net,594-331-2504,9250 Oak Ave,Phoenix,AZ,US,36986,HUMAN RESOURCES,Software Engineer,Joseph Clark,On Leave,Onsite,2019-08-20,,2.5,High School,102771.65,9969.25,0.32,2.0,81.7,0.0,6,49,3,24,8,Excellent,Citibank,checking,Susan Garcia,990-691-2672,Single,German,Day,Part-Time,1.0,WS-01-68,True,Kaiser Permanente,,2026-07-28 20:21:02
148,EMP-82129,John,Lopez,John Lopez,Male,18.0,2007-02-20,john.lopez@corp.net,(280) 708-5520,917 Oak Ave,Dallas,TX,USA,38780,Engineering,Accountant,Karen Thompson,On Leave,remote,2014-04-09,,1.8,Masters,51449.43,3892.37,0.24,5.0,105.0,0.0,10,61,5,14,11,Excellent,Bank of America,Checking,Jennifer Garcia,566-245-1208,single,British,Day,Part-Time,,,False,Aetna,Completed leadership onboarding,2026-08-04 20:21:02
149,EMP-87857,Barbara,Thomas,BARBARA THOMAS,Male,40.0,1985-08-22,barbara.thomas@company.com,(923) 853-6499,4316 Washington Blvd,San Diego,CA,U.S.A.,,Customer Support,Sales Executive,Matthew Perez,active,REMOTE,2022-11-11,,6.7,Bachelors,72002.44,8031.72,0.22,3.0,97.6,3.2,7,46,1,28,1,Excellent,Citibank,checking,Mark Lee,560-997-9632,Divorced,British,Shift 2,PT,,,False,UnitedHealth,N/A,2026-06-28 20:21:02
150,EMP-78167,Daniel,Hernandez,Daniel Hernandez,Non-Binary,26.0,2000-05-25,daniel.hernandez@company.com,738-671-3664,355 Washington Blvd ,Phoenix,az,US,74011,Product,Software Engineer   ,Nancy Harris,Active,hybrid,2018-01-26,,16.8,MS,93713.57,5820.33,0.32,3.0,100.0,0.3,7,12,2,14,9,Good,Bank of America,checking,Margaret Jackson,886-304-5096,MARRIED,Canadian,Shift 1,Contract,2.0,WS-02-48,False,Cigna,,2026-06-21 20:21:02
151,EMP-51059,Thomas,Robinson,Thomas Robinson,Prefer Not to Say,30.0,1995-01-28,THOMAS.ROBINSON@ENTERPRISE.ORG,905-348-9391,4906 Main St,pHILADELPHIA,PA,U.S.A.,61466,Engineering,Legal Counsel,Mary Williams,active,hybrid,2014-05-26,,4.4,Masters,76974.92,11822.5,0.15,5.0,94.3,0.0,4,66,1,22,11,good,Bank of America,Savings,Elizabeth Lee,106-924-8945,Married,American,Day,Full-Time,3.0,WS-03-87,True,Blue Cross Blue Shield,,2026-07-10 20:21:02
152,EMP-17294,Sandra,Brown,Sandra Brown,Non-Binary,43.0,1983-11-05, SANDRA.BROWN@ENTERPRISE.ORG ,(862) 773-4943,7901 Washington Blvd,Chicago,IL,United States,97495,IT,Systems Administrator,Richard Thompson,On Leave,remote,2021-07-12,,2.7,Bachelor's,67986.37,3511.7,0.32,1.0,93.9,0.0,8,35,0,10,5,Needs Improvement,Capital One,CHECKING,Richard Taylor,771-255-6764,MARRIED,British,Shift 2,contract,,,True,UnitedHealth,,2026-07-05 20:21:02
153,EMP-59351,Jessica,Martin,Jessica Martin,NON-BINARY,46.0,1980-08-17, jessica.martin@corp.net ,(850) 262-4796,5402 Oak Ave,Los Angeles,CA,usa,41013,Finance,Support Agent,Susan Robinson,Terminated,Hybrid,2014-07-26,,3.3,PhD,79693.04,11235.12,0.22,3.0,96.3,0.0,10,71,1,11,4,good,Citibank,Savings,Michael White,933-641-4150,Single,German,NIGHT,Full-Time,4.0,WS-04-14,True,Cigna,Transferred from regional branch,2026-07-31 20:21:02
154,EMP-54657,Jennifer,Perez,Jennifer Perez,Female,54.0,1971-12-27,jennifer.perez@corp.net,740-485-2161,1753 Main St,SAN JOSE,CA,US,16747,customer support,Marketing Specialist,William Gonzalez,Active,Remote,2018-06-17,,3.0,High School,61855.33,7732.35,0.15,5.0,90.3,22.7,5,3,0,15,6,Good,Bank of America,Checking,Robert Miller,851-437-2021,Single,Mexican,day,contract,,,True,Blue Cross Blue Shield,,2026-06-26 20:21:02
155,EMP-20563,Mark,Moore,MARK MOORE,Prefer Not to Say,41.0,1985-03-17, mark.moore@company.com ,930-300-9752,   9152 Washington Blvd,San Jose,CA,USA,65945,Human Resources,Sales Executive,David Wilson,Active,Remote,2014-01-23,2022-07-19,1.7,High School,93480.54,,0.22,1.0,94.1,0.0,1,40,2,24,10,Excellent,wELLS fARGO,savings,Jessica Perez,178-178-5099,Married,Indian,NIGHT,contract,,,False,Aetna,,2026-06-05 20:21:02
156,EMP-58094,Matthew,Moore,Matthew Moore,male,32.0,1994-12-24,matthew.moore@enterprise.org,(633) 336-5996,687 Oak Ave,Seattle,wa,United States,95184,HR,Marketing Specialist,Richard Martinez,Active,Onsite,2018-04-05,2024-04-21,13.2,MS,60913.13,3451.48,0.22,4.0,88.0,0.0,6,3,4,29,5,Good,Capital One,Checking,David White,544-986-8004,Single,American,day,FT,12.0,WS-12-96,False,Kaiser Permanente,Transferred from regional branch,2026-07-11 20:21:02
157,EMP-71254,Lisa,Robinson,Lisa Robinson,non-binary,22.0,2004-07-09,lisa.robinson@corp.net,775-356-1202,3029 Washington Blvd,Los Angeles,CA,US,,Engineering,Product Manager,Sarah Miller,Terminated,Onsite,2018-03-14,2023-07-10,11.0,PhD,49391.41,8144.47,0.32,2.0,100.0,8.0,1,29,0,25,0,Excellent,TD Bank,savings,,834-333-1996,Divorced,British,Day,contract,14.0,WS-14-55,True,UnitedHealth,,2026-07-03 20:21:02
158,EMP-20151,Linda,Miller,Linda Miller,Prefer Not to Say,20.0,2005-12-01,linda.miller@enterprise.org,581-401-1510,9786 Main St,Chicago,il,United States,37719,Operations,Senior Developer,Charles Thompson,Active,remote,2012-09-24,2021-09-06,5.3,Bachelor's,94436.45,18301.2,0.32,5.0,94.8,16.1,1,77,3,26,8,Needs Improvement,Citibank,Savings,Anthony Jackson,349-436-4982,Divorced,Canadian,Shift 2,Contract,,,True,Cigna,Completed leadership onboarding,2026-07-09 20:21:02
159,EMP-57432,John,Lopez,John Lopez,Female,34.0,1991-05-09,john.lopez@company.com,241-720-5264,6792 Washington Blvd,Denver,CO,USA,29450,Marketing,Product Manager,Sarah Thompson,ACTIVE,Onsite,2014-11-01,2024-11-02,,BS,81156.04,5669.29,0.32,4.0,86.4,10.0,5,15,2,15,9,Needs Improvement,CAPITAL ONE,Checking,John White,559-518-8368,single,British,Shift 2,contract,3.0,WS-03-33,True,Blue Cross Blue Shield,Transferred from regional branch,2026-06-22 20:21:02
160,EMP-95118,Joseph,Gonzalez,Joseph Gonzalez,mALE,31.0,1994-02-19,joseph.gonzalez@corp.net,430-493-6219,7153 Park Ave,Denver,co,United States,90671,Customer Support,Data Analyst,Jessica Anderson,Active,Hybrid,2017-10-26,2021-03-10,5.9,Masters,49231.05,3989.02,0.22,1.0,95.5,3.2,9,24,0,20,0,Good,Bank of America,CHECKING,Susan White,229-950-8435,Single,German,NIGHT,Full-Time,8.0,WS-08-65,True,UnitedHealth,Completed leadership onboarding,2026-07-13 20:21:02
161,EMP-20363,Lisa,Sanchez,Lisa Sanchez,Male,39.0,1986-02-09,lisa.sanchez@corp.net,776-957-1583,6263 Oak Ave,Austin,tx,U.S.A.,44771,Legal,Senior Developer,Robert Miller,Active,REMOTE,2016-10-20,,3.1,High School,83165.06,,0.24,5.0,86.5,10.5,8,67,5,10,4,Excellent,Wells Fargo,savings,Margaret Lee,465-656-8880,Married,American,Shift 1,FT,,,False,Cigna,High potential,2026-07-15 20:21:02
162,EMP-96587,Patricia,Lopez,Patricia Lopez,Prefer Not to Say,33.0,1992-01-30,patricia.lopez@corp.net,675-890-6295,7066 Washington Blvd,Phoenix,AZ,usa,17160,Marketing,Software Engineer,Susan Davis,Active,REMOTE,2016-08-16,2021-03-27,10.6,Master's,107410.67,14067.05,0.15,4.0,100.0,10.9,9,8,5,6,8,Excellent,Wells Fargo,Savings,Anthony Moore,835-334-5754,Divorced,British,Shift 2,Part-Time,,,True,Blue Cross Blue Shield,High potential,2026-07-02 20:21:02
163,EMP-23437,Thomas,Gonzalez,Thomas Gonzalez,Male,19.0,2007-01-22,thomas.gonzalez@company.com,178-175-9265,341 Park Ave,Seattle,WA,USA,29902,IT,Accountant,Betty Martinez,On Leave,REMOTE,2012-07-10,,1.6,Bachelor's,62503.63,9276.01,0.24,4.0,95.1,1.8,8,36,5,22,8,Excellent,citibank,savings,Lisa Gonzalez,881-659-2774,MARRIED,American,Shift 2,Part-Time,,,False,Kaiser Permanente,High potential,2026-07-14 20:21:02
164,EMP-28844,Margaret,Lee  ,MARGARET LEE,Prefer Not to Say,34.0,1992-08-03,margaret.lee@company.com,445-954-3467,191 Maple Rd,New York,NY,usa,83716,Operations,Systems Administrator,Joseph Thompson,Terminated,hybrid,2013-10-29,2024-10-09,9.0,MS,46312.7,2410.28,0.15,2.0,97.9,0.0,7,63,1,25,12,Needs Improvement,cITIBANK,CHECKING,,220-545-5820,Divorced,Mexican,Shift 1,PT,15.0,WS-15-57,True,Kaiser Permanente,Completed leadership onboarding,2026-06-26 20:21:02
165,EMP-58660,Thomas,Martin,Thomas Martin,FEMALE,22.0,,THOMAS.MARTIN@ENTERPRISE.ORG,105-419-4074,1651 Main St,Houston,TX,US,87916,Customer Support,Accountant,James Robinson,Active,remote,2018-11-09,,4.0,Masters,101826.24,14891.06,0.22,1.0,90.6,0.0,2,16,4,23,10,good,Wells Fargo,CHECKING,Karen Rodriguez,854-992-8756,Single,Canadian,Night,Full-Time,,,True,Cigna,High potential,2026-06-08 20:21:02
166,EMP-16840,Robert,Taylor,Robert Taylor,mALE,43.0,1983-01-30,robert.taylor@enterprise.org,719-962-4504,7263 Park Ave,Chicago,IL,United States,42838,Operations,Systems Administrator,James Ramirez,On Leave,hybrid,2019-10-05,2022-05-25,0.5,bachelor,116626.29,8962.83,0.15,2.0,93.5,0.0,5,42,0,16,4,Needs Improvement,Chase,Checking,Christopher Rodriguez,507-144-5145,Single,Mexican,Day,contract,15.0,WS-15-70,False,Cigna,Completed leadership onboarding,2026-06-17 20:21:02
167,EMP-81511,Margaret ,Brown,Margaret Brown,Male,38.0,1987-02-27, margaret.brown@corp.net ,973-298-1273,2872 Park Ave,Philadelphia,PA,US,58005,Product,Systems Administrator,John Miller,Terminated,Remote,2017-12-24,,8.9,Masters,87151.34,13360.95,0.15,3.0,87.4,0.5,10,11,4,19,1,EXCELLENT,Chase,Checking,Jennifer Hernandez,120-885-3774,Married,German,Shift 1,FT,,,True,Aetna,N/A,2026-06-24 20:21:02
168,EMP-35046,Lisa,Harris,Lisa Harris,NON-BINARY,63.0,1962-08-20,lisa.harris@enterprise.org,(814) 550-5334,8669 Washington Blvd,Los Angeles,CA,US,32344,IT,Legal Counsel,Daniel Wilson,active,hybrid,2018-06-22,,7.5,High School,97985.47,15821.69,0.22,3.0,91.5,1.1,9,80,1,20,2,good,Capital One,CHECKING,Richard Perez,134-430-2713,Single,Canadian,Shift 2,FT,6.0,WS-06-53,True,UnitedHealth,N/A,2026-07-01 20:21:02
169,EMP-34400,Matthew,Smith,Matthew Smith,Prefer Not to Say,39.0,1987-01-18,matthew.smith@enterprise.org,998-339-9306,  6665 Park Ave   ,Los Angeles,CA,U.S.A.,78692,IT,HR Specialist,Margaret Johnson,Active,Remote,2019-10-06,2021-11-08,6.3,BS,114500.55,8680.32,0.22,2.0,94.8,5.7,3,71,2,5,7,Excellent,WELLS FARGO,CHECKING,Nancy Gonzalez,583-784-7165,Married,American,Shift 2,Part-Time,,,False,Aetna,,2026-06-08 20:21:02
170,EMP-47118,Anthony,Perez,ANTHONY PEREZ,Prefer Not to Say,45.0,1980-01-28,ANTHONY.PEREZ@CORP.NET,613-942-1026,3869 Oak Ave,San Jose,CA,USA,15799,PRODUCT,Support Agent,Susan Jones,On Leave,hybrid,2022-10-12,,5.2,MS,87648.15,9617.84,0.15,4.0,99.9,3.2,7,1,1,15,2,Needs Improvement,Capital One,savings,James Thomas,786-511-7921,Divorced,Indian,Shift 1,contract,11.0,WS-11-24,False,Cigna,Completed leadership onboarding,2026-07-01 20:21:02
171,EMP-57823,Patricia,Sanchez,Patricia Sanchez,MALE,20.0,2006-12-26,patricia.sanchez@company.com,545-149-8614,6114 Main St,phoenix,AZ,usa,99966,Product,Marketing Specialist,James Moore,Active,Hybrid,2021-05-09,,13.7,Bachelors,48613.04,,0.32,2.0,93.9,0.0,3,63,3,13,5,good,TD Bank,CHECKING,,434-481-1627,Single,Indian,day,contract,2.0,WS-02-53,False,Blue Cross Blue Shield,Pending annual review,2026-07-19 20:21:02
172,EMP-95576, Lisa   ,Lewis,Lisa Lewis,Female,48.0,1978-08-11,lisa.lewis@enterprise.org,(613) 787-1749,4567 Main St,San Jose,ca,US,12453,Finance,Product Manager,Christopher Hernandez,Active,Onsite,2019-04-13,,8.6,PhD,91333.97,13263.14,0.32,4.0,105.0,10.8,6,56,1,19,11,good,Bank of America,Savings,Nancy Gonzalez,133-776-2287,MARRIED,British,Day,Part-Time,12.0,WS-12-77,False,Cigna,Completed leadership onboarding,2026-07-26 20:21:02
173,EMP-91902,Charles,Garcia,Charles Garcia,Non-Binary,46.0,1979-08-29,CHARLES.GARCIA@CORP.NET,199-505-4576,2706 Washington Blvd,Houston,TX,United States,56140,Product,Marketing Specialist,Barbara Lee,ACTIVE,hybrid,2019-02-16,2025-12-21,10.3,MS,73596.69,8801.21,0.32,2.0,86.7,0.0,9,42,3,25,2,satisfactory,Chase,savings,Susan Wilson,129-733-4673,MARRIED,Mexican,Day,PT,10.0,WS-10-62,False,Aetna,Transferred from regional branch,2026-06-22 20:21:02
174,EMP-21923,Barbara,Smith,Barbara Smith,Female,42.0,1984-01-13,BARBARA.SMITH@COMPANY.COM,430-235-5800,7623 Oak Ave,Los Angeles,ca,usa,68150,Finance,Legal Counsel,Margaret Martin,active,Remote,2017-06-28,2020-10-13,,Bachelors,80431.58,8924.05,0.32,4.0,88.6,0.0,9,15,5,29,9,satisfactory,Capital One,savings,Jessica Clark,399-931-7527,Single,British,Shift 2,contract,,,False,Blue Cross Blue Shield,High potential,2026-07-19 20:21:02
175,EMP-85997,Matthew,Sanchez,Matthew Sanchez,Female,27.0,1998-04-10,matthew.sanchez@corp.net,350-875-5259,4325 Park Ave,Philadelphia,PA,usa,14685,Finance,Software Engineer,Barbara Jackson,Active,Hybrid,2015-07-20,2023-06-02,13.3,PhD,74208.9,5429.58,0.22,2.0,98.4,0.0,4,3,1,23,4,Excellent,capital one,checking,Lisa Taylor,629-515-8814,Married,British,NIGHT,Part-Time,10.0,WS-10-74,False,Cigna,Completed leadership onboarding,2026-07-02 20:21:02
176,EMP-73183,Jennifer,  Thomas,Jennifer Thomas,Male,38.0,1988-04-15,jennifer.thomas@corp.net,901-906-9587,6628 Main St,Atlanta,ga,USA,76508,Operations,Senior Developer,John Sanchez,Terminated,REMOTE,2017-07-24,,8.1,BS,93765.68,13841.79,0.32,2.0,92.4,0.4,2,24,5,7,2,Needs Improvement,WELLS FARGO,Savings,Linda Jackson,588-575-2610,Single,British,NIGHT,Full-Time,,,True,Cigna,High potential,2026-07-29 20:21:02
177,EMP-81089,Charles,Miller,,Prefer Not to Say,23.0,2003-03-30,charles.miller@company.com,100-357-7671,8411 Washington Blvd,San Jose,CA,US,94578,Operations,Marketing Specialist,Thomas Martinez,Active,Remote,2022-12-08,,10.5,High School,54150.3,4032.55,0.32,3.0,100.0,12.9,9,23,1,29,1,Excellent,Bank of America,checking,David Harris,205-801-5916,Married,Mexican,NIGHT,Part-Time,,,False,Cigna,Pending annual review,2026-06-26 20:21:02
178,EMP-96847,Jennifer,Hernandez,Jennifer Hernandez,nON-bINARY,36.0,1989-11-07,jennifer.hernandez@enterprise.org,560-415-7968,1006 Washington Blvd,San Jose,CA,usa,28340,sales,Senior Developer,Nancy Thompson,active,Hybrid,2012-07-12,,5.8,Master's,103939.56,16718.94,0.32,3.0,96.0,3.8,8,75,3,6,12,satisfactory,Citibank,savings,Linda Rodriguez,700-484-1971,Divorced,British,day,Contract,8.0,WS-08-46  ,False,Aetna,Transferred from regional branch,2026-07-23 20:21:02
179,EMP-83641,John,Anderson,John Anderson,Non-Binary,46.0,1979-03-11,john.anderson@corp.net,891-556-4519,5556 Oak Ave,Chicago,il,US,43951,eNGINEERING,Systems Administrator,Richard Sanchez,Active,REMOTE,2013-05-08,2025-09-29,9.4,MS,48010.73,9312.56,0.24,5.0,97.9,0.2,2,72,0,22,12,EXCELLENT,Capital One,CHECKING,Betty Ramirez,579-724-4127,single,British,Shift 2,FT,,,True,Blue Cross Blue Shield,Pending annual review,2026-07-14 20:21:02
180,EMP-69512,Thomas,Harris,thomas harris,non-binary,38.0,,thomas.harris@enterprise.org,(790) 886-6351,5910 Park Ave,Dallas,TX,U.S.A.,29435,FINANCE,Legal Counsel,Betty Johnson,Terminated,Hybrid,2013-07-21,,13.3,bachelor,64654.23,5188.84,0.24,2.0,100.0,6.5,3,56,0,17,0,good,TD Bank,Savings,Richard Johnson,508-303-4369,MARRIED,American,Day,Part-Time,9.0,WS-09-84,True,Aetna,High potential,2026-06-18 20:21:02
181,EMP-89278,Barbara,White,BARBARA WHITE,Non-Binary,47.0,,barbara.white@enterprise.org,463-469-6078,3857 Main St,BOSTON,MA,US,61076,Engineering,Marketing Specialist,,active,Remote,2015-12-23,2021-06-08,9.6,BS,41363.59,6797.82,0.22,3.0,86.2,0.0,3,22,4,9,11,satisfactory,Bank of America,Checking,,308-413-7613,Divorced,Mexican,Shift 1,Full-Time,,,True,Cigna,High potential,2026-07-26 20:21:02
182,EMP-63432,Mary,Moore,Mary Moore,Male,29.0,1997-03-05,mary.moore@company.com,649-550-3202,7902 Washington Blvd,Boston,MA,US,43667,Operations,Operations Manager,Patricia Thomas,active,REMOTE,2016-05-26,,12.0,BS,68992.79,4300.21,0.32,3.0,91.0,0.0,3,38,2,27,7,satisfactory,Capital One,CHECKING,Mark Rodriguez,234-435-7914,Married,Mexican,NIGHT,Full-Time,,,False,Aetna,,2026-06-12 20:21:02
183,EMP-41172,Jennifer,Gonzalez,Jennifer Gonzalez,Prefer Not to Say,27.0,1999-09-29,JENNIFER.GONZALEZ@ENTERPRISE.ORG,445-445-4052,7576 Main St,Phoenix,AZ,U.S.A.,54875,SALES,Sales Executive,James Moore,Active,remote,2014-06-29,,2.7,BS,36326.43,3489.32,0.15,5.0,89.0,11.4,9,24,1,26,3,EXCELLENT,Bank of America,checking,Thomas Martin,676-980-9692,MARRIED,British,day,Part-Time,,,True,Blue Cross Blue Shield,Completed leadership onboarding,2026-06-25 20:21:02
184,EMP-91026,Linda,Clark,Linda Clark,Prefer Not to Say,47.0,1979-02-15,linda.clark@corp.net,239-838-5915,3520 Park Ave,NEW YORK,NY,US,18757,pRODUCT,Product Manager,Matthew Sanchez,Active,remote,2015-07-30,2024-05-20,6.9,bachelor,74010.73,4483.55,0.24,2.0,98.4,9.5,3,26,3,9,10,Good,wells fargo,Checking,Thomas Martinez,890-743-8718,single,British,Day,PT,,,False,UnitedHealth,N/A,2026-08-02 20:21:02
185,EMP-60004,Anthony,Lewis,Anthony Lewis,Prefer Not to Say,49.0,1976-04-15,anthony.lewis@corp.net,990-970-9102,1823 Maple Rd,Boston,MA,USA,46158,Operations,Systems Administrator,,ACTIVE,remote,2017-06-11,2022-06-25,16.1,Masters,43600.79,7287.36,0.32,5.0,95.4,1.9,10,13,4,30,10,EXCELLENT,CAPITAL ONE,Savings,Barbara Jackson,718-531-7451,Single,British,NIGHT,FT,,,False,Kaiser Permanente,High potential,2026-06-13 20:21:02
186,EMP-92328,Lisa,Harris,Lisa Harris,non-binary,31.0,1994-01-30,lisa.harris@enterprise.org,354-383-8307,2731 Oak Ave,denver,CO,US,81732,Product,HR Specialist,Betty Williams,Terminated,REMOTE,2017-02-07,,5.2,Bachelor's,62252.26,6034.65,0.22,4.0,100.0,0.6,6,56,2,29,2,Excellent,wells fargo,Savings,Charles Martinez,817-757-5853,MARRIED,Canadian,Shift 2,PT,,,True,Blue Cross Blue Shield,Completed leadership onboarding,2026-06-09 20:21:02
187,EMP-96925,Richard,Ramirez,Richard Ramirez,PREFER NOT TO SAY,34.0,1991-10-28,richard.ramirez@company.com,351-661-3539,3687 Oak Ave,Austin,tx,United States,67718,mARKETING,Marketing Specialist,James Ramirez,active,remote,2021-04-18,2022-02-26,2.1,High School,90918.13,13100.24,0.32,3.0,100.0,1.7,5,55,2,16,3,Good,Capital One,Savings,David Ramirez,819-352-9819,Single,Mexican,NIGHT,FT,,,False,Kaiser Permanente,Pending annual review,2026-06-20 20:21:02
188,EMP-94536,Sarah,Clark,sarah clark,Prefer Not to Say,32.0,, sarah.clark@enterprise.org ,988-823-3422,9434 Maple Rd,Los Angeles,ca,US,13614,Legal,HR Specialist,Michael Perez,Terminated,hybrid,2018-10-31,,11.2,High School,79058.46,5663.35,0.24,1.0,87.4,9.0,10,15,0,24,1,Needs Improvement,Citibank,Savings,Linda Martin,,single,German,Day,Contract,2.0,WS-02-22,False,Cigna,Completed leadership onboarding,2026-06-11 20:21:02
189,EMP-54996,Jennifer,Brown,Jennifer Brown,MALE,29.0,1996-08-20,jennifer.brown@corp.net,636-363-1334,6213 Main St,Atlanta,GA,USA,,Customer Support,Software Engineer,Charles Jackson,Active,Remote,2016-03-24,2025-08-02,8.8,bachelor,67749.3,4372.87,0.22,5.0,97.9,1.4,3,64,1,19,0,Needs Improvement,Chase,Checking,Margaret Robinson,398-210-6718,MARRIED,Mexican,Night,Full-Time,,,False,Aetna,Transferred from regional branch,2026-06-05 20:21:02
190,EMP-69594,Sandra,Perez,SANDRA PEREZ,Male,40.0,1985-09-03,SANDRA.PEREZ@ENTERPRISE.ORG,591-930-2618,8739 Park Ave,Boston,MA,US,79720,Operations,Marketing Specialist,Joseph Harris,ACTIVE,remote,2021-01-24,2020-12-03,9.7,PhD,88170.89,11831.47,0.24,4.0,100.0,0.9,1,67,0,11,1,Good,Capital One,CHECKING,Sarah Garcia,,Divorced,Indian,Night,Contract,,,True,Cigna,Completed leadership onboarding,2026-06-11 20:21:02
191,EMP-33368,Thomas,Lopez,Thomas Lopez,non-binary,20.0,2005-07-31,thomas.lopez@corp.net,(805) 219-5758,3000 Washington Blvd,New York,NY,US,58730,product,HR Specialist,Karen Perez,On Leave,hybrid,2024-10-17,2023-06-22,1.7,Masters,92682.02,4776.29,0.32,3.0,90.2,6.8,5,76,0,25,11,good,Chase,savings,Robert Perez,172-752-2874,single,American,Night,PT,6.0,WS-06-31,False,Cigna,N/A,2026-07-17 20:21:02
192,EMP-84725,William,Brown,William Brown,Male,32.0,1993-05-11,william.brown@company.com,(953) 497-4022,7242 Park Ave,Los Angeles,CA,United States,28711,Engineering,Legal Counsel,Michael Harris,Active,Onsite,2024-10-03,,9.1,Masters,74671.54,7655.15,0.15,4.0,100.0,6.6,4,23,5,11,5,satisfactory,TD Bank,savings,John Clark,641-394-3639,Divorced,American,Day,contract,2.0,WS-02-62,True,Aetna,Completed leadership onboarding,2026-07-12 20:21:02
193,EMP-15037,Robert,Lewis,Robert Lewis,Prefer Not to Say,50.0,1975-08-18, robert.lewis@company.com ,587-685-7325,8137 Park Ave,Phoenix,AZ,United States,93453,Finance,Sales Executive,Elizabeth Lee,On Leave,Hybrid,2015-08-06,,,Masters,101477.5,12074.79,0.22,4.0,89.3,0.0,7,53,3,19,11,good,Citibank,savings,Barbara Hernandez,508-236-9682,Married,German,Night,PT,4.0,WS-04-94,False,Kaiser Permanente,,2026-07-16 20:21:02
194,EMP-37985,Richard,Jones,Richard Jones,prefer not to say,21.0,2005-07-18,richard.jones@corp.net,(553) 124-4382,2653 Washington Blvd,San Antonio,tx,U.S.A.,35927,Customer Support,Senior Developer,Sandra Thomas,active,REMOTE,2023-11-25,2020-05-24,10.3,Bachelor's,79800.45,4093.79,0.15,3.0,96.5,10.7,4,19,1,14,1,Good,Capital One,CHECKING,Mark Clark,446-820-3870,Single,Mexican,Night,Part-Time,,,True,Kaiser Permanente,Transferred from regional branch,2026-06-30 20:21:02
195,EMP-82393,Christopher,Thomas,Christopher Thomas,Male,46.0,1980-03-31,CHRISTOPHER.THOMAS@COMPANY.COM,274-885-1326,9682 Park Ave,San Jose,CA,usa,12602,IT,Sales Executive,Mark Lopez,Active,REMOTE,2018-09-24,2021-09-04,10.5,bachelor,96333.49,9450.78,0.15,3.0,100.0,0.0,10,53,1,16,4,Excellent,Capital One,CHECKING,,426-270-1852,Divorced,British,Shift 2,FT,,,False,Cigna,,2026-07-27 20:21:02
196,EMP-91811,James,White,James White,prefer not to say,51.0,1975-12-15,james.white@enterprise.org,516-824-6605,3260 Washington Blvd,Chicago,IL,U.S.A.,20919,Human Resources,Legal Counsel,James Sanchez,active,Onsite,2017-06-13,,11.2,BS,71657.64,6129.72,0.15,1.0,95.7,4.1,10,9,1,23,10,good,TD Bank,Checking,Karen Brown,242-304-2329,Single,American,Shift 2,contract,4.0,WS-04-36,True,Aetna,Completed leadership onboarding,2026-06-27 20:21:02
197,EMP-34387,Jessica,Martinez,Jessica Martinez,male,31.0,1994-09-27,jessica.martinez@corp.net,(879) 177-4083,2761 Washington Blvd,Chicago,IL,United States,87635,Product,Marketing Specialist,William Clark,Active,REMOTE,2012-02-27,2022-10-27,10.5,BS,83365.05,4953.34,0.15,5.0,97.0,7.1,8,1,5,26,1,Good,Capital One,checking,Daniel Perez,167-682-5299,Divorced,Indian,Shift 1,contract,,,False,UnitedHealth,,2026-06-18 20:21:02
198,EMP-34941,Linda,Jackson,Linda Jackson,Non-Binary,39.0,1987-02-17,linda.jackson@enterprise.org,529-125-3284,   6644 Maple Rd ,Denver,CO,United States,87717,MARKETING,Support Agent,William Hernandez,On Leave,remote,2015-07-20,,8.2,High School,47802.88,3752.14,0.32,4.0,98.7,10.1,1,45,0,7,5,satisfactory,Citibank,Savings,Linda Taylor,922-321-7821,Divorced,German,Night,Contract,,,False,Cigna,Transferred from regional branch,2026-07-27 20:21:02
199,EMP-79420,Elizabeth,Hernandez,Elizabeth Hernandez,prefer not to say,52.0,1974-03-04,elizabeth.hernandez@enterprise.org,749-587-5596,2182 Maple Rd,Dallas,TX,United States,85009,Marketing,Operations Manager,Anthony Davis,On Leave,Onsite,2019-01-11,2021-01-26,9.1,BS,80331.61,4996.32,0.24,1.0,93.0,7.8,5,18,2,29,0,good,Bank of America,Checking,David Lopez,594-675-3394,Divorced,Indian,Shift 1,PT,15.0,WS-15-78,True,Kaiser Permanente,Transferred from regional branch,2026-06-19 20:21:02
200,EMP-17938,Lisa,Lewis,Lisa Lewis,Prefer Not to Say,37.0,1988-11-01, lisa.lewis@company.com ,531-180-7039,6359 Park Ave,San Diego,CA,usa,68214,Human Resources,Accountant,Joseph Martinez,Active,Hybrid,2012-05-18,,9.4,High School,87157.93,6211.13,0.32,,95.9,1.1,3,41,4,29,0,satisfactory,Wells Fargo,CHECKING,Mary Lewis,840-834-3160,Single,Canadian,Night,Full-Time,9.0,WS-09-30,True,UnitedHealth,N/A,2026-07-09 20:21:02
201,EMP-55032,Matthew,Williams,Matthew Williams,Prefer Not to Say,39.0,1986-04-02,MATTHEW.WILLIAMS@ENTERPRISE.ORG,332-345-1925, 7942 Main St ,Austin,tx,United States,75612,Product,Systems Administrator,Thomas Harris,Active,hybrid,2021-04-22,2020-06-13,10.0,Bachelors,71272.55,,0.15,5.0,93.0,12.3,7,27,1,22,0,satisfactory,TD Bank,checking,Sarah Lopez,263-954-4302,Divorced,British,Night,Contract,15.0,WS-15-43,False,Cigna,Transferred from regional branch,2026-06-23 20:21:02
202,EMP-77083,Matthew,Gonzalez,MATTHEW GONZALEZ,fEMALE,39.0,1986-11-02,matthew.gonzalez@corp.net,574-155-4765,8473 Main St,San Jose,CA,United States,38367,Customer Support,Senior Developer,David Anderson,Terminated,Remote,2023-01-10,2023-03-14,4.5,bachelor,98900.93,,0.15,5.0,105.0,0.0,1,38,3,17,11,Needs Improvement,BANK OF AMERICA,checking,Michael Lee,533-859-7108,single,German,Day,Contract,,,True,UnitedHealth,Pending annual review,2026-06-06 20:21:02
203,EMP-36825,Patricia,Robinson,Patricia Robinson,PREFER NOT TO SAY,32.0,1993-08-29,patricia.robinson@corp.net,(676) 591-2036,6283 Main St,Seattle,wa,usa,32940,IT,  Systems Administrator   ,Jessica Miller,Active,hybrid,2018-02-05,2022-02-09,9.9,PhD,106310.48,,0.32,5.0,94.7,0.0,1,36,2,7,9,Good,Citibank,CHECKING,Jennifer Lopez,480-843-9859,Divorced,Indian,Night,PT,7.0,WS-07-57,False,Aetna,Completed leadership onboarding,2026-07-04 20:21:02
204,EMP-98566,Sarah,Wilson,Sarah Wilson,Non-Binary,32.0,1994-04-07, SARAH.WILSON@CORP.NET ,980-740-3376,9499 Oak Ave,San Jose,CA,United States,36976,PRODUCT,Support Agent,,Active,REMOTE,2012-02-03,,17.4,BS,46039.72,7025.74,0.32,1.0,84.0,1.8,7,66,5,17,3,Needs Improvement,Wells Fargo,Checking,Linda Lee,259-954-4085,MARRIED,American,Shift 2,Part-Time,,,True,UnitedHealth,Pending annual review,2026-07-16 20:21:02
205,EMP-37426, Sarah,Lee,Sarah Lee,male,44.0,1981-05-02, sarah.lee@enterprise.org ,451-497-7142,9821 Main St,Houston,TX,usa,14131,customer support,Senior Developer,Margaret Gonzalez,active,Onsite,2021-06-24,2023-12-08,12.9,PhD,97437.06,10425.29,0.15,4.0,100.0,0.0,2,58,3,28,5,Excellent,Capital One,Checking,David Martinez,820-975-8392,single,American,Day,contract,3.0,WS-03-85,True,Cigna,High potential,2026-07-06 20:21:02
206,EMP-46010,Daniel,Jackson,daniel jackson,Male,35.0,1991-04-08,daniel.jackson@company.com,803-258-2258,2993 Washington Blvd,Houston,tx,usa,99526,Legal,Product Manager,Sandra Brown,Active,Remote,2024-08-15,,2.3,MS,,9363.09,0.15,4.0,98.2,10.2,7,8,0,7,4,satisfactory,Wells Fargo,CHECKING,Sandra Davis,,Single,Mexican,Night,contract,,,True,Kaiser Permanente,N/A,2026-07-05 20:21:02
207,EMP-18758,Margaret,Perez,Margaret Perez,Female,22.0,, margaret.perez@company.com ,372-699-9692,4092 Washington Blvd,New York,NY,US,34728,Legal,Data Analyst,Sarah Lee,active,Onsite,2015-04-11,2025-09-19,4.5,Bachelor's,74088.28,14705.04,0.22,2.0,96.2,22.5,4,33,3,6,12,good,Chase,savings,James Miller,482-500-8369,Married,German,Night,FT,10.0,WS-10-75,True,Kaiser Permanente,N/A,2026-07-31 20:21:02
208,EMP-66720,Karen,Smith,Karen Smith,Male,30.0,1996-04-20,karen.smith@enterprise.org,415-975-8699,9278 Park Ave,Dallas,TX,U.S.A.,85233,CUSTOMER SUPPORT,Product Manager,Sarah Taylor,Active,Hybrid,2018-01-06,2023-03-29,4.7,bachelor,76484.12,14216.23,0.22,3.0,93.9,4.6,7,35,2,24,6,satisfactory,TD Bank,CHECKING,Mark Sanchez,888-804-5833,Divorced,German,day,PT,6.0,WS-06-36,True,UnitedHealth,Completed leadership onboarding,2026-06-27 20:21:02
209,EMP-93026,Anthony,Hernandez,Anthony Hernandez,Prefer Not to Say,37.0,1989-04-15, anthony.hernandez@company.com ,(485) 932-7440,8210 Washington Blvd,NEW YORK,NY,US,82174,Sales,Support Agent,Mary Wilson,On Leave,REMOTE,2014-06-04,2024-05-03,13.6,BS,81854.51,8529.26,0.15,1.0,97.3,14.7,5,16,0,28,10,good,bank of america,CHECKING,Mary Smith,739-836-5541,Married,Canadian,Night,PT,,,False,UnitedHealth,Pending annual review,2026-06-30 20:21:02
210,EMP-86561,David,Harris,David Harris,Male,42.0,1984-09-20,david.harris@enterprise.org,(516) 326-4965,  4678 Main St   ,San Diego,CA,United States,60685,MARKETING,Data Analyst,Joseph Anderson,On Leave,REMOTE,2020-07-11,,11.0,bachelor,56112.62,6942.7,0.24,,96.6,0.3,8,77,1,16,2,satisfactory,Chase,savings,Jennifer Sanchez,323-421-6787,Married,German,Shift 1,Part-Time,,,False,Cigna,High potential,2026-06-29 20:21:02
211,EMP-41991, Christopher,Thompson,Christopher Thompson,Prefer Not to Say,39.0,1986-09-19,christopher.thompson@enterprise.org,272-324-9473,6349 Maple Rd ,San Jose,ca,USA,22108,operations,Data Analyst,William Anderson,Active,remote,2018-03-31,2022-01-31,11.5,Masters,73205.29,4393.55,0.15,5.0,100.0,1.2,3,36,4,20,6,Excellent,bank of america,Savings,Karen Thompson,891-203-5408,Married,Mexican,Day,FT,,,False,Aetna,Transferred from regional branch,2026-07-20 20:21:02
212,EMP-11146,David,Ramirez,David Ramirez,Male,41.0,1985-04-25,david.ramirez@company.com,901-385-8576,2755 Park Ave,Houston,TX,United States,18791,finance,Product Manager,Jessica Perez,Terminated,REMOTE,2021-01-21,2025-03-26,4.2,High School,47834.58,6736.43,0.32,3.0,93.4,6.8,8,16,0,11,1,Needs Improvement,Wells Fargo,Checking,Karen Lewis,,single,Canadian,Day,Part-Time,,,False,Aetna,,2026-06-15 20:21:02
213,EMP-28329,Christopher,Sanchez,,Female,39.0,1987-02-13,christopher.sanchez@enterprise.org,(152) 351-3384,970 Maple Rd,Atlanta,ga,US,60666,PRODUCT,Marketing Specialist,Thomas Moore,active,remote,2013-07-09,,4.6,High School,91812.87,18253.77,0.24,,91.7,3.7,1,57,3,15,12,Needs Improvement,Citibank,checking,Elizabeth Lopez,629-699-3020,single,Indian,day,Full-Time,,,True,Aetna,,2026-06-20 20:21:02
214,EMP-67653,Lisa,White,Lisa White,Prefer Not to Say,35.0,1990-02-15,LISA.WHITE@COMPANY.COM,945-255-7994,109 Main St,Dallas,TX,United States,14910,Legal,Accountant,Jennifer Robinson,Active,Onsite,2022-04-23,2023-11-04,7.9,Master's,71539.3,13832.14,0.24,3.0,91.6,6.5,10,66,5,13,12,Needs Improvement,Bank of America,Checking,Susan Thomas,621-407-9173,single,American,day,Contract,13.0,WS-13-42,True,Aetna,,2026-06-06 20:21:02
215,EMP-22923,Daniel,Moore,Daniel Moore,non-binary,22.0,2004-05-07,daniel.moore@corp.net,546-515-8080,6168 Main St,Chicago,IL,US,73769,Legal,Support Agent,Richard Wilson,Active,Remote,2015-09-12,,11.8,MS,90716.0,5905.52,0.15,2.0,97.1,0.0,3,6,0,20,2,EXCELLENT,Bank of America,checking,Nancy Perez,,Divorced,British,Day,Full-Time,,,True,Kaiser Permanente,High potential,2026-07-23 20:21:02
216,EMP-32273,Mark,Gonzalez,Mark Gonzalez,Male,28.0,1997-03-08,MARK.GONZALEZ@ENTERPRISE.ORG,608-721-4666,2767 Washington Blvd,Seattle,WA,US,57022,Sales,Senior Developer,Susan Sanchez,active,Hybrid,2019-04-29,,7.8,BS,,4406.68,0.22,1.0,89.2,9.6,5,42,5,15,9,Excellent,TD Bank,savings,Patricia Robinson,787-665-5956,Married,Indian,NIGHT,Full-Time,6.0,WS-06-30,False,Blue Cross Blue Shield,N/A,2026-06-13 20:21:02
217,EMP-75223,Joseph,Perez,Joseph Perez,Non-Binary,43.0,1983-11-06,joseph.perez@corp.net,268-356-7812,788 Oak Ave,Los Angeles,CA,United States,89157,Sales,Senior Developer,,Active,hybrid,2019-09-10,2024-03-07,16.9,Bachelor's,57473.63,9980.22,0.22,2.0,95.2,4.3,9,35,4,17,8,Needs Improvement,Capital One,Savings,Susan Harris,919-140-8453,MARRIED,Mexican,Shift 1,PT,13.0,WS-13-68,True,Cigna,,2026-06-27 20:21:02
218,EMP-84959,Linda,Robinson,Linda Robinson,Male,27.0,1999-08-17,linda.robinson@enterprise.org,(941) 560-4915,4583 Park Ave,san antonio,tx,USA,81636,Engineering,Senior Developer,Christopher Sanchez,Terminated,hybrid,2013-02-23,2022-05-24,6.6,High School,110953.73,7476.15,0.32,5.0,98.2,16.1,1,54,0,15,10,Excellent,citibank,Savings,Sandra White,273-773-5789,single,Canadian,Shift 2,Part-Time,12.0,WS-12-30,False,Kaiser Permanente,Completed leadership onboarding,2026-07-31 20:21:02
219,EMP-19991,Robert,Ramirez,ROBERT RAMIREZ,Non-Binary,33.0,1993-04-07,robert.ramirez@corp.net,225-592-5559,2990 Washington Blvd,DENVER,CO,US,81474,Engineering,Operations Manager,Margaret Harris,Active,Remote,2015-04-09,,5.8,High School,80510.21,15994.72,0.24,1.0,91.0,12.3,2,65,3,11,2,Excellent,Capital One,CHECKING,Lisa Thompson,862-332-9099,single,Indian,Shift 1,contract,,,False,Blue Cross Blue Shield,High potential,2026-08-04 20:21:02
220,EMP-84834,Barbara,Smith,Barbara Smith,Male,38.0,1987-03-29,barbara.smith@company.com,(239) 584-9099,2062 Park Ave,Dallas,TX,US,93634,Sales,Support Agent,Betty Brown,Active,hybrid,2015-01-26,2024-04-03,4.8,Masters,88964.47,9946.63,0.24,1.0,97.0,12.5,1,36,2,10,11,EXCELLENT,Bank of America,CHECKING,Karen Ramirez,216-197-5328,Divorced,American,Night,PT,4.0,WS-04-84,True,UnitedHealth,Transferred from regional branch,2026-06-07 20:21:02
221,EMP-20441,Margaret,Thompson,Margaret Thompson,NON-BINARY,32.0,1993-02-11,MARGARET.THOMPSON@ENTERPRISE.ORG,240-170-2545,7787 Maple Rd,san jose,CA,USA,24010,IT,Accountant   ,Daniel Ramirez,active,Onsite,2022-07-19,,13.4,BS,77290.67,13396.51,0.22,,99.8,0.0,4,63,4,12,0,good,Bank of America,savings,Michael Clark,452-239-7627,single,Mexican,Shift 1,Contract,4.0,WS-04-88,True,UnitedHealth,Completed leadership onboarding,2026-08-04 20:21:02
222,EMP-25022,Richard,Jackson,Richard Jackson,Male,36.0,1990-12-30,richard.jackson@company.com,236-323-5530,325 Washington Blvd,Los Angeles,CA,USA,37044,Finance,Data Analyst,David Wilson,Terminated,hybrid,2018-03-03,2022-04-05,14.6,BS,83026.87,8549.84,0.22,4.0,100.0,0.0,1,55,3,10,0,EXCELLENT,TD Bank,checking,Michael Wilson,394-244-5643,single,American,Shift 2,PT,2.0,WS-02-85,False,Cigna,Pending annual review,2026-07-18 20:21:02
223,EMP-72499,Richard,Rodriguez,richard rodriguez,Female,34.0,1992-07-18,RICHARD.RODRIGUEZ@COMPANY.COM,806-201-5453,432 Main St,Boston,MA,usa,24040,Sales,Accountant,Nancy Robinson,Terminated,REMOTE,2023-11-20,2025-07-28,9.0,Bachelors,54368.48,2878.02,0.32,5.0,92.4,0.0,5,54,2,27,12,Good,Capital One,savings,Nancy Clark,678-677-6847,single,Mexican,Night,Part-Time,,,False,UnitedHealth,N/A,2026-07-20 20:21:02
224,EMP-79794,David,Thomas,,MALE,44.0,1981-08-25,david.thomas@company.com,174-205-9987,3679 Maple Rd  ,San Diego,ca,United States,25765,IT,   Accountant,Margaret Rodriguez,Terminated,hybrid,2017-05-29,,13.6,High School,134300.21,21971.37,0.32,2.0,94.5,0.0,9,74,1,23,4,EXCELLENT,Citibank,checking,Matthew Anderson,268-127-2597,MARRIED,American,NIGHT,Contract,4.0,WS-04-32,True,Aetna,Pending annual review,2026-07-23 20:21:02
225,EMP-27383,Elizabeth ,Anderson,Elizabeth Anderson,Non-Binary,28.0,1998-12-06, elizabeth.anderson@company.com ,645-279-7887,2618 Washington Blvd,LOS ANGELES,ca,USA,40049,Finance,Legal Counsel,Mark Perez,Terminated,REMOTE,2019-05-27,2021-10-06,11.8,High School,52443.46,4318.1,0.22,5.0,97.8,11.4,10,27,5,30,12,EXCELLENT,Bank of America,savings,Matthew Moore,193-995-2889,Married,American,Night,contract,,,True,Cigna,Completed leadership onboarding,2026-06-18 20:21:02
226,EMP-27723,Mary,Taylor,Mary Taylor,Male,35.0,1990-03-17,MARY.TAYLOR@CORP.NET,(367) 440-9993,3463 Oak Ave,Chicago,il,usa,38902,Human Resources,Data Analyst,Christopher Moore,active,Hybrid,2022-05-03,,0.5,Master's,,13677.66,0.15,1.0,98.2,13.6,10,10,0,27,3,good,Chase,CHECKING,Christopher Lopez,745-866-1423,Divorced,British,Shift 2,contract,2.0,WS-02-74,False,Blue Cross Blue Shield,Transferred from regional branch,2026-06-27 20:21:02
227,EMP-97574,Charles,Moore,CHARLES MOORE,Female,19.0,2007-09-29, charles.moore@enterprise.org ,126-145-1800,  5758 Maple Rd  ,New York,NY,usa,59508,Marketing,Marketing Specialist,David Lopez,Active,Hybrid,2015-10-26,2024-03-17,3.5,High School,43763.86,6291.17,0.22,2.0,100.0,12.9,10,45,0,29,9,satisfactory,Capital One,Checking,Mary Rodriguez,225-986-7417,MARRIED,American,day,PT,12.0,WS-12-10,False,Aetna,Transferred from regional branch,2026-07-04 20:21:02
228,EMP-42638,Thomas,Miller,THOMAS MILLER,nON-bINARY,48.0,1977-05-25,thomas.miller@corp.net,760-785-6038,2238 Maple Rd,San Antonio,tx,usa,79248,hr,Data Analyst,Mary Clark,ACTIVE,remote,2015-07-07,,7.8,Masters,71547.45,4031.55,0.22,3.0,99.4,0.0,1,10,3,17,4,good,Wells Fargo,CHECKING,Charles Clark,123-890-4700,Divorced,Canadian,day,contract,,,True,UnitedHealth,N/A,2026-07-27 20:21:02
229,EMP-71037,Karen,Clark,Karen Clark,Male,44.0,1981-07-29,karen.clark@company.com,(638) 363-6162,  2416 Main St   ,Atlanta,GA,United States,26223,IT,Accountant,Christopher Perez,Active,Remote,2021-01-30,2022-07-13,0.5,MS,104530.81,16568.56,0.32,3.0,100.0,13.2,7,70,5,21,0,EXCELLENT,Bank of America,Checking,Margaret Smith,442-897-7799,Married,Mexican,day,Full-Time,,,True,UnitedHealth,,2026-07-04 20:21:02
230,EMP-44588,Lisa,Martinez,Lisa Martinez,Male,42.0,1984-02-06, LISA.MARTINEZ@ENTERPRISE.ORG ,172-927-3018,1883 Park Ave,Boston,MA,US,40323,Legal,Software Engineer,Matthew Wilson,active,hybrid,2015-07-15,2025-09-02,4.6,bachelor,81476.0,8170.31,0.15,3.0,93.5,6.8,5,16,4,22,6,satisfactory,Chase,Checking,Matthew Sanchez,604-504-8023,Single,Mexican,NIGHT,Full-Time,2.0,WS-02-26,True,Aetna,High potential,2026-07-22 20:21:02
231,EMP-57359,Richard, Gonzalez,RICHARD GONZALEZ,female,43.0,1982-08-12,richard.gonzalez@enterprise.org,287-546-2782,2436 Park Ave,San Diego,CA,U.S.A.,78746,Sales,Software Engineer   ,Joseph Harris,Active,Remote,2022-09-11,2025-12-05,6.1,Bachelors,90433.97,13273.02,0.15,1.0,80.8,4.5,1,77,0,21,5,Needs Improvement,Capital One,checking,Elizabeth Jackson,116-831-8423,MARRIED,Canadian,Shift 2,PT,,,False,Kaiser Permanente,,2026-06-23 20:21:02
232,EMP-48851,Anthony,Moore,Anthony Moore,prefer not to say,26.0,1999-05-29,anthony.moore@enterprise.org,250-438-2686,9430 Park Ave,phoenix,AZ,US,35487,MARKETING,Accountant,Robert Harris,On Leave,REMOTE,2024-07-22,2020-08-12,9.6,Bachelors,82485.6,9976.36,0.15,4.0,94.6,0.0,8,22,5,11,4,Needs Improvement,TD Bank,CHECKING,Linda Hernandez,716-470-4997,MARRIED,Canadian,NIGHT,PT,,,True,UnitedHealth,High potential,2026-07-09 20:21:02
233,EMP-96977,Patricia,Jones,patricia jones,Female,46.0,1980-07-11, patricia.jones@enterprise.org ,686-487-6647,344 Park Ave,San Antonio,TX,United States,65830,Finance,Legal Counsel,David Robinson,Active,Remote,2017-12-27,,1.8,Masters,97154.41,8820.18,0.15,2.0,91.5,0.0,9,55,4,17,6,EXCELLENT,CHASE,savings,Thomas Miller,784-297-6486,Single,American,Day,FT,,,True,UnitedHealth,High potential,2026-06-27 20:21:02
234,EMP-19589,Betty,White,Betty White,Female,22.0,2004-10-19,betty.white@company.com,376-117-9114,1053 Washington Blvd,San Diego,ca,United States,62850,Product,Operations Manager,James Moore,ACTIVE,remote,2022-08-20,2020-07-14,6.6,Bachelor's,35000.0,3133.62,0.24,1.0,96.3,17.7,2,16,2,16,11,Excellent,Bank of America,savings,Patricia Anderson,181-575-1174,Married,German,Day,Full-Time,,,,Blue Cross Blue Shield,Pending annual review,2026-07-20 20:21:02
235,EMP-77278,Nancy,Hernandez,Nancy Hernandez,MALE,22.0,2004-11-14, nancy.hernandez@enterprise.org ,985-692-6292,804 Main St,nEW yORK,NY,U.S.A.,47324,Marketing,Systems Administrator,Patricia Gonzalez,Active,Remote,2022-05-22,2025-08-08,5.9,BS,105015.2,6434.99,0.15,4.0,99.3,1.8,2,80,1,13,8,good,Bank of America,checking,Lisa Clark,848-803-8175,single,Canadian,day,Part-Time,,,True,Aetna,Transferred from regional branch,2026-07-15 20:21:02
236,EMP-63533,James,Hernandez,james hernandez,Prefer Not to Say,46.0,1979-05-02,james.hernandez@corp.net,514-630-3400,6262 Park Ave,Boston,MA,USA,96364,Finance,Sales Executive,Jennifer Williams,ACTIVE,hybrid,2020-03-17,,14.1,PhD,99290.19,15192.6,0.22,1.0,94.6,0.0,10,17,2,23,6,good,Capital One,CHECKING,Charles Moore,374-340-8044,MARRIED,British,day,Full-Time,3.0,WS-03-26,True,Blue Cross Blue Shield,Transferred from regional branch,2026-07-21 20:21:02
237,EMP-96810,Anthony,Moore,Anthony Moore,Non-Binary,41.0,1985-09-12,anthony.moore@corp.net,(186) 390-6681,7331 Main St,San Diego,CA,USA,33467,Operations,Support Agent,Sarah Harris,Active,Onsite,2022-02-19,,14.5,Bachelor's,68933.83,10309.32,0.32,4.0,96.9,1.2,7,64,3,27,2,Excellent,Wells Fargo,Savings,,758-644-6214,Single,Indian,NIGHT,Part-Time,11.0,WS-11-90,False,UnitedHealth,High potential,2026-06-10 20:21:02
238,EMP-57232,Matthew,Gonzalez,Matthew Gonzalez,Male,37.0,1989-07-08,matthew.gonzalez@corp.net,(636) 502-8547,4919 Oak Ave,San Jose,ca,U.S.A.,93092,Operations,Marketing Specialist,Anthony Ramirez,Active,REMOTE,2024-11-03,2023-10-25,7.8,Masters,89552.59,13619.11,0.24,4.0,95.3,0.4,10,21,3,23,3,satisfactory,Bank of America,CHECKING,Margaret Perez,328-981-9265,single,British,Shift 1,Full-Time,,,False,Cigna,Transferred from regional branch,2026-06-26 20:21:02
239,EMP-52000,Matthew,Thomas,matthew thomas,Non-Binary,36.0,1990-11-23,matthew.thomas@corp.net,713-595-3700,9635 Oak Ave,New York,NY,US,14940,Customer Support,Marketing Specialist,Anthony Hernandez,Active,hybrid,2015-11-22,,2.8,MS,71200.11,12593.97,0.22,4.0,97.2,0.0,10,34,1,27,10,EXCELLENT,Wells Fargo,Checking,Mary Harris,567-492-9670,Single,German,day,PT,8.0, WS-08-81 ,False,Aetna,Transferred from regional branch,2026-06-11 20:21:02
240,EMP-55654,Richard,Garcia,Richard Garcia,Prefer Not to Say,32.0,1994-08-21,richard.garcia@enterprise.org,241-604-6535,8969 Maple Rd,Dallas,TX,US,65307,Customer Support,Operations Manager,Thomas Jones,Terminated,Onsite,2013-11-10,2024-10-19,8.0,Bachelors,77786.85,13818.99,0.15,2.0,97.3,0.0,4,9,1,9,10,EXCELLENT,Wells Fargo,Checking,Michael Smith,592-134-9548,single,Mexican,NIGHT,Part-Time,11.0,WS-11-22,False,Kaiser Permanente,Transferred from regional branch,2026-06-28 20:21:02
241,EMP-91259,Daniel,Thomas,Daniel Thomas,Prefer Not to Say,36.0,1990-03-28,daniel.thomas@enterprise.org,(475) 966-9442,3526 Main St,Seattle,WA,US,32658,Human Resources,Data Analyst,Karen Jones,ACTIVE,Onsite,2018-11-02,2020-08-29,13.4,Bachelors,35000.0,4477.85,0.32,2.0,100.0,11.0,9,21,3,17,8,satisfactory,Chase,Savings,Margaret Garcia,591-575-6256,Divorced,Mexican,NIGHT,Contract,8.0,WS-08-27,True,Kaiser Permanente,High potential,2026-06-16 20:21:02
242,EMP-97789,Lisa,Anderson,LISA ANDERSON,Male,49.0,1977-03-26, lisa.anderson@corp.net ,303-553-4559,579 Maple Rd,Atlanta,GA,United States,30341,IT,Accountant,Mark Garcia,ACTIVE,remote,2019-05-02,2020-11-04,2.8,bachelor,87255.48,6245.83,0.24,3.0,89.7,35.0,9,26,2,22,4,Good,cITIBANK,savings,Lisa White,324-265-7440,Single,Mexican,Shift 1,Contract,,,False,Cigna,Transferred from regional branch,2026-07-28 20:21:02
243,EMP-33653,Mark,Anderson,mark anderson,Female,40.0,1985-12-06,mark.anderson@corp.net,215-319-9033,9247 Park Ave,Seattle,WA,U.S.A.,,hr,Support Agent,Lisa Ramirez,Active,Remote,2012-11-04,2022-12-22,4.7,PhD,96461.75,18420.24,0.32,3.0,94.2,1.9,6,65,2,10,3,satisfactory,Capital One,Checking,Margaret Clark,909-933-1662,Divorced,British,Night,FT,,,True,Kaiser Permanente,N/A,2026-07-31 20:21:02
244,EMP-55467,Anthony,Ramirez,Anthony Ramirez,male,46.0,1980-08-14,anthony.ramirez@corp.net,194-410-4257,3259 Main St,San Diego,CA,U.S.A.,35733,IT,  Product Manager,Patricia Jones,ACTIVE,Remote,2015-05-28,,10.5,PhD,78008.38,12707.49,0.15,5.0,96.8,0.0,7,51,0,9,2,EXCELLENT,Chase,Checking,Joseph Jones,777-860-9669,Married,Canadian,day,contract,,,True,Kaiser Permanente,Pending annual review,2026-07-14 20:21:02
245,EMP-37315,Sarah,Smith,Sarah Smith,MALE,62.0,1963-06-30,sarah.smith@enterprise.org,637-243-6523,2559 Park Ave,boston,MA,United States,,IT,Sales Executive,Barbara White,active,Onsite,2012-01-11,2022-05-29,7.7,Master's,79021.98,12183.93,0.15,1.0,100.0,0.0,4,54,2,22,5,Needs Improvement,Wells Fargo,Savings,,,single,American,Shift 2,Full-Time,6.0,WS-06-88,True,UnitedHealth,High potential,2026-06-26 20:21:02
246,EMP-18063,Joseph,White  ,jOSEPH wHITE,Non-Binary,49.0,1976-04-19,joseph.white@enterprise.org,746-757-1124,4191 Main St,Houston,TX,USA,90758,Product,Operations Manager,Christopher Anderson,active,Hybrid,2013-06-15,,13.9,Master's,87774.6,9986.6,0.22,3.0,89.3,5.0,5,59,3,5,1,EXCELLENT,capital one,Checking,Margaret Sanchez,139-312-1436,single,Mexican,Night,Full-Time,8.0,WS-08-61,True,Cigna,,2026-07-29 20:21:02
247,EMP-97843,Barbara,Anderson,BARBARA ANDERSON,Non-Binary,30.0,1995-07-20,barbara.anderson@enterprise.org,334-440-2305,4614 Washington Blvd,New York,ny,U.S.A.,62509,marketing,Operations Manager,Barbara Moore,ACTIVE,Hybrid,2022-01-08,2024-10-25,9.5,PhD,,,0.22,2.0,93.7,15.3,8,32,3,17,6,Excellent,Chase,Checking,Thomas Davis,,Single,British,Shift 2,FT,7.0,WS-07-22,False,Blue Cross Blue Shield,High potential,2026-08-01 20:21:02
248,EMP-68580,Charles,Thomas,charles thomas,Non-Binary,54.0,1972-07-19,charles.thomas@corp.net,813-376-1049,   5288 Oak Ave,Philadelphia,PA,USA,87286,IT,Support Agent,Thomas Thomas,ACTIVE,Onsite,2016-06-15,2024-12-03,10.3,MS,70116.87,9359.29,0.32,4.0,99.8,4.0,1,62,3,23,4,Excellent,Bank of America,checking,Susan Garcia,805-627-5736,Single,Mexican,Shift 2,Full-Time,2.0,WS-02-43,False,Aetna,High potential,2026-08-01 20:21:02
249,EMP-77576,Joseph,Clark,Joseph Clark,Female,48.0,1978-10-08,joseph.clark@corp.net,658-918-2371,9464 Park Ave,Houston,TX,U.S.A.,86639,Finance,Data Analyst,James White,Terminated,hybrid,2018-07-01,2025-09-12,10.8,Bachelor's,89429.33,16921.05,0.24,5.0,98.2,5.7,6,66,4,28,3,Needs Improvement,Citibank,checking,,276-163-1420,Single,Indian,Shift 2,Contract,8.0, WS-08-95,True,Cigna,High potential,2026-06-23 20:21:02
250,EMP-21014,Sandra,Garcia,Sandra Garcia,Female,36.0,1990-06-01,sandra.garcia@corp.net,968-588-1819,4337 Main St,phoenix,AZ,USA,65511,product,Legal Counsel,Jennifer Thomas,active,hybrid,2024-05-28,2023-09-27,8.6,Master's,71538.56,13567.4,0.32,2.0,95.1,3.9,7,36,4,17,6,Needs Improvement,Bank of America,CHECKING,Susan Smith,623-419-3485,Single,Canadian,day,Contract,2.0,  WS-02-59 ,False,Kaiser Permanente,,2026-06-15 20:21:02
251,EMP-39098,William,Moore,william moore,PREFER NOT TO SAY,25.0,2001-05-06,william.moore@corp.net,738-953-2038,9709 Oak Ave,Los Angeles,ca,USA,88602,Finance,Accountant,Patricia Davis,ACTIVE,remote,2012-01-04,,0.5,Bachelors,57296.73,5625.54,0.32,3.0,100.0,6.0,6,35,2,20,2,Good,Chase,savings,,297-813-5737,MARRIED,Indian,Shift 2,Full-Time,,,False,Cigna,,2026-06-21 20:21:02
252,EMP-43907,Karen,Moore,Karen Moore,Male,31.0,1995-07-19,karen.moore@enterprise.org,207-906-4710,6269 Maple Rd,Boston,ma,usa,90801,IT,Accountant,Charles Gonzalez,Terminated,remote,2018-12-27,2024-04-10,1.4,Bachelor's,107840.3,14909.23,0.15,1.0,100.0,9.7,3,7,5,29,7,Good,Bank of America,savings,,216-172-8773,Single,Canadian,day,PT,,,False,UnitedHealth,Pending annual review,2026-06-20 20:21:02
253,EMP-94884,Robert,Brown,robert brown,prefer not to say,,2008-11-02,robert.brown@enterprise.org,356-283-1769,9221 Park Ave,Phoenix,AZ,US,75208,Customer Support,Marketing Specialist,Anthony Sanchez,Active,remote,2020-03-02,2024-12-19,4.6,Bachelors,76182.84,12751.3,0.24,2.0,100.0,6.5,7,16,1,30,5,Good,Citibank,Savings,Betty Lee,528-444-5738,single,German,Shift 1,PT,,,False,Blue Cross Blue Shield,High potential,2026-06-22 20:21:02
254,EMP-65770,Jennifer,Ramirez,Jennifer Ramirez,Prefer Not to Say,24.0,2002-12-12,jennifer.ramirez@enterprise.org,499-128-2698,1612 Maple Rd,Los Angeles,CA,USA,75976,Sales,Legal Counsel,Mary Smith,Terminated,Onsite,2014-06-06,2025-10-15,0.5,PhD,95451.41,18970.54,0.15,2.0,100.0,9.4,1,34,3,9,11,good,Wells Fargo,savings,John Jones,268-154-4340,Married,German,Shift 2,Contract,4.0,WS-04-65,False,Kaiser Permanente,High potential,2026-07-13 20:21:02
255,EMP-93303,Jennifer,Lopez,jENNIFER lOPEZ,Female,44.0,1982-01-06,jennifer.lopez@enterprise.org,412-768-7019,3324 Main St,Phoenix,AZ,United States,35368,Legal,Legal Counsel,Lisa White,ACTIVE,REMOTE,2013-11-26,2024-06-18,10.9,bachelor,69946.29,10265.3,0.22,4.0,97.0,26.2,9,48,5,10,1,good,Wells Fargo,CHECKING,Mary Sanchez,721-902-7341,Single,British,Shift 1,contract,,,True,Kaiser Permanente,Pending annual review,2026-07-01 20:21:02
256,EMP-75934,Anthony,Jones,Anthony Jones,non-binary,30.0,1996-12-17, ANTHONY.JONES@CORP.NET ,551-585-9276,5758 Oak Ave,Phoenix,az,usa,43343,Customer Support,   Support Agent   ,John Thomas,Active,remote,2024-05-22,,6.6,Master's,41140.86,5733.53,0.32,5.0,94.5,3.4,7,79,4,23,6,Needs Improvement,Capital One,Savings,Mark Lewis,713-162-6014,Divorced,Indian,day,contract,,,True,Blue Cross Blue Shield,N/A,2026-06-22 20:21:02
257,EMP-28026,William,Gonzalez,William Gonzalez,Prefer Not to Say,47.0,1978-05-16,william.gonzalez@corp.net,(341) 343-2690,8291 Main St,Chicago,IL,U.S.A.,30593,IT,HR Specialist,,Terminated,REMOTE,2016-10-03,,4.9,Bachelor's,,3106.15,0.15,1.0,97.0,9.4,2,5,0,21,10,Needs Improvement,TD Bank,savings,Daniel Gonzalez,660-185-5841,single,American,Shift 1,Full-Time,,,True,UnitedHealth,N/A,2026-06-24 20:21:02
258,EMP-21147,Charles,Taylor,Charles Taylor,FEMALE,28.0,1998-08-26, charles.taylor@corp.net ,(891) 117-8488,6163 Maple Rd,Boston,MA,USA,87113,human resources,Software Engineer,Mark Perez,Active,Onsite,2013-08-27,,12.7,Master's,55350.25,3486.03,0.22,,93.9,2.0,7,78,4,13,12,Needs Improvement,citibank,CHECKING,James Lopez,878-299-8043,Married,British,day,Part-Time,7.0,WS-07-78,False,Kaiser Permanente,,2026-07-02 20:21:02
259,EMP-40681,Sarah,Wilson,SARAH WILSON,Prefer Not to Say,28.0,1997-02-01,sarah.wilson@corp.net,683-565-7177,1525 Oak Ave,New York,ny,USA,56990,Operations,HR Specialist,Elizabeth Williams,Active,REMOTE,2020-04-07,2020-10-25,10.8,Master's,111932.53,10874.6,0.32,4.0,96.1,1.1,3,62,2,17,9,Excellent,CHASE,CHECKING,Robert Rodriguez,829-706-7599,single,British,Night,Part-Time,,,True,Cigna,N/A,2026-07-31 20:21:02
260,EMP-68887,Mary,Sanchez,Mary Sanchez,Non-Binary,22.0,2004-07-20,mary.sanchez@enterprise.org,(545) 898-9286,6115 Washington Blvd,chicago,IL,United States,,ENGINEERING,Support Agent,Daniel Lewis,Active,Onsite,2022-04-21,,10.2,Masters,74607.24,8990.2,0.22,5.0,97.8,16.4,5,0,0,7,7,Needs Improvement,TD Bank,CHECKING,Jennifer Garcia,834-563-4938,single,American,Shift 2,PT,15.0,WS-15-57   ,True,Kaiser Permanente,N/A,2026-06-26 20:21:02
261,EMP-33330,Betty,Anderson,BETTY ANDERSON,Female,32.0,1993-02-14,betty.anderson@company.com,940-683-3230,9826 Maple Rd,houston,TX,usa,10603,Sales,  Systems Administrator  ,Daniel Martinez,ACTIVE,Remote,2024-09-22,2024-08-19,8.3,bachelor,84439.23,9441.89,0.24,3.0,95.7,9.2,2,79,5,21,2,good,Bank of America,CHECKING,John Miller,,Divorced,American,Night,Contract,,,False,Aetna,High potential,2026-07-17 20:21:02
262,EMP-37962,Mark,Sanchez,Mark Sanchez,Female,38.0,1988-03-06,mark.sanchez@enterprise.org,863-539-8336,5008 Park Ave,Houston,tx,US,81717,Finance,Accountant,Margaret Robinson,active,Hybrid,2021-02-07,2020-07-13,8.2,Bachelors,60960.17,7111.01,0.15,4.0,91.7,9.4,6,50,1,11,9,Excellent,TD Bank,CHECKING,Mary Moore,,Divorced,German,Day,contract,10.0,WS-10-23,True,Blue Cross Blue Shield,,2026-06-05 20:21:02
263,EMP-60842,Patricia,Martin,Patricia Martin,Male,49.0,,patricia.martin@corp.net,374-815-2362,2315 Oak Ave,Austin,tx,USA,51123,IT,   Software Engineer ,David Brown,active,hybrid,2016-02-08,2023-11-22,6.5,Masters,69493.54,12758.29,0.32,3.0,98.8,0.0,8,24,1,19,9,Needs Improvement,Chase,CHECKING,Nancy Lopez,,single,British,NIGHT,PT,4.0,WS-04-48,True,Kaiser Permanente,,2026-06-05 20:21:02
264,EMP-14119,Mark,Miller,Mark Miller,male,45.0,1981-09-20,mark.miller@company.com,278-658-6884,9391 Maple Rd,Philadelphia,pa,US,57362,engineering,Product Manager,Charles Smith,On Leave,REMOTE,2021-08-11,2020-08-28,4.5,MS,91058.03,,0.22,4.0,92.2,0.0,4,24,4,14,4,Needs Improvement,TD Bank,checking,,502-602-8511,Married,British,Shift 1,Full-Time,,,True,UnitedHealth,,2026-07-11 20:21:02
265,EMP-51039,William,Jones,William Jones,Female,56.0,1970-11-09,william.jones@corp.net,(438) 976-2560,752 Washington Blvd,los angeles,CA,U.S.A.,16081,Engineering,Legal Counsel,Susan Taylor,Active,Remote,2014-08-13,,3.9,bachelor,79789.55,,0.24,4.0,91.1,6.0,9,57,2,23,2,EXCELLENT,Bank of America,CHECKING,Matthew Wilson,504-147-4783,Married,Indian,NIGHT,Part-Time,,,True,Aetna,,2026-07-02 20:21:02
266,EMP-34449,John,Rodriguez,,female,26.0,1999-04-04,john.rodriguez@company.com,(293) 541-3756,1206 Maple Rd,Los Angeles,CA,United States,78738,Operations,Product Manager,Nancy Lopez,On Leave,Onsite,2014-07-07,2022-05-16,9.5,Master's,87675.54,5456.31,0.24,5.0,97.1,2.4,2,48,4,21,0,satisfactory,Chase,checking,Sandra Davis,883-927-4538,single,Mexican,Night,PT,15.0,WS-15-84,True,UnitedHealth,N/A,2026-07-16 20:21:02
267,EMP-17001,Nancy,Brown,Nancy Brown,male,50.0,1976-09-21,nancy.brown@company.com,(778) 259-1969,3563 Oak Ave,PHOENIX,az,US,78799,Human Resources,Sales Executive,Daniel Miller,ACTIVE,Remote,2012-04-16,,16.1,Bachelors,44261.04,6956.03,0.22,2.0,96.3,5.0,3,13,1,16,11,Excellent,Chase,Savings,Thomas Williams,148-516-5152,Single,German,Day,Contract,,,True,Cigna,,2026-07-10 20:21:02
268,EMP-86619,Patricia,Martin,patricia martin,Female,37.0,1989-11-30, patricia.martin@corp.net ,(985) 722-1669,3674 Main St,Boston,MA,U.S.A.,13823,Operations,Data Analyst,Richard Garcia,Active,Remote,2014-08-28,2020-02-27,20.9,Master's,58926.51,10767.04,0.32,4.0,100.0,5.6,7,29,5,17,2,EXCELLENT,Capital One,savings,Barbara Lopez,695-393-5173,Single,Indian,Shift 2,FT,,,True,Kaiser Permanente,Pending annual review,2026-06-29 20:21:02
269,EMP-64635,Barbara,Smith,Barbara Smith,Female,47.0,1978-05-01,barbara.smith@company.com,948-856-6628,1761 Park Ave,Austin,TX,United States,93392,Engineering,Product Manager,Karen Perez,ACTIVE,REMOTE,2021-02-20,,13.5,Masters,81053.71,12699.69,0.32,3.0,92.3,8.6,3,36,3,10,5,satisfactory,Chase,Savings,Linda Davis,307-934-1569,Married,American,Day,contract,,,False,Kaiser Permanente,,2026-07-12 20:21:02
270,EMP-45006,Barbara,Ramirez,Barbara Ramirez,Non-Binary,34.0,1992-02-16,barbara.ramirez@corp.net,750-443-4266,7836 Maple Rd,Philadelphia,PA,U.S.A.,87941,Product,Data Analyst,Mark Rodriguez,Active,Hybrid,2018-05-28,,7.0,Bachelors,63366.38,11963.19,0.24,5.0,89.9,2.6,10,18,2,30,5,Needs Improvement,Citibank,savings,Jennifer Brown,345-113-8425,Divorced,Canadian,Night,Contract,13.0,WS-13-85,False,Blue Cross Blue Shield,,2026-07-19 20:21:02
271,EMP-95283,Sarah,Jackson,Sarah Jackson,Male,32.0,1993-11-13,sarah.jackson@company.com,568-331-2708,2098 Washington Blvd,Atlanta,ga,U.S.A.,56696,Finance,Data Analyst,Sarah Anderson,Terminated,Hybrid,2019-02-20,,7.0,Masters,59819.19,4572.14,0.32,3.0,95.2,16.1,8,6,0,20,3,satisfactory,Bank of America,Checking,Daniel Taylor,449-996-3418,single,Indian,Shift 2,Part-Time,10.0,WS-10-65,False,Aetna,,2026-08-01 20:21:02
272,EMP-94633,Anthony,Johnson,Anthony Johnson,Prefer Not to Say,40.0,1986-01-12, anthony.johnson@corp.net ,(255) 595-3919,7687 Oak Ave,sEATTLE,WA,US,13469,Marketing,Senior Developer,Matthew Robinson,On Leave,REMOTE,2013-12-12,2021-11-04,0.5,bachelor,81617.6,8709.62,0.22,5.0,99.2,7.6,10,23,4,28,10,good,Bank of America,checking,Karen Lopez,980-775-4493,Married,Canadian,Night,contract,,,False,Kaiser Permanente,Pending annual review,2026-06-27 20:21:02
273,EMP-89681,Jennifer,Smith,Jennifer Smith,Female,26.0,1999-08-21,jennifer.smith@company.com,193-150-8522,2079 Park Ave,New York,NY,usa,36201,HR,HR Specialist,Barbara Lee,active,REMOTE,2016-12-25,2022-01-19,1.8,PhD,88899.96,15670.59,0.24,5.0,100.0,13.1,6,56,2,9,2,Excellent,Bank of America,Savings,Robert Garcia,620-117-2738,Divorced,British,Night,Contract,,,True,Aetna,Pending annual review,2026-07-13 20:21:02
274,EMP-63087,Mary,Gonzalez,Mary Gonzalez,Non-Binary,30.0,1995-09-06,mary.gonzalez@corp.net,168-975-2879,4618 Main St,dallas,TX,usa,10827,Customer Support,Legal Counsel,Matthew Brown,Active,Remote,2012-04-21,2020-10-20,7.7,MS,86166.54,12853.01,0.24,4.0,95.4,1.9,6,49,0,15,11,Good,citibank,checking,William Jackson,278-741-2102,single,German,Shift 1,Full-Time,,,True,UnitedHealth,N/A,2026-08-03 20:21:02
275,EMP-84655,   Sandra   ,Perez,Sandra Perez,female,28.0,,sandra.perez@company.com,(737) 987-9128,5137 Main St,lOS aNGELES,CA,United States,84917,Product,Operations Manager,Sarah Jackson,On Leave,Onsite,2024-09-13,2025-04-27,11.1,BS,56700.82,10431.79,0.22,2.0,95.4,6.0,8,43,5,23,8,Needs Improvement,Capital One,CHECKING,Susan Lopez,752-312-6058,MARRIED,American,NIGHT,FT,6.0,WS-06-49,False,Blue Cross Blue Shield,,2026-07-31 20:21:02
276,EMP-56133,Anthony,Smith,Anthony Smith,Prefer Not to Say,30.0,1995-01-08,ANTHONY.SMITH@COMPANY.COM,413-416-9925,9478 Washington Blvd,Austin,TX,US,50568,Human Resources,Sales Executive,Mary Rodriguez,Active,Onsite,2021-02-13,,14.2,bachelor,96826.2,5387.92,0.24,5.0,98.0,26.2,2,14,5,23,10,Good,Bank of America,savings,Linda Hernandez,811-479-8634,Married,British,Shift 1,Full-Time,3.0,WS-03-77,False,Cigna,N/A,2026-07-30 20:21:02
277,EMP-51158,Karen,Martinez,Karen Martinez,Non-Binary,32.0,1993-10-16,karen.martinez@enterprise.org,995-399-4627,2087 Washington Blvd,Phoenix,AZ,US,89099,IT,Senior Developer,William Rodriguez,Active,Remote,2024-11-22,2024-08-06,1.0,High School,76459.94,13419.92,0.22,2.0,98.9,18.5,3,77,5,20,11,Excellent,Capital One,CHECKING,Christopher Harris,696-978-5417,Married,American,Day,PT,,,False,Aetna,High potential,2026-06-17 20:21:02
278,EMP-15682,Jessica,Hernandez,Jessica Hernandez,Prefer Not to Say,61.0,1965-08-22, jessica.hernandez@company.com ,680-543-5987,3760 Park Ave  ,San Antonio,tx,U.S.A.,23977,hr,Sales Executive,Betty Lopez,Terminated,remote,2016-04-08,,10.0,PhD,78840.98,10510.02,0.15,5.0,93.5,0.0,6,70,2,11,4,satisfactory,Wells Fargo,Savings,John Williams,,Married,British,Night,Part-Time,,,False,Aetna,High potential,2026-07-23 20:21:02
279,EMP-50635,Joseph,Martinez,joseph martinez,Female,39.0,1987-03-02,joseph.martinez@corp.net,653-951-1459,2407 Park Ave,New York,NY,US,59994,Engineering,  Systems Administrator,Elizabeth Williams,Active,Onsite,2018-10-10,,7.2,BS,89162.17,15076.51,0.15,2.0,99.8,0.4,7,50,2,10,7,Good,TD Bank,Savings,Michael Miller,,Single,Canadian,Shift 1,FT,10.0,WS-10-23,True,Aetna,Pending annual review,2026-07-06 20:21:02
280,EMP-67799,John,White,John White,Male,27.0,1999-05-05,john.white@enterprise.org,158-277-5554,3881 Park Ave,Austin,tx,United States,43857,Finance,Accountant,Sandra Sanchez,Active,REMOTE,2018-08-21,2020-03-08,3.6,BS,60914.25,9093.74,0.15,3.0,93.8,27.6,5,69,3,28,12,EXCELLENT,Citibank,savings,David Clark,208-737-3996,Single,Indian,Shift 1,contract,,,True,Cigna,Pending annual review,2026-07-05 20:21:02
281,EMP-92434,Robert,Hernandez,Robert Hernandez,Male,19.0,2007-12-06,robert.hernandez@enterprise.org,(619) 842-3415,9494 Main St,Houston,TX,usa,23071,HUMAN RESOURCES,Product Manager,Mary Davis,ACTIVE,REMOTE,2021-04-30,2020-07-23,10.5,Bachelor's,52932.67,3039.53,0.24,1.0,84.2,9.2,6,13,4,24,9,Good,TD Bank,CHECKING,David White,882-212-9093,Married,Canadian,Shift 2,FT,,,False,Kaiser Permanente,,2026-08-03 20:21:02
282,EMP-57279,Betty,Martinez,Betty Martinez,Non-Binary,46.0,1979-07-16,betty.martinez@corp.net,307-396-5823,5092 Park Ave,Phoenix,AZ,USA,75417,IT,Software Engineer,James Sanchez,active,Hybrid,2020-06-19,2023-12-01,8.2,Master's,80026.11,12186.43,0.22,4.0,95.0,0.0,10,40,3,12,4,Excellent,Citibank,savings,David Sanchez,,Single,Indian,Shift 1,PT,2.0,WS-02-28,,UnitedHealth,Transferred from regional branch,2026-07-25 20:21:02
283,EMP-29779,Charles,Martinez,Charles Martinez,pREFER nOT TO sAY,34.0,1991-11-22,charles.martinez@corp.net,574-784-3525,3047 Main St,Austin,TX,US,19961,Sales,Software Engineer,Sarah Hernandez,Active,hybrid,2014-05-26,,10.3,Bachelors,66228.26,9012.64,0.22,2.0,100.0,0.0,3,12,1,30,1,Good,TD Bank,Checking,Daniel Lopez,990-545-9903,single,Indian,Shift 1,Full-Time,2.0,WS-02-84 ,False,UnitedHealth,Pending annual review,2026-06-22 20:21:02
284,EMP-10125,Mary,Sanchez,Mary Sanchez,Prefer Not to Say,43.0,1982-11-18,mary.sanchez@corp.net,(991) 508-6092,3666 Maple Rd,Denver,CO,United States,24652,Product,HR Specialist,John Johnson,Terminated,Hybrid,2023-12-06,,11.0,Masters,64857.54,12365.03,0.15,1.0,93.8,0.0,7,75,4,24,9,Good,Capital One,Checking,Christopher Garcia,303-213-1326,single,Indian,Shift 2,Full-Time,12.0,WS-12-98,True,UnitedHealth,Pending annual review,2026-07-01 20:21:02
285,EMP-54126,Michael,Moore,,Male,26.0,1999-09-08, michael.moore@company.com ,805-265-7847,1123 Main St,Boston,ma,U.S.A.,79990,Finance,Support Agent,Betty Davis,Terminated,Remote,2023-04-02,2024-04-27,6.2,bachelor,54268.48,6650.48,0.15,5.0,100.0,37.1,9,51,1,17,7,EXCELLENT,Bank of America,checking,,176-294-3540,Married,Canadian,Night,contract,,,True,Kaiser Permanente,Transferred from regional branch,2026-07-21 20:21:02
286,EMP-55787,Mark,Garcia,Mark Garcia,Non-Binary,48.0,, mark.garcia@enterprise.org ,(873) 744-7065,8663 Main St,Boston,ma,U.S.A.,44917,Human Resources,Product Manager,Patricia Anderson,ACTIVE,Onsite,2019-11-26,2024-09-12,10.4,High School,74499.46,9770.8,0.32,2.0,105.0,9.3,3,50,3,16,11,good,Capital One,Savings,Karen Ramirez,949-196-3266,Married,British,day,PT,10.0,WS-10-82,True,Aetna,Transferred from regional branch,2026-07-08 20:21:02
287,EMP-92349,Christopher,Smith,Christopher Smith,Male,31.0,1994-05-27,christopher.smith@enterprise.org,882-548-7493,7592 Maple Rd,san diego,ca,U.S.A.,75277,Customer Support,Operations Manager,William Williams,Active,REMOTE,2023-04-22,2021-04-05,10.6,bachelor,35000.0,4156.26,0.24,2.0,95.3,1.6,2,48,2,29,9,Needs Improvement,Chase,checking,James Sanchez,778-755-9433,Single,British,Night,Full-Time,,,True,Aetna,,2026-06-30 20:21:02
288,EMP-88882,  Mark  ,Johnson,Mark Johnson,Female,31.0,1994-12-04,mark.johnson@corp.net,854-585-5291,5795 Washington Blvd,Boston,MA,U.S.A.,,Legal,Software Engineer   ,Richard Harris,Active,REMOTE,2019-12-25,2020-03-11,7.1,Master's,76133.0,4915.43,0.22,4.0,97.6,33.8,5,55,3,23,0,Needs Improvement,Citibank,Checking,Christopher Brown,,Married,Indian,Shift 1,contract,,,True,UnitedHealth,N/A,2026-07-19 20:21:02
289,EMP-27239,Karen,Martin,Karen Martin,Prefer Not to Say,19.0,2007-01-19,karen.martin@company.com,(431) 452-8146,3020 Oak Ave,Boston,MA,usa,33697,Engineering,Accountant,Christopher Perez,active,Onsite,2017-10-19,2025-05-21,4.8,Masters,35000.0,5344.86,0.22,5.0,96.5,1.1,4,68,1,15,0,good,Chase,checking,David White,,Married,Indian,Night,contract,3.0,WS-03-21,True,Cigna,Pending annual review,2026-06-25 20:21:02
290,EMP-28767,Christopher,Anderson,Christopher Anderson,Female,25.0,2001-12-30,christopher.anderson@corp.net,274-797-6673,1994 Park Ave,Chicago,IL,usa,58266,LEGAL,Sales Executive,Thomas Ramirez,Active,Hybrid,2014-01-29,,11.0,Masters,105615.02,17395.1,0.24,2.0,100.0,1.6,5,14,3,8,5,Needs Improvement,Wells Fargo,CHECKING,Joseph Miller,,Married,Indian,day,PT,1.0,WS-01-38,True,Blue Cross Blue Shield,Completed leadership onboarding,2026-06-13 20:21:02
291,EMP-94450,Thomas,Robinson,Thomas Robinson,Female,31.0,1994-12-28,thomas.robinson@enterprise.org,(668) 545-4013,7393 Maple Rd,Philadelphia,PA,USA,96624,Customer Support,Product Manager,Margaret Taylor,Terminated,REMOTE,2014-05-29,,7.7,bachelor,63727.02,11496.58,0.32,4.0,92.9,1.3,7,75,0,14,3,Excellent,cITIBANK,CHECKING,Charles Rodriguez,744-912-8045,Divorced,American,day,PT,,,True,Blue Cross Blue Shield,High potential,2026-06-30 20:21:02
292,EMP-54601,Jessica,Davis,Jessica Davis,NON-BINARY,31.0,1995-07-08,jessica.davis@corp.net,(401) 499-5537,7600 Park Ave,Seattle,WA,US,32373,Customer Support,Product Manager,Daniel Jackson,Terminated,Remote,2023-08-17,2020-07-29,6.5,Bachelor's,67236.46,9249.79,0.15,2.0,95.9,7.1,8,10,3,5,5,Needs Improvement,Capital One,checking,Sandra Hernandez,908-372-4376,Married,Mexican,Shift 2,PT,,,True,Aetna,,2026-07-14 20:21:02
293,EMP-66939,Betty,Moore  ,BETTY MOORE,Non-Binary,22.0,2003-01-24,betty.moore@corp.net,686-745-3734,6168 Maple Rd,BOSTON,MA,USA,65735,IT,  Sales Executive   ,Matthew Smith,On Leave,hybrid,2012-04-07,2023-07-28,12.6,MS,,13739.74,0.22,5.0,100.0,5.6,3,73,3,14,2,satisfactory,Wells Fargo,Savings,,160-806-9701,MARRIED,American,day,contract,2.0,WS-02-15,True,UnitedHealth,Pending annual review,2026-07-22 20:21:02
294,EMP-62489,John,Lewis,John Lewis,Prefer Not to Say,24.0,2002-03-27,john.lewis@corp.net,351-314-6787,5570 Park Ave,Houston,tx,USA,66387,Sales,Accountant,Richard Davis,Terminated,Remote,2020-01-04,,6.9,Bachelor's,51597.74,4484.61,0.15,2.0,86.0,17.6,3,58,0,10,8,Needs Improvement,Citibank,savings,Susan Smith,355-402-3901,single,British,Shift 1,Full-Time,,,False,Blue Cross Blue Shield,Transferred from regional branch,2026-07-06 20:21:02
295,EMP-52379,Christopher,Lewis,Christopher Lewis,Prefer Not to Say,46.0,1980-01-18,CHRISTOPHER.LEWIS@COMPANY.COM,(602) 319-1135,2300 Park Ave,pHOENIX,AZ,usa,44510,Sales,Legal Counsel,Linda Jackson,Active,Onsite,2024-11-26,2020-07-02,11.8,MS,74402.19,12159.23,0.15,5.0,94.1,6.6,5,78,4,19,12,Good,Wells Fargo,checking,Patricia Ramirez,951-951-6384,single,Canadian,Shift 2,Full-Time,8.0,WS-08-44,True,Cigna,Transferred from regional branch,2026-07-28 20:21:02
296,EMP-23848,Matthew,Gonzalez,Matthew Gonzalez,mALE,32.0,1994-08-28,matthew.gonzalez@corp.net,(581) 553-6884,4752 Washington Blvd,Dallas,tx,usa,42908,Engineering,Operations Manager,Barbara Miller,ACTIVE,remote,2012-07-08,,10.0,BS,45421.77,7636.7,0.24,1.0,95.9,0.1,2,78,0,28,10,Good,Citibank,Checking,William Harris,120-157-9105,Divorced,American,day,Part-Time,,,True,Aetna,Transferred from regional branch,2026-08-01 20:21:02
297,EMP-91446,Jessica, Thompson,Jessica Thompson,Male,28.0,1998-05-02,jessica.thompson@enterprise.org,309-287-3907,2461 Oak Ave,PHILADELPHIA,PA,US,44736,Marketing, Data Analyst,Elizabeth Gonzalez,Active,hybrid,2020-07-22,,7.8,BS,35796.84,4198.88,0.15,2.0,100.0,18.6,4,50,3,28,2,EXCELLENT,Capital One,savings,,447-576-8795,Single,American,Day,FT,4.0,WS-04-27,,Cigna,Pending annual review,2026-07-30 20:21:02
298,EMP-34839,Matthew,Harris,Matthew Harris,Male,37.0,1988-03-18,MATTHEW.HARRIS@ENTERPRISE.ORG,359-423-5576,1917 Park Ave,Seattle,wa,usa,18965,Engineering,Marketing Specialist,Mary Jones,active,Hybrid,2018-07-29,2021-06-23,3.3,BS,66134.35,7248.11,0.22,2.0,90.6,0.0,1,74,2,14,11,good,Citibank,savings,Karen Smith,287-530-6785,Married,Canadian,Shift 2,FT,2.0,WS-02-93,False,Blue Cross Blue Shield,Completed leadership onboarding,2026-06-05 20:21:02
299,EMP-55212,Anthony,Thompson,anthony thompson,MALE,36.0,1989-11-24,anthony.thompson@corp.net,(540) 653-7629,6876 Maple Rd,Denver,CO,U.S.A.,66093,Operations,HR Specialist,Richard Johnson,Terminated,REMOTE,2018-01-14,,16.6,High School,47561.98,5505.22,0.15,5.0,86.9,0.0,10,16,0,18,4,EXCELLENT,Chase,CHECKING,Sandra Clark,306-502-3094,Divorced,Canadian,Shift 1,PT,,,False,UnitedHealth,,2026-08-02 20:21:02
300,EMP-76082,Jennifer,Brown,Jennifer Brown,FEMALE,52.0,1973-06-22,JENNIFER.BROWN@COMPANY.COM,860-251-1238,3668 Main St ,Philadelphia,pa,United States,48232,Product,Operations Manager   ,Matthew Harris,Active,Onsite,2017-08-27,,7.0,Bachelors,61618.55,10991.58,0.22,2.0,100.0,11.7,10,68,4,28,7,satisfactory,TD Bank,savings,James Moore,444-407-9901,Single,Mexican,Shift 2,FT,5.0,WS-05-59,,Kaiser Permanente,Transferred from regional branch,2026-06-22 20:21:02
301,EMP-38720,Linda,  Wilson,Linda Wilson,non-binary,22.0,2004-10-23,linda.wilson@enterprise.org,924-416-3458,1220 Maple Rd,New York,ny,USA,41348,product,Sales Executive,Charles Martin,Active,REMOTE,2018-02-17,2024-11-04,6.0,Bachelors,73233.15,9709.29,0.15,2.0,99.6,0.0,9,19,1,25,3,Needs Improvement,Citibank,checking,James Jones,500-244-1551,MARRIED,American,Shift 2,Contract,,,False,Cigna,Pending annual review,2026-07-13 20:21:02
302,EMP-93515,Michael,Wilson,Michael Wilson,male,52.0,1974-09-27,michael.wilson@corp.net,662-218-7859,  5768 Park Ave,Los Angeles,CA,US,14155,IT,Software Engineer,Susan Smith,Active,REMOTE,2017-06-07,2025-02-20,14.1,Bachelor's,80530.87,13033.57,0.22,5.0,99.0,9.5,6,11,1,5,10,Good,Capital One,Checking,Jessica White,869-432-4676,Divorced,British,Shift 2,contract,,,True,UnitedHealth,Completed leadership onboarding,2026-07-26 20:21:02
303,EMP-67646,Susan,Davis,susan davis,Male,,1988-05-26,susan.davis@corp.net,965-252-5251,8147 Washington Blvd,Houston,TX,USA,31388,hUMAN rESOURCES,Product Manager,Jennifer Gonzalez,Active,REMOTE,2020-10-16,2024-05-05,4.2,MS,84199.44,15020.24,0.15,5.0,91.6,7.2,9,56,4,13,12,Needs Improvement,Wells Fargo,Checking,Nancy Garcia,,single,American,day,Contract,,,False,Aetna,Pending annual review,2026-06-10 20:21:02
304,EMP-45635,Margaret,Miller,Margaret Miller,Prefer Not to Say,35.0,1990-06-04,margaret.miller@corp.net,464-267-6847,4628 Maple Rd,Phoenix,az,usa,21526,Human Resources,Accountant,John Taylor,Active,Onsite,2021-08-15,,8.5,Masters,79739.23,14321.17,0.15,5.0,92.7,0.7,1,51,3,13,12,EXCELLENT,Wells Fargo,Checking,Mary Garcia,934-999-7079,Divorced,American,NIGHT,Part-Time,4.0,WS-04-13,,Aetna,,2026-06-20 20:21:02
305,EMP-94129,Betty,Taylor,BETTY TAYLOR,FEMALE,24.0,2002-08-30,BETTY.TAYLOR@COMPANY.COM,(113) 314-5879,1852 Washington Blvd,Atlanta,GA,United States,87292,Operations,  Senior Developer ,Matthew Lopez,Terminated,Onsite,2023-05-19,,3.1,Masters,99008.28,14397.77,0.24,3.0,91.7,0.0,8,43,1,15,8,Excellent,TD BANK,savings,Sandra Garcia,792-988-8268,Single,Indian,Night,FT,10.0,WS-10-17,False,Cigna,High potential,2026-06-30 20:21:02
306,EMP-77106,Patricia,Harris,Patricia Harris,Prefer Not to Say,27.0,1998-05-04,patricia.harris@enterprise.org,529-673-2737,9062 Main St,Atlanta,ga,US,81963,Customer Support,Legal Counsel,Betty Martinez,active,Remote,2016-10-13,2022-02-01,10.7,Bachelor's,98714.08,5499.14,0.32,5.0,98.6,3.1,8,2,3,30,7,satisfactory,TD Bank,savings,Karen Thompson,691-970-6974,Married,American,Shift 1,Full-Time,,,True,UnitedHealth,Pending annual review,2026-08-04 20:21:02
307,EMP-72959,Sandra,Smith,Sandra Smith,Non-Binary,44.0,1981-08-05,SANDRA.SMITH@CORP.NET,(240) 395-9877,267 Maple Rd,Boston,ma,USA,65716,Human Resources,Accountant  ,Jessica White,active,hybrid,2024-05-03,2023-04-06,14.6,bachelor,49948.22,8998.69,0.24,2.0,92.5,0.0,1,15,2,20,6,Good,Bank of America,CHECKING,Margaret Wilson,225-427-8740,Divorced,British,NIGHT,Full-Time,3.0,WS-03-79,False,UnitedHealth,High potential,2026-06-28 20:21:02
308,EMP-58773,Matthew,Jackson,Matthew Jackson,PREFER NOT TO SAY,40.0,1985-01-20,matthew.jackson@enterprise.org,890-386-7927,1159 Washington Blvd,Denver,co,US,70383,Operations,Sales Executive,William Harris,Terminated,hybrid,2017-02-26,2020-09-07,3.4,PhD,87833.75,17286.12,0.22,4.0,100.0,7.6,6,58,5,10,6,EXCELLENT,Bank of America,checking,William Harris,801-640-7599,single,Canadian,day,PT,14.0,WS-14-48,False,UnitedHealth,,2026-07-11 20:21:02
309,EMP-99547,Michael, Jones ,Michael Jones,Prefer Not to Say,31.0,1995-01-02,michael.jones@company.com,586-721-1853,8570 Park Ave,San Antonio,TX,US,87505,finance,Sales Executive,Matthew Davis,Active,Onsite,2023-10-09,2021-08-16,12.6,MS,76140.26,14736.87,0.32,4.0,96.3,8.7,6,52,3,6,11,good,Capital One,savings,Jessica Thompson,360-262-8148,MARRIED,German,Day,Part-Time,14.0,WS-14-77,True,Cigna,Completed leadership onboarding,2026-07-06 20:21:02
310,EMP-37032,Jennifer,Johnson,Jennifer Johnson,Male,45.0,1981-01-14,jennifer.johnson@enterprise.org,533-268-1937,6194 Main St,Denver,CO,U.S.A.,82415,Operations,Sales Executive,Patricia Clark,Terminated,Onsite,2016-08-25,2022-01-03,11.0,BS,57925.27,11540.76,0.15,1.0,96.8,0.0,7,34,3,7,0,good,capital one,Checking,Joseph Anderson,877-119-4539,Single,Indian,Night,FT,15.0,WS-15-15,True,UnitedHealth,Transferred from regional branch,2026-07-24 20:21:02
311,EMP-64167,Anthony,Anderson,Anthony Anderson,Male,43.0,1983-07-31,anthony.anderson@enterprise.org,652-327-1532,1097 Oak Ave,Seattle,WA,US,90711,Operations,Senior Developer,Lisa Martin,On Leave,hybrid,2015-07-18,2025-07-13,6.9,Bachelor's,63104.47,8575.19,0.22,3.0,88.6,5.7,7,7,1,18,11,good,Citibank,checking,Anthony Garcia,270-666-5976,Married,Mexican,Shift 2,Contract,10.0,WS-10-90,True,Blue Cross Blue Shield,Transferred from regional branch,2026-07-08 20:21:02
312,EMP-49498,Anthony,Smith,Anthony Smith,MALE,58.0,1968-11-12,anthony.smith@company.com,(147) 269-4050,4002 Park Ave ,DENVER,CO,US,86648,Finance,Accountant,Jennifer Smith,Active,Hybrid,2013-07-04,,2.5,Master's,70574.93,13833.66,0.22,3.0,93.6,21.8,1,28,3,23,8,Needs Improvement,Capital One,Savings,Karen Miller,351-297-3657,Married,Indian,Night,PT,7.0,  WS-07-26   ,True,UnitedHealth,,2026-08-01 20:21:02
313,EMP-68239,Matthew,Hernandez,Matthew Hernandez,Female,24.0,2001-09-06,MATTHEW.HERNANDEZ@ENTERPRISE.ORG,480-384-3622,4494 Main St,Los Angeles,CA,U.S.A.,68738,Human Resources,Product Manager,Linda White,On Leave,Hybrid,2022-08-14,,12.6,High School,81082.52,8902.56,0.22,1.0,96.3,18.7,4,3,0,23,9,Excellent,TD Bank,CHECKING,Mark Rodriguez,240-376-2000,Single,American,Shift 1,contract,4.0,WS-04-52,False,Aetna,Completed leadership onboarding,2026-07-29 20:21:02
314,EMP-86269,Christopher,Brown,Christopher Brown,Prefer Not to Say,36.0,1989-05-24,christopher.brown@corp.net,980-234-3512,5364 Park Ave,Los Angeles,ca,US,87424,Engineering,Legal Counsel,Mary Wilson,On Leave,REMOTE,2016-06-12,2022-08-18,9.4,High School,70026.18,4502.07,0.15,2.0,100.0,18.5,7,35,0,21,5,satisfactory,Capital One,checking,Lisa Taylor,949-856-9871,Divorced,German,Shift 2,contract,,,False,Aetna,High potential,2026-07-18 20:21:02
315,EMP-62153,Jessica,Jones,Jessica Jones,Non-Binary,46.0,1980-08-22,JESSICA.JONES@CORP.NET,873-208-9737,2852 Maple Rd,Chicago,IL,usa,82413,IT,HR Specialist,John Ramirez,active,Remote,2017-07-05,2020-12-23,11.7,BS,54223.96,9120.97,0.32,4.0,97.5,0.0,7,51,0,13,5,EXCELLENT,Capital One,Savings,Jennifer Williams,,Married,Mexican,Day,Full-Time,,,True,Aetna,N/A,2026-07-01 20:21:02
316,EMP-91158,Jennifer,Jones,Jennifer Jones,Female,,1984-02-17,jennifer.jones@company.com,138-428-7553,999 Washington Blvd,Phoenix,AZ,usa,27013,Marketing,Senior Developer,James Smith,Active,remote,2015-11-22,,8.2,PhD,73112.56,10883.19,0.15,2.0,94.6,12.9,2,1,5,30,9,Good,Wells Fargo,savings,Elizabeth Jones,832-201-7374,Divorced,American,NIGHT,Part-Time,,,False,Cigna,Completed leadership onboarding,2026-07-02 20:21:02
317,EMP-57449,Jessica,Wilson,Jessica Wilson,Non-Binary,32.0,1993-02-16,jessica.wilson@enterprise.org,202-623-8231,9350 Oak Ave,New York,NY,usa,33953,Finance,Accountant,William Harris,active,remote,2015-10-10,,10.9,Master's,99765.66,12485.42,0.24,4.0,95.1,0.0,5,68,2,28,3,good,Bank of America,CHECKING,Mary Rodriguez,277-302-9449,Divorced,American,NIGHT,Full-Time,,,True,Aetna,Transferred from regional branch,2026-06-25 20:21:02
318,EMP-51019,Jessica,White,Jessica White,Non-Binary,41.0,1984-02-03, jessica.white@company.com ,151-412-9007,4910 Oak Ave,Boston,MA,USA,78491,Marketing,Support Agent,John Moore,active,hybrid,2019-11-18,2022-11-16,16.5,PhD,79815.06,14488.5,0.32,5.0,100.0,3.5,6,38,5,7,8,Good,Capital One,CHECKING,Mary Johnson,586-812-3735,Single,American,day,Contract,6.0,WS-06-15,,Aetna,N/A,2026-06-09 20:21:02
319,EMP-66151,Mary,Hernandez,Mary Hernandez,Prefer Not to Say,56.0,1969-01-28,mary.hernandez@corp.net,582-817-2970,6991 Washington Blvd,Dallas,tx,United States,72308,Sales,   Operations Manager  ,David Miller,Active,hybrid,2013-01-17,,11.1,MS,81573.04,12395.89,0.32,,99.5,14.3,6,2,5,25,4,Needs Improvement,bANK OF aMERICA,Checking,Daniel Anderson,763-977-7923,Single,Mexican,Shift 2,contract,12.0,WS-12-66,True,Cigna,Pending annual review,2026-06-22 20:21:02
320,EMP-11943,Jessica,Miller,Jessica Miller,Male,36.0,1990-07-04,JESSICA.MILLER@ENTERPRISE.ORG,887-308-4823,8847 Washington Blvd,SAN DIEGO,CA,USA,50365,Finance,Marketing Specialist,Michael Thompson,Terminated,hybrid,2017-04-04,2020-12-22,1.9,bachelor,70819.53,6754.27,0.15,1.0,90.7,16.1,7,57,0,17,9,Excellent,Chase,CHECKING,,364-721-9691,Divorced,Canadian,day,PT,12.0,WS-12-45,True,Aetna,Completed leadership onboarding,2026-06-18 20:21:02
321,EMP-19875,Joseph,White,Joseph White,Prefer Not to Say,40.0,1985-10-05,JOSEPH.WHITE@CORP.NET,984-873-1848,2425 Park Ave ,Los Angeles,CA,U.S.A.,24999,IT,Support Agent,Mary Anderson,Active,Onsite,2023-07-05,2020-05-08,1.0,Bachelor's,89396.75,9861.95,0.32,5.0,100.0,0.0,5,67,2,29,0,satisfactory,Chase,CHECKING,Thomas Perez,447-678-4012,single,German,Shift 1,Full-Time,2.0,WS-02-63,False,Blue Cross Blue Shield,Completed leadership onboarding,2026-06-08 20:21:02
322,EMP-60446,Betty,Brown,betty brown,Male,32.0,1993-09-03,betty.brown@enterprise.org,(531) 299-5334,6350 Oak Ave,Phoenix,AZ,U.S.A.,53779,Legal,Data Analyst,Lisa White,ACTIVE,hybrid,2015-03-14,,2.4,Master's,80559.66,11238.12,0.22,2.0,100.0,0.0,5,72,3,17,11,EXCELLENT,Bank of America,savings,James Jones,400-348-7151,Divorced,American,Shift 1,Contract,4.0,WS-04-99,False,Blue Cross Blue Shield,Completed leadership onboarding,2026-07-07 20:21:02
323,EMP-58131,Matthew,Rodriguez,Matthew Rodriguez,Non-Binary,23.0,2003-07-14,matthew.rodriguez@enterprise.org,354-630-7052,3337 Oak Ave,Phoenix,AZ,United States,15038,Legal,Operations Manager,Susan Martinez,Active,Hybrid,2018-12-17,2025-06-07,2.5,BS,65916.21,3795.1,0.32,2.0,90.9,20.9,1,49,3,17,1,good,Capital One,Savings,Michael Lewis,724-704-3528,MARRIED,German,day,Part-Time,4.0,WS-04-51,False,Cigna,Transferred from regional branch,2026-06-20 20:21:02
324,EMP-74937,Joseph,Martin,Joseph Martin,Female,55.0,1971-06-20,joseph.martin@enterprise.org,(304) 717-9648,2635 Oak Ave,Seattle,WA,USA,,HR,Systems Administrator,Daniel Anderson,Active,REMOTE,2013-07-05,2023-06-03,6.0,bachelor,79493.69,14357.14,0.15,2.0,105.0,5.0,10,63,2,9,10,Needs Improvement,cITIBANK,CHECKING,Karen Moore,435-952-7287,Married,British,Day,Contract,,,True,Aetna,Pending annual review,2026-07-21 20:21:02
325,EMP-14060,Charles,Robinson,Charles Robinson,Non-Binary,54.0,1971-05-09,charles.robinson@corp.net,936-134-7062,7863 Maple Rd,San Antonio,TX,USA,10364,Product,Legal Counsel,David Thomas,active,hybrid,2018-07-06,2020-01-28,4.2,Masters,98330.97,6694.12,0.22,1.0,92.1,1.0,7,12,0,6,7,good,Citibank,Savings,John Thomas,458-163-4698,MARRIED,German,Night,Full-Time,3.0,WS-03-98,True,Kaiser Permanente,,2026-07-06 20:21:02
326,EMP-15284,Michael,Martinez,Michael Martinez,Prefer Not to Say,32.0,1993-10-05,michael.martinez@company.com,231-893-4694,7807 Washington Blvd,Philadelphia,PA,USA,89731,Legal,Senior Developer,Matthew Lopez,ACTIVE,Remote,2015-09-25,2023-11-22,20.8,Master's,63715.05,,0.15,5.0,95.9,8.7,9,10,5,28,12,EXCELLENT,Wells Fargo,savings,William Rodriguez,734-501-6992,Single,Indian,Day,contract,,,False,Blue Cross Blue Shield,High potential,2026-06-28 20:21:02
327,EMP-42221,Mark,Clark,Mark Clark,Non-Binary,56.0,1969-09-12,mark.clark@corp.net,124-797-4424,4008 Park Ave,San Jose,CA,USA,81301,Sales,Senior Developer,Nancy Anderson,Active,Remote,2020-10-14,,17.4,Master's,107618.58,19930.35,0.32,5.0,99.8,0.0,7,16,1,6,3,Needs Improvement,Citibank,Checking,Thomas Robinson,154-880-8077,MARRIED,German,day,PT,,,False,Blue Cross Blue Shield,Transferred from regional branch,2026-06-22 20:21:02
328,EMP-25398,Karen,Thompson,Karen Thompson,Non-Binary,31.0,1994-07-24,karen.thompson@company.com,(650) 382-6546,4048 Oak Ave,dallas,tx,usa,24606,product,Product Manager,Nancy Garcia,Active,Remote,2022-07-20,2025-05-03,12.1,Masters,74859.14,6870.38,0.15,5.0,100.0,0.0,4,10,3,29,1,Good,Citibank,CHECKING,Charles Hernandez,690-378-7901,single,Indian,Shift 2,Part-Time,,,False,UnitedHealth,Completed leadership onboarding,2026-07-11 20:21:02
329,EMP-10363,Barbara,Davis,Barbara Davis,non-binary,49.0,1977-07-22,barbara.davis@company.com,438-932-1849,7210 Main St,San Antonio,TX,United States,26943,Human Resources,Software Engineer,,Active,REMOTE,2012-12-24,2021-11-06,4.8,bachelor,93956.52,6715.48,0.24,3.0,98.4,7.3,6,72,3,27,9,Good,Bank of America,CHECKING,Christopher Clark,501-142-1811,MARRIED,Indian,Day,Part-Time,,,False,Cigna,N/A,2026-07-19 20:21:02
330,EMP-45829,Christopher,Jackson   ,Christopher Jackson,nON-bINARY,26.0,,CHRISTOPHER.JACKSON@CORP.NET,744-458-9673,5509 Washington Blvd,Houston,TX,US,30565,IT,Sales Executive,Jessica Martin,Active,hybrid,2021-02-19,,7.0,MS,60663.55,6854.97,0.32,1.0,85.7,0.9,3,53,3,5,2,Excellent,Wells Fargo,Checking,Barbara Taylor,172-483-4261,Single,Indian,Night,contract,12.0,WS-12-91,False,Blue Cross Blue Shield,N/A,2026-07-13 20:21:02
331,EMP-79017,Joseph,Jackson,Joseph Jackson,Prefer Not to Say,42.0,1984-01-10,joseph.jackson@corp.net,578-697-1891,8696 Park Ave,Philadelphia,pa,USA,66980,Sales,Support Agent,Susan Hernandez,Active,REMOTE,2017-04-09,,1.2,PhD,78796.96,11865.47,0.15,3.0,97.9,0.0,4,61,3,30,11,EXCELLENT,Capital One,Checking,Margaret Lee,290-267-1418,single,Indian,Night,Part-Time,,,True,Aetna,Completed leadership onboarding,2026-06-21 20:21:02
332,EMP-72791,Michael,Sanchez,Michael Sanchez,non-binary,56.0,1969-05-17,michael.sanchez@company.com,571-485-4061,2712 Oak Ave,Phoenix,AZ,United States,54321,eNGINEERING,Systems Administrator,Charles Brown,Active,Onsite,2021-06-29,2022-07-22,2.6,BS,68007.76,6392.75,0.24,4.0,96.3,5.3,10,1,5,20,5,Good,Chase,checking,Daniel Hernandez,498-158-8250,MARRIED,German,day,PT,2.0,WS-02-35,True,Blue Cross Blue Shield,Completed leadership onboarding,2026-06-15 20:21:02
333,EMP-47269,Linda,Miller,Linda Miller,Female,34.0,1992-04-23,linda.miller@company.com,816-134-7527,7357 Main St,San Antonio,TX,USA,57383,Product,Sales Executive,Jennifer Martin,Active,Remote,2018-06-14,,13.4,PhD,112691.73,10663.64,0.32,,100.0,2.0,6,64,1,18,7,good,Bank of America,Checking,Anthony Robinson,263-114-1655,single,Canadian,day,contract,,,False,Cigna,N/A,2026-06-19 20:21:02
334,EMP-19302,Elizabeth,Jackson,Elizabeth Jackson,Male,23.0,2003-08-25,elizabeth.jackson@corp.net,825-384-2267,663 Park Ave,Phoenix,AZ,usa,51286,Engineering,Operations Manager,Nancy Miller,On Leave,remote,2018-08-26,,2.1,bachelor,64444.46,5709.07,0.22,1.0,98.9,7.3,9,9,5,8,5,Needs Improvement,Wells Fargo,checking,,816-174-3989,single,German,NIGHT,Part-Time,,,True,Kaiser Permanente,Transferred from regional branch,2026-07-16 20:21:02
335,EMP-75235,Elizabeth,Garcia,Elizabeth Garcia,Prefer Not to Say,41.0,1984-03-06,elizabeth.garcia@corp.net,(561) 638-9946,4853 Main St,Austin,TX,U.S.A.,16484,Human Resources,Senior Developer,Christopher Lopez,On Leave,hybrid,2024-11-23,2023-01-15,7.3,Master's,65679.27,10049.24,0.32,2.0,87.0,20.6,10,56,1,11,6,EXCELLENT,Chase,Checking,Charles Lewis,185-493-7566,Single,Indian,Shift 1,Contract,15.0,WS-15-50,False,UnitedHealth,,2026-07-02 20:21:02
336,EMP-62244,David,Hernandez,DAVID HERNANDEZ,Female,34.0,,david.hernandez@enterprise.org,524-927-9699,1268 Washington Blvd,bOSTON,MA,US,43469,Finance,Marketing Specialist,William Williams,Terminated,REMOTE,2022-08-05,2020-01-21,10.0,bachelor,71157.78,7897.12,0.32,1.0,100.0,6.6,8,5,5,7,7,EXCELLENT,Bank of America,Checking,Mark Martin,374-257-4476,single,American,Night,Full-Time,,,False,Kaiser Permanente,Transferred from regional branch,2026-07-21 20:21:02
337,EMP-13984,Karen,Harris,Karen Harris,Male,37.0,1988-03-08,karen.harris@enterprise.org,689-998-8978,9197 Maple Rd,Chicago,IL,United States,57523,Sales,Marketing Specialist,Mary Anderson,active,remote,2023-01-14,,16.9,Bachelors,108225.18,13499.99,0.22,5.0,105.0,14.5,9,5,1,26,6,EXCELLENT,Bank of America,checking,William Jones,928-977-1725,Single,British,day,PT,,,True,UnitedHealth,Transferred from regional branch,2026-08-03 20:21:02
338,EMP-71426,Michael,Ramirez   ,Michael Ramirez,Prefer Not to Say,41.0,1984-04-26,michael.ramirez@company.com,(803) 635-3604,5342 Park Ave,houston,TX,United States,77410,SALES,Support Agent,Christopher Harris,On Leave,Onsite,2020-02-01,2024-03-23,2.5,Masters,82906.19,9368.28,0.22,1.0,92.1,10.7,7,51,1,23,3,satisfactory,TD Bank,Checking,Barbara Williams,642-917-2479,MARRIED,Canadian,Shift 1,Part-Time,15.0,WS-15-58,False,Cigna,Transferred from regional branch,2026-06-12 20:21:02
339,EMP-13067,Sandra,Wilson,sANDRA wILSON,PREFER NOT TO SAY,36.0,,sandra.wilson@company.com,686-157-1588,5283 Maple Rd,Seattle,WA,usa,81061,legal,Legal Counsel,Joseph Anderson,ACTIVE,Hybrid,2013-08-01,2024-12-28,7.0,Master's,57440.35,7984.34,0.15,4.0,90.9,0.0,10,8,2,20,9,EXCELLENT,Capital One,checking,Thomas Martin,742-499-3746,MARRIED,Canadian,day,Contract,9.0,WS-09-75,True,Aetna,High potential,2026-07-10 20:21:02
340,EMP-20390,Robert,Davis,Robert Davis,Male,35.0,1990-04-01,ROBERT.DAVIS@CORP.NET,652-635-7340,2292 Main St,Boston,MA,U.S.A.,,Product,Operations Manager,Robert Davis,Active,REMOTE,2024-06-11,,9.8,bachelor,93271.69,17329.26,0.32,3.0,91.0,0.0,6,5,3,20,5,good,Capital One,CHECKING,Margaret White,295-446-6805,Single,Indian,Shift 2,Part-Time,,,True,Aetna,High potential,2026-07-14 20:21:02
341,EMP-92853,Mary,Perez,mary perez,Female,52.0,1974-09-25,mary.perez@corp.net,369-145-6098, 1350 Maple Rd   ,Philadelphia,PA,USA,23422,Marketing,Sales Executive,Michael Gonzalez,On Leave,Onsite,2019-04-10,2024-05-30,6.6,High School,74572.65,12047.08,0.32,4.0,91.3,0.3,3,29,5,14,12,satisfactory,Wells Fargo,CHECKING,Elizabeth Rodriguez,,Married,Indian,NIGHT,FT,5.0,WS-05-12,False,Cigna,Transferred from regional branch,2026-06-10 20:21:02
342,EMP-25600,Barbara,Jackson,Barbara Jackson,Female,39.0,1987-06-06,barbara.jackson@corp.net,(678) 949-2453,2781 Oak Ave,Philadelphia,PA,US,49332,CUSTOMER SUPPORT,Sales Executive,William Moore,On Leave,remote,2012-07-15,2022-04-29,2.3,MS,39743.35,6213.99,0.15,3.0,89.9,23.0,2,80,3,13,11,Needs Improvement,Chase,savings,,265-269-2260,Single,Indian,day,PT,,,True,UnitedHealth,High potential,2026-06-17 20:21:02
343,EMP-49302,Anthony,Rodriguez,Anthony Rodriguez,Non-Binary,38.0,1988-05-13,anthony.rodriguez@enterprise.org,836-980-3054,3397 Main St,Dallas,TX,United States,65673,Customer Support,   Senior Developer,Anthony Garcia,Active,remote,2020-06-16,2021-05-19,10.6,MS,43749.08,4903.37,0.15,2.0,92.4,13.1,5,22,0,9,12,Excellent,Bank of America,Savings,William Martin,140-174-4420,single,Mexican,Night,FT,,,False,Blue Cross Blue Shield,High potential,2026-07-07 20:21:02
344,EMP-90513,John,Hernandez,jOHN hERNANDEZ,non-binary,26.0,1999-09-09,john.hernandez@enterprise.org,469-544-6032,1902 Park Ave,Chicago,IL,USA,74174,Product,Operations Manager,Matthew Lopez,ACTIVE,remote,2019-07-06,,10.8,BS,48336.85,5597.44,0.24,1.0,100.0,0.0,9,41,0,10,11,Good,WELLS FARGO,Savings,Anthony Robinson,377-898-5727,Divorced,Mexican,Shift 2,FT,,,True,Kaiser Permanente,Pending annual review,2026-07-16 20:21:02
345,EMP-71449,Matthew,  Davis,MATTHEW DAVIS,Prefer Not to Say,38.0,1987-06-02,matthew.davis@company.com,629-577-6190,4843 Main St,HOUSTON,TX,USA,47409,Legal,Support Agent  ,Thomas Johnson,ACTIVE,hybrid,2024-01-08,2022-09-23,9.7,bachelor,58831.6,5805.85,0.24,2.0,93.4,0.0,2,1,3,30,8,EXCELLENT,Capital One,Checking,Karen Perez,637-427-7934,Divorced,Indian,Day,FT,11.0,WS-11-80,True,Cigna,Transferred from regional branch,2026-07-20 20:21:02
346,EMP-19450,Barbara,Rodriguez,,male,33.0,1992-07-08,barbara.rodriguez@enterprise.org,443-812-1309, 4823 Main St,Austin,TX,United States,72966,CUSTOMER SUPPORT,Sales Executive,,active,remote,2021-07-08,2022-04-22,5.3,High School,87659.24,6167.05,0.15,1.0,92.8,8.2,3,23,5,10,0,Good,cITIBANK,Checking,Patricia Perez,875-147-2237,Married,British,day,Contract,,,True,Blue Cross Blue Shield,Pending annual review,2026-07-24 20:21:02
347,EMP-57660,Jennifer,Taylor,Jennifer Taylor,Non-Binary,27.0,1999-11-27,jennifer.taylor@company.com,891-923-5881,4420 Park Ave,San Jose,CA,United States,66282,Finance,Senior Developer,Barbara Davis,On Leave,hybrid,2022-08-15,2022-09-20,8.3,High School,83576.33,8698.5,0.22,3.0,98.5,0.7,3,49,3,16,5,Needs Improvement,Chase,savings,Jennifer Lopez,993-754-9370,single,Indian,Shift 1,Full-Time,5.0,WS-05-70,False,Cigna,Transferred from regional branch,2026-07-25 20:21:02
348,EMP-47819,Mark,Anderson,Mark Anderson,Non-Binary,41.0,1985-07-28,mark.anderson@corp.net,884-690-6555,8191 Park Ave,Seattle,wa,usa,23534,hr,Systems Administrator,Susan Miller,Terminated,Remote,2019-04-08,,17.1,Masters,73347.04,7281.79,0.22,,90.9,6.6,9,18,2,23,7,Needs Improvement,TD Bank,CHECKING,Matthew Lewis,906-773-2264,Divorced,Canadian,NIGHT,PT,,,True,Kaiser Permanente,Completed leadership onboarding,2026-07-06 20:21:02
349,EMP-21584,  James, Davis  ,James Davis,Prefer Not to Say,42.0,1983-01-20,james.davis@company.com,(234) 225-5677,7342 Washington Blvd,San Antonio,TX,US,94206,Finance,Systems Administrator,Anthony Thompson,active,remote,2016-08-07,2022-02-22,12.5,PhD,35000.0,6636.43,0.24,1.0,90.0,0.0,2,14,1,25,6,satisfactory,Citibank,CHECKING,Joseph Williams,562-788-1419,MARRIED,Canadian,Night,Contract,,,True,Blue Cross Blue Shield,High potential,2026-07-29 20:21:02
350,EMP-32257,Barbara,Sanchez   ,Barbara Sanchez,Male,44.0,1981-08-20,barbara.sanchez@enterprise.org,593-772-4360,846 Park Ave,Austin,TX,US,44773,Engineering,Support Agent,Michael Johnson,Active,REMOTE,2014-01-16,,,Masters,75415.87,11806.85,0.15,1.0,91.4,16.4,3,4,1,21,8,good,Citibank,savings,Sandra Moore,865-174-1648,Married,American,Night,Contract,,,False,UnitedHealth,Pending annual review,2026-07-22 20:21:02
351,EMP-51844,Michael,Williams,Michael Williams,Prefer Not to Say,31.0,1994-04-13, michael.williams@corp.net ,201-975-2415,1701 Park Ave,Denver,co,United States,12126,Sales,Systems Administrator,Jennifer Robinson,active,hybrid,2013-12-24,,7.7,High School,62430.3,9039.92,0.32,1.0,98.0,3.0,8,65,2,20,6,Good,Citibank,Checking,Linda Moore,181-138-9180,Single,German,Shift 2,Full-Time,13.0,WS-13-83,True,Aetna,High potential,2026-06-09 20:21:02
352,EMP-16276,John,Thompson,john thompson,Prefer Not to Say,33.0,1992-03-09,john.thompson@enterprise.org,279-875-9140,6052 Maple Rd,Seattle,wa,United States,18520,Legal,Operations Manager,William Taylor,Active,remote,2020-10-03,2025-09-06,3.2,bachelor,77453.41,4228.48,0.24,4.0,100.0,2.3,4,46,2,29,8,Good,Bank of America,Savings,Joseph Lee,566-259-7385,Divorced,Indian,Shift 1,Full-Time,,,False,Blue Cross Blue Shield,,2026-07-17 20:21:02
353,EMP-95709,Sandra,Rodriguez,Sandra Rodriguez,Prefer Not to Say,34.0,1992-12-18, sandra.rodriguez@company.com ,932-521-7703,8060 Oak Ave,Dallas,TX,USA,11010,Finance,Senior Developer ,Robert Davis,Active,Remote,2015-12-04,2023-03-08,,Masters,81349.44,14638.77,0.24,5.0,94.8,0.0,2,4,5,29,8,Good,Citibank,Checking,Linda Lopez,204-821-2891,Divorced,German,Day,Contract,,,True,Cigna,Pending annual review,2026-06-24 20:21:02
354,EMP-79548,Charles,  Jones,Charles Jones,Prefer Not to Say,37.0,1989-04-20,CHARLES.JONES@COMPANY.COM,124-407-2676,4074 Maple Rd   ,San Jose,CA,US,22531,Sales,Legal Counsel,Joseph Martinez,ACTIVE,Remote,2024-05-07,,4.3,High School,76666.94,14486.28,0.32,2.0,99.4,6.9,1,29,3,22,9,EXCELLENT,td bANK,Savings,Anthony Perez,835-555-5105,Married,German,Shift 2,PT,,,True,UnitedHealth,Transferred from regional branch,2026-07-13 20:21:02
355,EMP-74616,Margaret,Lopez,Margaret Lopez,NON-BINARY,40.0,1985-01-01,margaret.lopez@corp.net,(405) 467-3510,6281 Main St,Dallas,TX,USA,60922,Legal,Product Manager,Barbara Anderson,Active,remote,2019-02-20,,4.2,bachelor,66472.85,8908.75,0.15,2.0,100.0,14.9,4,61,5,17,9,Needs Improvement,Bank of America,savings,Elizabeth Rodriguez,892-957-9173,Married,British,Day,PT,,,False,Aetna,Completed leadership onboarding,2026-07-19 20:21:02
356,EMP-32820,Michael,Martinez,Michael Martinez,Female,19.0,2006-12-17,michael.martinez@enterprise.org,569-388-1471,344 Oak Ave,San Antonio,TX,usa,58355,Marketing,Accountant,Robert Martin,ACTIVE,REMOTE,2018-07-12,,9.0,Bachelor's,82251.42,10748.04,0.32,2.0,100.0,10.1,10,55,3,10,11,Needs Improvement,CAPITAL ONE,Savings,Patricia Thomas,260-714-3274,Single,British,Day,FT,,,False,Aetna,High potential,2026-07-20 20:21:02
357,EMP-87377,Jennifer,Lewis,Jennifer Lewis,Male,33.0,1992-12-29,JENNIFER.LEWIS@COMPANY.COM,(146) 409-9710,2577 Main St,Denver,CO,United States,98004,Human Resources,Accountant,Linda Thomas,Active,REMOTE,2013-05-21,,14.4,BS,76357.11,11240.12,0.32,2.0,99.3,1.7,5,63,0,21,11,Good,Wells Fargo,checking,James White,736-931-3336,Divorced,British,NIGHT,Part-Time,,,True,Blue Cross Blue Shield,,2026-07-06 20:21:02
358,EMP-71010,Sandra,Sanchez,Sandra Sanchez,prefer not to say,47.0,1979-09-22,SANDRA.SANCHEZ@ENTERPRISE.ORG,182-786-8395,5670 Main St,San Diego,CA,usa,96354,PRODUCT,Software Engineer,Jennifer Moore,ACTIVE,hybrid,2019-03-15,2020-08-13,11.3,Bachelor's,91676.15,13177.73,0.22,1.0,92.9,23.7,8,3,3,25,7,satisfactory,Citibank,Savings,Robert Jones,597-226-9833,Married,American,Night,FT,14.0,WS-14-91,False,UnitedHealth,,2026-07-04 20:21:02
359,EMP-20982,John,Martinez,john martinez,Female,34.0,1991-09-09,john.martinez@corp.net,819-814-2198,8328 Washington Blvd,hOUSTON,TX,U.S.A.,37353,Legal,Legal Counsel,Patricia Thomas,Active,hybrid,2023-02-22,2020-10-20,6.0,Master's,55897.55,10503.29,0.15,1.0,97.1,0.0,7,45,1,27,6,good,Wells Fargo,savings,Betty Sanchez,992-477-2042,single,Canadian,Shift 1,Contract,6.0,WS-06-38,True,UnitedHealth,Completed leadership onboarding,2026-06-06 20:21:02
360,EMP-60581,Karen,Thomas,Karen Thomas,PREFER NOT TO SAY,58.0,1968-08-14, karen.thomas@enterprise.org ,241-422-1095,5457 Washington Blvd,San Antonio,TX,usa,53752,Finance,Software Engineer,Matthew Jones,On Leave,hybrid,2023-01-15,,2.7,Master's,75484.39,10725.07,0.22,3.0,100.0,0.0,3,73,0,14,6,satisfactory,Wells Fargo,Savings,Robert Sanchez,605-572-1102,Divorced,Indian,NIGHT,PT,8.0,WS-08-27,False,Blue Cross Blue Shield,,2026-06-26 20:21:02
361,EMP-79428,Robert,Williams,Robert Williams,Female,37.0,1989-10-22,robert.williams@company.com,376-424-2049,292 Washington Blvd,Seattle,WA,usa,92593,Finance,Legal Counsel,James Brown,Active,Remote,2012-08-09,2020-07-19,10.3,High School,53752.13,10090.13,0.24,5.0,97.1,0.0,8,73,3,5,12,Needs Improvement,Bank of America,CHECKING,Karen Gonzalez,857-753-2405,single,American,Shift 1,contract,,,False,UnitedHealth,,2026-06-27 20:21:02
362,EMP-27443,James,Moore,James Moore,MALE,36.0,1989-09-25,james.moore@company.com,944-768-1014,1897 Washington Blvd,LOS ANGELES,CA,usa,79546,Engineering,Software Engineer,Thomas White,ACTIVE,hybrid,2012-10-19,,12.9,Bachelors,98747.72,8965.39,0.32,4.0,100.0,12.7,6,24,4,25,10,EXCELLENT,Wells Fargo,Savings,Jessica Martinez,460-617-1818,MARRIED,German,Day,Full-Time,15.0,WS-15-61,False,Cigna,High potential,2026-06-13 20:21:02
363,EMP-69087,   Sarah,Rodriguez,Sarah Rodriguez,Prefer Not to Say,29.0,1997-07-26,sarah.rodriguez@company.com,(474) 628-7377,1948 Main St,San Antonio,TX,usa,71606,Product,Operations Manager,Thomas Miller,Active,remote,2013-06-21,2020-06-19,11.0,Bachelors,80419.49,15831.07,0.22,3.0,96.5,7.8,7,41,3,27,2,Needs Improvement,Wells Fargo,Savings,Linda Jackson,888-879-9342,Married,Indian,Shift 2,contract,,,True,Cigna,N/A,2026-07-31 20:21:02
364,EMP-99301,David,Moore,David Moore,female,27.0,,david.moore@corp.net,283-590-7295,4278 Maple Rd ,San Antonio,TX,United States,31575,Operations,Marketing Specialist,Linda Smith,On Leave,Remote,2012-03-03,2025-04-16,13.7,Bachelors,101342.3,16704.14,0.22,4.0,94.4,6.1,2,15,4,14,2,Good,Bank of America,savings,Christopher Taylor,,Single,Canadian,Day,Full-Time,,,True,UnitedHealth,Pending annual review,2026-06-22 20:21:02
365,EMP-48045,Jessica,Miller,Jessica Miller,Prefer Not to Say,37.0,1989-09-25,jessica.miller@corp.net,696-746-8778,5832 Washington Blvd,Los Angeles,CA,usa,69671,Engineering,Senior Developer,Thomas Ramirez,Active,Hybrid,2012-05-11,,0.5,BS,65032.75,11290.86,0.22,4.0,100.0,1.9,10,25,5,10,2,EXCELLENT,CAPITAL ONE,checking,Linda Martin,569-121-6928,single,German,Night,FT,1.0,WS-01-24,True,UnitedHealth,High potential,2026-07-29 20:21:02
366,EMP-15748,John,Gonzalez,john gonzalez,MALE,46.0,1980-08-08,john.gonzalez@corp.net,566-984-4330,5968 Washington Blvd,Houston,TX,United States,88659,Sales,Product Manager,Anthony Rodriguez,ACTIVE,REMOTE,2021-04-07,2024-05-05,10.7,bachelor,70221.36,3752.76,0.32,2.0,93.2,1.5,9,18,2,17,8,Good,Wells Fargo,CHECKING,Mark Garcia,610-785-3105,Single,American,NIGHT,contract,,,,Cigna,,2026-06-18 20:21:02
367,EMP-59412,Margaret,Smith,Margaret Smith,Female,31.0,1994-04-28, margaret.smith@corp.net ,842-302-4841,6348 Park Ave,Philadelphia,PA,United States,36315,human resources,Software Engineer,Thomas Clark,Active,Onsite,2024-05-27,2021-04-11,0.5,Masters,90271.82,,0.22,3.0,100.0,9.7,10,23,4,26,0,Needs Improvement,TD Bank,checking,Daniel Davis,527-534-2450,single,Indian,Night,PT,15.0, WS-15-92,True,Cigna,,2026-06-10 20:21:02
368,EMP-84983,Elizabeth,Harris,Elizabeth Harris,Male,47.0,1978-08-14,elizabeth.harris@company.com,317-790-5006,7437 Park Ave,New York,NY,United States,28285,IT,Senior Developer,Nancy Wilson,On Leave,remote,2019-12-26,2021-03-01,5.8,PhD,83074.6,12752.94,0.32,4.0,94.9,10.1,9,27,3,12,6,Needs Improvement,Capital One,checking,James Williams,506-894-3645,single,Canadian,day,Part-Time,,,True,Cigna,,2026-06-21 20:21:02
369,EMP-77486,James,Jackson,JAMES JACKSON,Prefer Not to Say,41.0,1984-07-10,james.jackson@corp.net,723-100-8598,9366 Park Ave,Phoenix,az,US,52396,Legal,HR Specialist,Karen Clark,Active,Onsite,2024-04-24,2024-02-21,4.0,High School,,5379.7,0.24,1.0,89.4,0.7,7,42,3,22,9,Excellent,CAPITAL ONE,Savings,Charles Ramirez,505-459-2520,single,American,NIGHT,Full-Time,14.0,WS-14-49,True,UnitedHealth,,2026-07-19 20:21:02
370,EMP-45359,Karen,Thompson,Karen Thompson,Prefer Not to Say,40.0,1985-02-20,karen.thompson@corp.net,(226) 204-3456,6513 Main St,Philadelphia,pa,U.S.A.,32402,Engineering,Systems Administrator,Robert Garcia,active,Remote,2021-02-24,2021-05-02,6.7,Bachelors,86733.88,,0.32,,92.6,0.0,3,49,5,27,6,Excellent,Wells Fargo,CHECKING,Joseph Lopez,911-852-5723,Divorced,Indian,NIGHT,Full-Time,,,False,Kaiser Permanente,N/A,2026-06-22 20:21:02
371,EMP-75016,William,Johnson,William Johnson,Non-Binary,46.0,1979-09-18,william.johnson@company.com,649-778-7862,8401 Oak Ave,Philadelphia,PA,US,83605,Marketing,Sales Executive,Susan Lee,On Leave,remote,2016-11-03,2024-05-23,1.3,High School,77527.59,5670.26,0.32,4.0,100.0,3.6,10,37,1,10,12,satisfactory,Citibank,CHECKING,Sarah Miller,764-357-5927,single,Mexican,NIGHT,Contract,,,True,UnitedHealth,N/A,2026-07-12 20:21:02
372,EMP-14178,Karen,Garcia,Karen Garcia,Male,48.0,1978-09-10,karen.garcia@corp.net,(856) 601-3324,178 Oak Ave,Boston,MA,US,13745,Finance,Sales Executive,,Active,Onsite,2016-02-24,2021-01-20,1.4,Master's,89472.21,5342.34,0.24,2.0,98.3,10.9,6,24,0,30,11,satisfactory,CHASE,Savings,Nancy Lopez,381-989-3733,Married,Indian,Shift 1,Part-Time,9.0,WS-09-65,False,UnitedHealth,High potential,2026-07-02 20:21:02
373,EMP-57641,Jessica,Davis,Jessica Davis,Non-Binary,42.0,1984-03-17,jessica.davis@corp.net,431-196-2284,5956 Maple Rd,San Diego,CA,US,38825,Engineering,Support Agent,Jennifer Moore,On Leave,remote,2016-06-24,,6.8,Bachelor's,88451.47,6285.32,0.24,4.0,100.0,1.2,3,54,2,8,2,good,Chase,CHECKING,Patricia Taylor,770-552-7426,MARRIED,Mexican,Day,FT,,,True,Cigna,,2026-06-06 20:21:02
374,EMP-91063,Karen,Hernandez,karen hernandez,non-binary,20.0,2006-09-23,KAREN.HERNANDEZ@CORP.NET,820-840-7861,3627 Maple Rd,San Diego,CA,United States,79601,Operations,Marketing Specialist,Betty Robinson,Active,hybrid,2015-06-01,,0.5,bachelor,77816.57,8166.08,0.22,5.0,100.0,0.0,5,16,3,16,12,Good,Citibank,Savings,Karen Martin,835-439-5797,Divorced,German,Shift 1,Part-Time,15.0,WS-15-20,True,Aetna,,2026-07-12 20:21:02
375,EMP-39494,Sandra ,Sanchez,Sandra Sanchez,Male,40.0,1986-12-01,sandra.sanchez@corp.net,901-447-2052,1927 Washington Blvd,Atlanta,GA,U.S.A.,90528,Engineering,Product Manager,Karen Jones,Terminated,REMOTE,2017-07-09,,7.7,Master's,71249.32,10823.46,0.32,1.0,90.3,0.4,8,62,0,19,10,Good,Wells Fargo,CHECKING,Anthony White,984-301-1925,Divorced,American,Day,Part-Time,,,True,Cigna,Completed leadership onboarding,2026-07-20 20:21:02
376,EMP-83460,Jessica,Moore,Jessica Moore,Non-Binary,41.0,1984-11-19, jessica.moore@enterprise.org ,148-378-1139,6786 Washington Blvd,San Jose,CA,US,49006,Operations,HR Specialist,Susan Moore,Active,Onsite,2017-06-18,2021-06-25,9.0,Bachelor's,89189.04,14497.8,0.22,3.0,92.8,3.5,3,0,0,12,8,satisfactory,Capital One,Savings,Jennifer Johnson,857-301-2258,single,Mexican,Day,contract,13.0,WS-13-91,False,Aetna,Transferred from regional branch,2026-06-23 20:21:02
377,EMP-99157,John,Lee,John Lee,Male,39.0,1987-12-25,john.lee@enterprise.org,(462) 232-2323,7864 Main St,Phoenix,az,USA,66846,Operations,Software Engineer,Nancy Moore,Active,Onsite,2016-01-17,,,Master's,92773.26,6171.22,0.15,5.0,92.4,3.3,6,53,4,20,2,Needs Improvement,Citibank,savings,Anthony Brown,564-538-9167,single,Indian,NIGHT,contract,13.0,WS-13-24,False,Cigna,Pending annual review,2026-07-10 20:21:02
378,EMP-23965,Robert,White,Robert White,Female,41.0,1985-05-21,ROBERT.WHITE@COMPANY.COM,865-393-1762,6338 Main St,Chicago,il,US,61246,Finance,Accountant,James Martinez,Active,Onsite,2022-04-02,2021-01-31,17.2,BS,70530.68,4608.47,0.22,1.0,93.3,0.1,4,53,2,20,0,Good,Citibank,CHECKING,Charles Gonzalez,594-122-4546,MARRIED,Canadian,Day,Full-Time,5.0,WS-05-79,True,Aetna,Completed leadership onboarding,2026-06-17 20:21:02
379,EMP-55156,Charles,Garcia,Charles Garcia,Male,19.0,2006-03-01, charles.garcia@corp.net ,151-486-3378,2201 Park Ave,SAN JOSE,CA,United States,72890,marketing,  Legal Counsel  ,David Perez,Terminated,hybrid,2023-09-05,2025-05-08,6.5,PhD,42872.46,2509.41,0.22,1.0,98.9,3.6,7,42,3,16,8,satisfactory,Chase,CHECKING,Nancy Brown,109-543-2261,Divorced,Indian,Night,Full-Time,7.0,WS-07-35,True,UnitedHealth,N/A,2026-07-24 20:21:02
380,EMP-64318,Patricia,Wilson,Patricia Wilson,male,47.0,1978-08-05,patricia.wilson@corp.net,154-501-9690,  312 Washington Blvd,Chicago,il,United States,99557,human resources,Accountant,Patricia Sanchez,Active,remote,2023-10-26,,16.6,Bachelors,72911.02,10229.98,0.32,2.0,94.2,15.8,6,64,1,15,11,good,Bank of America,CHECKING,Sarah Harris,256-593-5562,Married,Mexican,NIGHT,Part-Time,,,True,UnitedHealth,High potential,2026-07-18 20:21:02
381,EMP-19140,Anthony,Martin,Anthony Martin,Non-Binary,38.0,1987-07-03,anthony.martin@company.com,515-930-1611,9901 Maple Rd,Los Angeles,CA,U.S.A.,22801,Operations,Accountant   ,Linda Smith,active,remote,2020-12-20,2023-10-15,5.7,Bachelors,60324.24,6894.9,0.24,5.0,95.2,0.0,1,71,5,24,9,Excellent,TD BANK,savings,Christopher Harris,436-766-2522,MARRIED,American,Day,Part-Time,,,True,Cigna,Pending annual review,2026-07-07 20:21:02
382,EMP-13772,Jessica,Thompson,Jessica Thompson,Male,41.0,1984-05-15,JESSICA.THOMPSON@CORP.NET,(804) 731-9605,6846 Oak Ave,Atlanta,GA,USA,40761,Sales,Data Analyst,Patricia Lee,Active,Hybrid,2015-10-09,,13.8,Masters,80303.11,,0.24,2.0,98.2,0.0,10,39,3,18,5,satisfactory,CHASE,CHECKING,Susan Perez,,MARRIED,British,Day,Contract,8.0,WS-08-54,True,Cigna,High potential,2026-06-12 20:21:02
383,EMP-93399,Robert,Martinez,Robert Martinez,Female,44.0,,robert.martinez@company.com,(867) 691-3874,6362 Washington Blvd,New York,ny,usa,97027,Product,HR Specialist,Linda Davis,Active,REMOTE,2017-08-10,,21.4,High School,38799.35,3056.66,0.22,3.0,91.6,5.7,5,0,3,18,10,Excellent,Capital One,checking,Susan Miller,407-790-9476,Married,Canadian,Shift 1,Part-Time,,,False,Kaiser Permanente,,2026-06-26 20:21:02
384,EMP-43344,Lisa,Johnson,Lisa Johnson,nON-bINARY,43.0,1983-01-28,lisa.johnson@company.com,309-448-1355,8669 Park Ave,San Jose,ca,U.S.A.,89793,Legal,Software Engineer,Susan Sanchez,active,remote,2018-05-10,,14.9,Bachelor's,72251.03,8709.76,0.24,4.0,99.8,0.0,1,75,4,15,4,Excellent,Capital One,savings,Michael Robinson,391-857-7585,MARRIED,Indian,Shift 2,FT,,,False,Cigna,Completed leadership onboarding,2026-06-21 20:21:02
385,EMP-94210,James,Ramirez,JAMES RAMIREZ,Non-Binary,54.0,,james.ramirez@company.com,833-558-2681,7180 Maple Rd   ,Philadelphia,PA,usa,65361,human resources,Marketing Specialist,Mark White,Active,Hybrid,2016-08-26,2024-02-16,14.6,MS,107799.29,10688.29,0.24,3.0,105.0,2.7,7,52,5,23,12,Excellent,Citibank,Checking,Robert Clark,370-282-8121,MARRIED,Mexican,Night,Contract,13.0, WS-13-67,True,Cigna,,2026-06-17 20:21:02
386,EMP-59334,Betty,Clark,Betty Clark,Female,28.0,1997-09-08,betty.clark@enterprise.org,300-430-9391,456 Main St,Philadelphia,PA,USA,28520,IT,   Sales Executive,Matthew Martinez,Terminated,Hybrid,2015-04-22,2025-06-28,8.2,High School,69868.24,8469.93,0.32,3.0,83.0,0.0,7,27,2,14,10,Good,Bank of America,checking,Richard Taylor,486-865-5007,MARRIED,American,NIGHT,Part-Time,4.0,WS-04-38,False,Blue Cross Blue Shield,,2026-06-12 20:21:02
387,EMP-26257,Mark,Anderson,Mark Anderson,Female,42.0,1984-02-02,mark.anderson@enterprise.org,(728) 667-9001,4566 Maple Rd,Boston,MA,US,47389,cUSTOMER sUPPORT,Sales Executive,Joseph White,Active,Onsite,2017-05-20,2025-03-22,8.7,PhD,104581.58,9388.37,0.32,4.0,98.1,7.1,6,25,2,7,1,Good,Citibank,Savings,Mary Martin,907-133-1762,Divorced,German,Day,FT,6.0,WS-06-60,True,UnitedHealth,Completed leadership onboarding,2026-07-20 20:21:02
388,EMP-78856,Margaret,Hernandez,Margaret Hernandez,Female,31.0,1995-02-26,margaret.hernandez@company.com,113-982-1603,1389 Main St,Phoenix,AZ,U.S.A.,97251,PRODUCT,Operations Manager,Karen Taylor,ACTIVE,remote,2019-01-19,2020-12-21,9.0,Master's,60150.59,9764.33,0.24,4.0,88.4,6.4,8,54,0,21,10,satisfactory,Citibank,Checking,William White,697-521-7551,single,Mexican,Night,contract,,,True,Aetna,N/A,2026-06-27 20:21:02
389,EMP-86830,Barbara,Smith,Barbara Smith,Female,,1990-07-04,barbara.smith@company.com,423-384-8883,2648 Main St,Austin,TX,United States,56472,Human Resources,Marketing Specialist,Joseph Ramirez,Terminated,REMOTE,2014-01-09,,0.5,High School,84040.67,7494.12,0.24,,88.8,0.0,2,2,5,26,2,satisfactory,Bank of America,savings,Christopher Davis,184-650-7656,single,Indian,Shift 1,Full-Time,,,True,Aetna,,2026-08-04 20:21:02
390,EMP-28527,Barbara,Taylor,Barbara Taylor,Non-Binary,29.0,1996-08-03,barbara.taylor@corp.net,(221) 600-6371,9559 Park Ave,Philadelphia,PA,USA,98790,Human Resources,Legal Counsel,David Lopez,active,Onsite,2020-06-13,2021-12-29,4.7,bachelor,70901.3,4577.75,0.15,5.0,95.0,0.1,4,68,0,13,6,Excellent,wELLS fARGO,CHECKING,Anthony Garcia,260-205-7061,Married,American,day,contract,15.0,WS-15-23,False,Aetna,,2026-06-19 20:21:02
391,EMP-62635,John,Miller,John Miller,Male,34.0,1991-02-09,john.miller@enterprise.org,787-829-2635,6007 Park Ave,atlanta,GA,usa,96985,Customer Support,Senior Developer,Susan Davis,Active,Hybrid,2018-10-22,,4.2,BS,81383.49,5268.94,0.24,3.0,100.0,7.2,10,13,0,18,1,satisfactory,TD Bank,savings,Daniel Martin,160-871-9625,Married,German,Shift 1,Part-Time,13.0,WS-13-25,True,Kaiser Permanente,Pending annual review,2026-07-30 20:21:02
392,EMP-92944,Margaret,Thomas,Margaret Thomas,Prefer Not to Say,,1984-07-17,margaret.thomas@enterprise.org,(103) 111-6656,8165 Oak Ave,San Jose,CA,US,82255,Engineering,HR Specialist,Mary Lee,active,Hybrid,2024-07-14,,7.1,BS,59416.97,4676.48,0.15,2.0,94.0,9.6,1,42,5,21,12,satisfactory,Chase,Savings,Sandra Lee,,MARRIED,American,Night,Part-Time,5.0,WS-05-11,False,Cigna,N/A,2026-06-14 20:21:02
393,EMP-62315,Daniel,  Martin   ,Daniel Martin,Non-Binary,34.0,1991-09-23,daniel.martin@company.com,541-924-3204,8463 Washington Blvd,Houston,TX,U.S.A.,59927,IT,Accountant  ,Christopher Jones,Active,REMOTE,2012-07-07,2021-02-04,4.0,bachelor,96520.14,4958.07,0.24,4.0,95.1,6.8,1,27,4,5,3,Good,Chase,checking,Betty Taylor,883-430-5028,MARRIED,British,Shift 1,Full-Time,,,True,Kaiser Permanente,,2026-07-16 20:21:02
394,EMP-67737,Robert,Moore,Robert Moore,pREFER nOT TO sAY,34.0,1992-07-31,ROBERT.MOORE@COMPANY.COM,927-669-5191,6880 Maple Rd,Boston,MA,U.S.A.,96616,Finance,Systems Administrator,Sarah Perez,Active,REMOTE,2015-09-11,2020-01-07,4.7,Bachelor's,47445.98,3470.17,0.15,4.0,85.7,5.3,5,54,3,18,10,good,capital one,savings,William Hernandez,324-591-5404,MARRIED,British,day,FT,,,False,Aetna,N/A,2026-07-30 20:21:02
395,EMP-72596,David,Lewis,David Lewis,Prefer Not to Say,40.0,1985-10-11,david.lewis@corp.net,495-800-3563,8177 Washington Blvd,San Antonio,TX,USA,39362,Product,Sales Executive  ,Mark Brown,On Leave,REMOTE,2021-07-28,,10.5,Bachelors,43376.19,3512.68,0.22,1.0,99.5,0.0,1,10,5,15,9,good,TD Bank,Savings,Sandra Rodriguez,636-387-9871,Married,British,NIGHT,PT,,,True,Cigna,,2026-06-16 20:21:02
396,EMP-43297,Susan,Lee,Susan Lee,Male,33.0,1992-07-20,susan.lee@corp.net,324-549-4965,8062 Main St,Philadelphia,PA,usa,52768,Product,Sales Executive,Robert Lewis,Terminated,remote,2022-11-13,2024-07-08,8.7,BS,107244.41,6135.63,0.22,4.0,99.5,0.0,10,8,0,24,11,Excellent,TD Bank,checking,Susan Anderson,799-257-9213,Single,Canadian,Day,Contract,,,False,Aetna,Transferred from regional branch,2026-08-03 20:21:02
397,EMP-98287,Jessica,Anderson,Jessica Anderson,PREFER NOT TO SAY,35.0,1991-09-14,jessica.anderson@enterprise.org,102-556-1366,9430 Main St,Boston,MA,U.S.A.,18476,Customer Support,HR Specialist,Daniel Rodriguez,active,Hybrid,2015-09-15,,3.5,MS,35000.0,5004.54,0.22,5.0,91.4,1.3,5,56,3,18,5,good,Wells Fargo,Checking,Jessica Smith,410-842-5314,Married,German,Shift 1,Part-Time,13.0,WS-13-65,False,Cigna,Transferred from regional branch,2026-07-26 20:21:02
398,EMP-10350,Anthony,Jackson,Anthony Jackson,Female,53.0,1972-08-03,anthony.jackson@enterprise.org,212-226-6456,4814 Park Ave,Austin,TX,United States,41508,Sales,Product Manager,Barbara Lopez,Terminated,Hybrid,2020-12-31,,5.5,Masters,85238.48,13611.25,0.15,4.0,94.2,11.0,4,79,5,15,2,Excellent,Bank of America,checking,,893-790-6636,MARRIED,British,Shift 2,Contract,15.0,WS-15-74,False,Blue Cross Blue Shield,Pending annual review,2026-07-20 20:21:02
399,EMP-37971,Lisa,White,lisa white,Male,27.0,1999-08-31, lisa.white@enterprise.org ,604-785-9014,4865 Main St,Seattle,WA,United States,51856,Engineering,Accountant,Elizabeth Lopez,On Leave,Onsite,2014-10-01,2022-02-21,15.1,MS,73028.24,4504.01,0.15,1.0,95.1,0.0,7,58,4,30,10,Good,capital one,CHECKING,Susan Thompson,641-420-6141,single,German,Night,Full-Time,12.0,WS-12-56,True,Kaiser Permanente,,2026-06-22 20:21:02
400,EMP-42766,Barbara,Miller,Barbara Miller,Non-Binary,45.0,1980-02-16,BARBARA.MILLER@ENTERPRISE.ORG,(897) 187-4500,219 Main St,Houston,TX,United States,16177,Sales,Systems Administrator,Karen Davis,active,hybrid,2017-01-17,,9.2,MS,94062.73,16275.44,0.24,5.0,96.4,12.9,1,6,3,26,11,Excellent,Wells Fargo,savings,Anthony Lopez,257-499-1412,Divorced,Canadian,NIGHT,FT,4.0,WS-04-70,False,Blue Cross Blue Shield,Pending annual review,2026-06-10 20:21:02
401,EMP-78562,Richard,Wilson,Richard Wilson,Female,38.0,1987-09-28,richard.wilson@company.com,210-699-9015,5558 Park Ave,Denver,CO,United States,61683,Customer Support,Marketing Specialist,William Gonzalez,ACTIVE,Remote,2016-01-21,,4.3,Masters,41058.05,2523.5,0.24,1.0,91.8,0.0,1,43,1,6,3,Needs Improvement,TD Bank,Checking,Daniel Jackson,957-839-8026,Single,Mexican,Shift 1,FT,,,True,Aetna,,2026-06-23 20:21:02
402,EMP-78449,Linda,Miller,LINDA MILLER,Female,64.0,,linda.miller@company.com,398-579-8911,8016 Washington Blvd,New York,ny,usa,81232,Legal,Senior Developer,James Thomas,On Leave,hybrid,2013-06-22,2022-01-29,5.6,PhD,35812.2,3305.14,0.32,5.0,98.7,13.1,10,28,0,12,10,Excellent,Citibank,checking,Margaret Gonzalez,539-578-5890,MARRIED,American,Shift 2,Full-Time,6.0,WS-06-97,True,UnitedHealth,,2026-06-20 20:21:02
403,EMP-73772,Christopher,Smith,Christopher Smith,Prefer Not to Say,47.0,1978-03-12, christopher.smith@enterprise.org ,657-245-7410,2031 Maple Rd,San Diego,CA,United States,18779,Product,Sales Executive,,Active,Onsite,2021-06-30,2020-04-12,10.1,High School,62075.45,10484.55,0.22,5.0,100.0,11.2,4,64,2,11,10,Needs Improvement,TD BANK,savings,Barbara Anderson,922-434-2383,Divorced,British,Shift 2,PT,4.0,WS-04-98,,Aetna,,2026-06-14 20:21:02
404,EMP-21590,Robert,Robinson,Robert Robinson,Prefer Not to Say,,1997-08-14,robert.robinson@corp.net,977-597-1439,1033 Park Ave,houston,TX,usa,26982,product,Data Analyst,William Moore,active,hybrid,2024-06-14,2022-05-05,2.5,MS,69684.61,4689.46,0.32,4.0,100.0,16.0,1,49,2,12,4,Good,TD Bank,CHECKING,Margaret Thompson,750-784-4820,single,Canadian,Day,Part-Time,4.0,WS-04-32,False,Cigna,N/A,2026-07-04 20:21:02
405,EMP-44606,Betty,   Hernandez   ,Betty Hernandez,Prefer Not to Say,40.0,1985-04-30,betty.hernandez@enterprise.org,266-595-1843,9598 Maple Rd,San Diego,CA,US,64205,hr,Operations Manager,Elizabeth Lewis,Active,hybrid,2019-11-16,2025-03-04,9.3,PhD,72313.83,7817.86,0.24,5.0,99.1,3.8,4,74,0,24,8,Good,TD Bank,checking,,544-488-3981,single,American,Night,PT,3.0,WS-03-62,False,Cigna,,2026-07-07 20:21:02
406,EMP-88137,   Barbara  ,Anderson,Barbara Anderson,Female,19.0,2007-03-31,barbara.anderson@company.com,(466) 226-3130,6766 Park Ave,Dallas,tx,USA,95610,Sales,Accountant,Matthew Davis,Active,Remote,2017-02-25,,13.9,MS,106712.93,19575.37,0.32,5.0,98.9,0.0,1,51,4,16,10,Excellent,Bank of America,CHECKING,Mark Gonzalez,243-713-6005,MARRIED,British,Night,FT,,,True,Cigna,N/A,2026-06-09 20:21:02
407,EMP-82834,David,Martinez,DAVID MARTINEZ,Male,28.0,1997-11-15,david.martinez@corp.net,520-878-5959,9228 Washington Blvd,Chicago,IL,usa,93563,Operations,Systems Administrator,Linda White,Active,Remote,2014-09-29,,15.4,PhD,,12930.97,0.24,5.0,88.9,0.0,10,73,5,9,8,good,Capital One,savings,Jennifer Robinson,608-307-2249,Married,British,day,Contract,,,False,Blue Cross Blue Shield,,2026-06-29 20:21:02
408,EMP-61419,Elizabeth,Martinez,elizabeth martinez,male,28.0,1997-02-12,elizabeth.martinez@enterprise.org,(121) 250-3608,8113 Maple Rd,Seattle,WA,USA,45597,Sales,Operations Manager,Betty Thompson,active,Hybrid,2021-02-06,2025-03-25,5.8,Bachelors,75991.57,7851.96,0.32,3.0,94.2,0.0,7,7,3,22,12,Good,Wells Fargo,Savings,Michael Smith,481-619-9084,Married,German,day,Part-Time,7.0,WS-07-78,True,Blue Cross Blue Shield,N/A,2026-06-27 20:21:02
409,EMP-30123,Linda,   Jones,Linda Jones,prefer not to say,23.0,2002-04-20,linda.jones@enterprise.org,235-128-3115,9313 Oak Ave,PHILADELPHIA,pa,USA,56246,Marketing,Operations Manager,James Clark,ACTIVE,Remote,2022-09-09,2025-09-01,14.1,Bachelor's,71987.88,14016.04,0.24,3.0,91.4,3.7,10,56,0,14,9,Excellent,Chase,savings,David Clark,409-812-2813,Divorced,Canadian,Shift 1,PT,,,False,Kaiser Permanente,,2026-07-27 20:21:02
410,EMP-55328,Karen,Williams,Karen Williams,Prefer Not to Say,47.0,1979-10-24,karen.williams@enterprise.org,(295) 750-6008,7676 Park Ave,Houston,TX,US,89115,Product,Data Analyst,Richard Harris,Active,Remote,2023-08-18,2020-06-25,16.1,Bachelors,50313.02,4224.24,0.15,3.0,92.0,44.3,1,80,0,28,0,Needs Improvement,wells fargo,Checking,Susan Thompson,333-589-7802,Married,Indian,Shift 2,contract,,,True,UnitedHealth,Transferred from regional branch,2026-08-02 20:21:02
411,EMP-38943,Susan,   Sanchez   ,Susan Sanchez,NON-BINARY,56.0,1970-12-29,SUSAN.SANCHEZ@ENTERPRISE.ORG,167-364-9050,288 Main St,Boston,MA,USA,26498,Marketing,Sales Executive,Lisa Rodriguez,Active,Remote,2015-07-17,2022-09-19,5.7,Master's,74080.6,11309.05,0.32,4.0,89.3,0.3,10,2,1,10,6,Excellent,TD Bank,Savings,,836-307-3347,Single,Mexican,Day,contract,,,True,Cigna,,2026-07-16 20:21:02
412,EMP-49466,Robert,Anderson,Robert Anderson,Non-Binary,43.0,1982-10-18,ROBERT.ANDERSON@COMPANY.COM,841-822-2002,9453 Oak Ave,Seattle,WA,US,50078,IT,Software Engineer,Betty Miller,ACTIVE,REMOTE,2016-02-09,2023-11-21,8.0,PhD,66272.28,5524.78,0.22,5.0,94.5,0.0,8,29,2,15,3,satisfactory,TD Bank,Savings,Linda Wilson,965-283-3499,single,British,Day,contract,,,False,Cigna,,2026-08-02 20:21:02
413,EMP-52493,Sandra,Williams,Sandra Williams,Male,37.0,1988-12-31,sandra.williams@enterprise.org,749-815-1857,5685 Washington Blvd,Phoenix,AZ,US,20314,Finance,Sales Executive,Robert Hernandez,active,Onsite,2022-11-27,2020-11-04,6.1,bachelor,69824.08,11165.85,0.15,3.0,100.0,3.4,10,32,0,24,11,good,Chase,savings,Betty Harris,608-224-7427,Married,Canadian,day,contract,11.0,WS-11-26,False,Cigna,High potential,2026-07-27 20:21:02
414,EMP-19756,Nancy,Perez,Nancy Perez,Female,,1988-01-01,nancy.perez@company.com,(721) 675-7314,9859 Washington Blvd,Dallas,TX,usa,20137,Marketing, Support Agent   ,,Active,remote,2014-02-25,2022-06-05,9.1,PhD,79791.53,10266.52,0.22,1.0,99.5,17.5,2,49,1,22,8,EXCELLENT,Citibank,savings,Daniel Moore,190-640-6787,MARRIED,American,Shift 1,contract,,,True,Cigna,N/A,2026-06-17 20:21:02
415,EMP-82981,Sarah,Harris,sarah harris,Female,36.0,1989-01-02,SARAH.HARRIS@CORP.NET,558-258-4164,7736 Park Ave,San Diego,CA,USA,13772,marketing,Support Agent,Mark Taylor,Terminated,hybrid,2024-10-10,,10.2,Master's,43582.48,6151.0,0.32,1.0,89.4,7.8,7,48,4,21,11,good,Citibank,CHECKING,David Harris,203-186-7962,single,American,Shift 1,contract,10.0,WS-10-56,True,Aetna,High potential,2026-06-07 20:21:02
416,EMP-92027,Christopher,Anderson,,MALE,39.0,1986-12-21,christopher.anderson@company.com,913-347-1301,7981 Main St,Austin,TX,U.S.A.,31087,human resources,Product Manager,James Ramirez,Active,hybrid,2013-04-16,,2.1,Masters,106456.29,5702.47,0.24,3.0,96.3,17.9,1,72,4,22,3,Needs Improvement,Citibank,savings,Linda Taylor,238-417-7185,Married,American,Night,Contract,4.0,WS-04-77,,Kaiser Permanente,High potential,2026-07-15 20:21:02
417,EMP-30629,Karen,Martinez,,NON-BINARY,19.0,2007-08-03,karen.martinez@enterprise.org,256-624-9135,6286 Oak Ave,Seattle,wa,U.S.A.,30342,Customer Support,Software Engineer,Linda Lewis,Active,Hybrid,2020-07-28,2025-01-23,5.3,Bachelor's,59244.32,3662.6,0.15,3.0,91.9,0.6,9,1,2,7,6,good,citibank,CHECKING,Margaret Brown,322-693-3082,MARRIED,British,Shift 1,FT,11.0, WS-11-88,False,Cigna,Transferred from regional branch,2026-06-30 20:21:02
418,EMP-46942,Elizabeth,Martinez,Elizabeth Martinez,Female,25.0,2001-02-06,elizabeth.martinez@company.com,407-475-1680,8832 Main St,Houston,TX,USA,59841,IT,Marketing Specialist,Karen Harris,Terminated,remote,2012-02-22,,,PhD,76222.31,12820.09,0.15,1.0,97.5,4.3,6,48,5,26,9,Excellent,Wells Fargo,savings,Sarah Moore,316-396-2038,Married,British,Day,Contract,,,True,Blue Cross Blue Shield,Transferred from regional branch,2026-06-05 20:21:02
419,EMP-83710,Christopher,Brown,CHRISTOPHER BROWN,FEMALE,27.0,1999-04-01,christopher.brown@corp.net,(469) 524-1022,7525 Main St,San Jose,CA,usa,75972,MARKETING,  Accountant  ,William Hernandez,active,Remote,2022-04-07,,9.2,Masters,116481.65,13773.85,0.22,2.0,90.4,0.0,10,80,4,24,8,good,Chase,Savings,Linda Martin,334-502-5733,single,British,Day,Full-Time,,,,Aetna,,2026-07-07 20:21:02
420,EMP-55952,Linda,Williams,Linda Williams,pREFER nOT TO sAY,18.0,2007-02-07,linda.williams@corp.net,(905) 196-3715,449 Main St,Philadelphia,pa,US,48088,Product,Marketing Specialist,Richard Harris,Terminated,REMOTE,2018-02-03,2025-10-17,6.6,Bachelors,97019.19,8437.61,0.15,1.0,100.0,9.7,2,56,3,29,3,satisfactory,Citibank,checking,Karen Miller,935-137-8276,Single,American,Shift 2,Full-Time,,,False,Blue Cross Blue Shield,N/A,2026-07-25 20:21:02
421,EMP-22166,William,Martinez,William Martinez,Prefer Not to Say,33.0,1992-08-26,william.martinez@corp.net,818-450-7128,534 Oak Ave,Chicago,IL,usa,57211,Engineering,Software Engineer,Daniel Sanchez,Active,remote,2021-01-24,2022-05-28,1.6,Bachelor's,74397.11,10565.4,0.32,2.0,92.2,7.8,5,54,5,9,4,Needs Improvement,Citibank,Savings,Sandra Robinson,864-931-6717,single,British,NIGHT,Part-Time,,,True,Cigna,Transferred from regional branch,2026-07-30 20:21:02
422,EMP-44180,Daniel,Williams,Daniel Williams,Male,40.0,1986-09-16,daniel.williams@company.com,203-589-4751,2089 Washington Blvd,Boston,MA,USA,13210,IT,Accountant,Barbara Harris,Active,remote,2016-09-05,2025-12-31,10.3,PhD,,18453.43,0.24,3.0,95.5,0.0,4,32,5,9,7,satisfactory,Chase,savings,Richard White,254-470-6278,Single,British,Day,PT,,,True,Blue Cross Blue Shield,,2026-06-15 20:21:02
423,EMP-24560,Nancy,Harris,Nancy Harris,Female,41.0,1985-09-30, NANCY.HARRIS@COMPANY.COM ,(148) 788-9388,6251 Park Ave,Chicago,il,US,99181,Operations,Product Manager,Nancy Robinson,Active,Hybrid,2017-11-19,2025-07-15,6.0,PhD,80382.54,6973.33,0.24,3.0,93.3,0.0,2,67,4,9,2,EXCELLENT,Citibank,Checking,Thomas White,941-394-2991,Single,German,NIGHT,contract,12.0,WS-12-38,True,UnitedHealth,High potential,2026-07-08 20:21:02
424,EMP-89632,Linda,Wilson,Linda Wilson,Prefer Not to Say,44.0,1981-01-16,linda.wilson@company.com,(685) 851-4737,2544 Washington Blvd,Austin,TX,U.S.A.,23329,IT,Operations Manager,Betty Martin,active,Remote,2016-03-07,,6.2,MS,82542.01,7323.19,0.24,2.0,94.9,6.6,9,55,4,8,1,EXCELLENT,Wells Fargo,Savings,Linda Johnson,,MARRIED,Indian,Shift 2,Full-Time,,,False,UnitedHealth,Transferred from regional branch,2026-06-15 20:21:02
425,EMP-17312,Matthew,Lee,Matthew Lee,Prefer Not to Say,40.0,1985-12-31,MATTHEW.LEE@CORP.NET,(499) 341-8667,6576 Main St,CHICAGO,il,usa,34937,SALES,Software Engineer,David Lopez,Terminated,REMOTE,2022-12-25,2022-07-20,13.2,bachelor,46038.87,4781.16,0.24,3.0,90.8,2.3,5,57,2,26,1,EXCELLENT,Chase,Savings,Richard Robinson,323-827-9645,Divorced,Indian,NIGHT,FT,,,False,Aetna,N/A,2026-07-17 20:21:02
426,EMP-31019,Michael,Miller,Michael Miller,Female,32.0,1993-09-16,MICHAEL.MILLER@CORP.NET,958-985-3806, 8697 Oak Ave  ,DENVER,CO,U.S.A.,48090,Finance,Product Manager,John Martin,Active,REMOTE,2018-08-13,,14.9,Bachelor's,35000.0,5511.47,0.32,2.0,100.0,0.0,6,45,2,7,10,satisfactory,chase,checking,,217-733-5973,Divorced,German,Night,Part-Time,,,False,Aetna,,2026-08-04 20:21:02
427,EMP-69217,Robert,   Jones,Robert Jones,Non-Binary,48.0,1978-10-18,robert.jones@enterprise.org,(545) 885-3319,1932 Washington Blvd,Boston,ma,U.S.A.,38981,Product,Legal Counsel,,Active,Onsite,2017-09-13,,9.1,Bachelor's,73902.12,8013.22,0.24,5.0,96.4,17.6,5,42,4,5,1,Good,TD Bank,savings,Susan Martinez,522-950-3784,MARRIED,Canadian,Shift 1,Full-Time,2.0,   WS-02-55  ,False,Aetna,High potential,2026-07-25 20:21:02
428,EMP-53439,Barbara,Garcia,Barbara Garcia,Male,42.0,1983-07-17,barbara.garcia@corp.net,377-857-1938,2956 Maple Rd,Seattle,WA,usa,98652,customer support, Data Analyst  ,Thomas Perez,Active,remote,2021-12-27,2021-12-26,15.5,bachelor,98316.12,11480.5,0.15,,94.0,22.4,9,64,0,27,12,Needs Improvement,CITIBANK,CHECKING,Susan Williams,969-963-6070,Married,Canadian,day,Part-Time,,,False,UnitedHealth,Completed leadership onboarding,2026-06-23 20:21:02
429,EMP-57771,Karen,Lewis,Karen Lewis,Prefer Not to Say,43.0,1983-09-14,KAREN.LEWIS@COMPANY.COM,706-916-9982,7763 Washington Blvd,houston,TX,US,67953,Customer Support, Systems Administrator  ,Thomas Jackson,Active,Onsite,2019-10-26,2021-11-18,0.5,bachelor,88118.02,13781.48,0.32,,96.0,0.0,7,9,1,26,8,satisfactory,Capital One,CHECKING,Karen White,803-607-5600,Single,German,Day,contract,4.0,WS-04-83,False,Kaiser Permanente,Pending annual review,2026-06-25 20:21:02
430,EMP-53038,Daniel,Gonzalez,Daniel Gonzalez,Prefer Not to Say,37.0,1989-11-23,daniel.gonzalez@company.com,674-981-9390,3947 Park Ave,San Antonio,tx,US,41812,it,Software Engineer,Jessica Jackson,Terminated,REMOTE,2018-08-31,2023-07-04,6.1,Masters,97482.25,9402.75,0.15,4.0,99.7,0.0,7,17,3,25,12,Good,Wells Fargo,checking,Matthew Anderson,,Divorced,Canadian,Shift 1,PT,,,True,Kaiser Permanente,N/A,2026-06-25 20:21:02
431,EMP-84408,Lisa,Johnson,Lisa Johnson,Non-Binary,30.0,1996-06-03,lisa.johnson@corp.net,665-173-7199,5123 Main St,San Diego,CA,United States,37592,Legal,Data Analyst,Anthony Anderson,On Leave,Onsite,2016-05-02,,,Bachelors,55566.87,7234.26,0.22,2.0,88.1,16.3,5,1,1,11,6,Needs Improvement,Capital One,Savings,Sarah Hernandez,144-845-4068,Married,German,Shift 2,Contract,4.0,WS-04-30,False,UnitedHealth,High potential,2026-07-07 20:21:02
432,EMP-30430,William,Martin,William Martin,Prefer Not to Say,29.0,1997-09-19,william.martin@company.com,452-811-8397,6835 Main St,New York,ny,USA,19652,Sales,Sales Executive,Margaret Thomas,Active,Remote,2014-06-01,2022-10-18,4.6,Bachelor's,64287.73,4636.51,0.15,4.0,99.3,0.1,3,21,1,22,10,Excellent,TD Bank,Checking,Barbara Gonzalez,529-670-6778,Single,British,Shift 1,Contract,,,False,UnitedHealth,Transferred from regional branch,2026-07-27 20:21:02
433,EMP-63462,Michael,Thompson   ,Michael Thompson,fEMALE,45.0,1981-02-23,michael.thompson@company.com,(943) 520-1579,6658 Park Ave,New York,NY,United States,96597,Finance,Support Agent,Charles Smith,ACTIVE,Remote,2015-05-11,,10.6,Master's,62170.37,6842.57,0.15,4.0,97.2,0.0,2,43,5,8,2,EXCELLENT,Chase,Savings,William Martinez,568-546-8792,Single,Indian,Night,contract,,,True,Aetna,Completed leadership onboarding,2026-06-22 20:21:02
434,EMP-40305,Charles,White,Charles White,Prefer Not to Say,46.0,,charles.white@enterprise.org,(527) 143-1911,3920 Washington Blvd,Atlanta,GA,U.S.A.,46664,Engineering,Operations Manager,Jessica White,On Leave,Remote,2024-04-12,2020-09-11,11.8,BS,98778.27,14721.43,0.15,1.0,98.5,18.7,9,6,2,13,6,satisfactory,Citibank,CHECKING,David Jones,,MARRIED,Indian,NIGHT,Full-Time,,,False,UnitedHealth,,2026-06-25 20:21:02
435,EMP-43694,Sandra,Clark,Sandra Clark,Prefer Not to Say,30.0,1996-07-14, sandra.clark@enterprise.org ,720-379-7825,7210 Main St,Philadelphia,PA,USA,90585,IT,HR Specialist,Robert Gonzalez,active,REMOTE,2015-01-21,2021-08-23,9.1,Bachelor's,58595.17,9573.48,0.32,,94.9,5.2,9,54,0,15,6,satisfactory,TD Bank,CHECKING,James Sanchez,806-959-7576,single,Mexican,Shift 1,contract,,,True,Kaiser Permanente,Transferred from regional branch,2026-07-28 20:21:02
436,EMP-32832,Matthew,Harris,Matthew Harris,Non-Binary,31.0,1995-02-13, matthew.harris@company.com ,797-367-1323,7821 Main St,Dallas,TX,USA,99804,HR,Product Manager,Patricia White,On Leave,Hybrid,2013-04-21,,7.3,High School,59151.6,9452.51,0.32,2.0,93.5,0.0,1,41,0,7,0,Needs Improvement,chase,savings,Mary Clark,,Married,American,Shift 1,Full-Time,3.0,WS-03-54,False,Aetna,Completed leadership onboarding,2026-07-24 20:21:02
437,EMP-14295,John,Smith,John Smith,Prefer Not to Say,19.0,2007-12-11,john.smith@enterprise.org,709-987-8394,5777 Oak Ave,Seattle,WA,United States,98893,Sales,HR Specialist,Barbara Harris,On Leave,Hybrid,2012-11-18,2024-02-09,9.1,bachelor,75024.11,14300.7,0.22,4.0,90.9,15.8,10,77,3,17,8,EXCELLENT,TD Bank,savings,,642-427-6627,Single,Indian,Shift 1,PT,11.0,WS-11-15,False,Cigna,Transferred from regional branch,2026-07-18 20:21:02
438,EMP-45765,Charles  ,Martin,Charles Martin,Non-Binary,36.0,1989-01-28,charles.martin@corp.net,(883) 349-6199,   1692 Main St   ,Chicago,IL,USA,19282,Sales,Support Agent,Karen Moore,ACTIVE,Hybrid,2016-12-26,2020-11-08,8.4,MS,71772.71,10758.82,0.32,2.0,91.5,3.5,1,5,1,9,10,good,Wells Fargo,CHECKING,Jessica Perez,108-442-6437,Married,Mexican,day,FT,15.0,WS-15-80,True,UnitedHealth,,2026-07-19 20:21:02
439,EMP-89803,Lisa,Moore,,Female,30.0,1995-04-17,lisa.moore@corp.net,284-182-5296,8870 Main St,SAN ANTONIO,tx,US,55106,IT,HR Specialist,Betty Clark,Terminated,REMOTE,2022-03-16,2025-11-19,3.3,PhD,91589.5,8409.48,0.32,3.0,94.0,0.0,10,17,5,23,11,Excellent,Citibank,Checking,Daniel Hernandez,545-286-8433,Single,German,day,Part-Time,,,False,Aetna,Transferred from regional branch,2026-07-28 20:21:02
440,EMP-30079,Anthony,Rodriguez,Anthony Rodriguez,Female,35.0,1990-12-24,anthony.rodriguez@company.com,239-822-3167,7724 Main St,Seattle,WA,USA,53946,operations,Sales Executive,,ACTIVE,Remote,2022-01-30,2023-05-11,0.5,Bachelors,87708.36,10174.07,0.32,1.0,88.8,0.0,5,58,2,18,3,EXCELLENT,cHASE,Checking,Michael Moore,603-657-4047,single,Mexican,Day,FT,,,False,UnitedHealth,N/A,2026-07-03 20:21:02
441,EMP-53427,Thomas,Gonzalez,Thomas Gonzalez,Male,,1988-10-05,thomas.gonzalez@corp.net,(275) 778-9573,5278 Park Ave,Seattle,WA,USA,87244,IT,Marketing Specialist,Thomas Lewis,ACTIVE,REMOTE,2018-06-05,2020-05-27,9.4,Bachelors,102213.17,15380.76,0.22,5.0,88.5,1.3,3,26,5,10,0,Excellent,Citibank,CHECKING,Susan Martinez,553-993-8873,Married,Indian,day,contract,,,False,Aetna,Transferred from regional branch,2026-07-11 20:21:02
442,EMP-13808,Lisa,Davis,Lisa Davis,Female,38.0,1987-03-23,lisa.davis@company.com,(327) 372-6684,7969 Oak Ave,Boston,MA,US,65742,Finance,Product Manager,,Active,Hybrid,2016-10-10,,13.0,PhD,118749.78,22708.25,0.22,2.0,88.5,9.8,8,2,2,27,2,Good,Chase,Savings,David Hernandez,520-633-4652,single,Indian,NIGHT,Full-Time,5.0,WS-05-23 ,False,Cigna,Completed leadership onboarding,2026-07-17 20:21:02
443,EMP-62393,Betty,Lee,Betty Lee,Non-Binary,,1985-10-13,betty.lee@enterprise.org,312-291-3921,4743 Park Ave,San Jose,CA,United States,56170,legal,Systems Administrator,Mark Garcia,Terminated,Hybrid,2019-01-06,2023-02-16,5.5,MS,91142.45,,0.24,2.0,90.1,17.3,4,31,4,21,0,satisfactory,Chase,CHECKING,Jessica Williams,484-247-9917,Divorced,Indian,day,PT,1.0,WS-01-51,True,Blue Cross Blue Shield,High potential,2026-07-22 20:21:02
444,EMP-37093,Joseph,Rodriguez,joseph rodriguez,Prefer Not to Say,40.0,1986-04-17,joseph.rodriguez@enterprise.org,735-476-8580,5890 Washington Blvd,Seattle,WA,US,54991,Customer Support,Software Engineer,David Lewis,ACTIVE,hybrid,2020-09-03,,14.8,Bachelor's,51887.49,4932.13,0.24,1.0,95.3,14.9,6,16,5,26,5,Excellent,Chase,CHECKING,Christopher Taylor,877-176-7461,Single,American,day,contract,12.0,  WS-12-33,False,Blue Cross Blue Shield,,2026-07-27 20:21:02
445,EMP-72073,Christopher,Gonzalez,christopher gonzalez,Female,37.0,1989-01-06,CHRISTOPHER.GONZALEZ@COMPANY.COM,855-391-5681,7251 Oak Ave,New York,ny,United States,12890,human resources,Data Analyst,Mark Johnson,active,hybrid,2015-09-11,,0.5,Bachelors,61105.74,5642.93,0.24,1.0,93.0,0.0,3,41,2,18,0,EXCELLENT,Capital One,Checking,Margaret Brown,409-858-4821,MARRIED,German,Shift 1,FT,2.0,WS-02-35,False,Cigna,,2026-07-30 20:21:02
446,EMP-34332,Jessica,Davis,Jessica Davis,Female,32.0,1994-12-26, jessica.davis@company.com ,(979) 412-1563,9210 Park Ave,Chicago,IL,USA,19205,Product,Sales Executive,Patricia Clark,ACTIVE,REMOTE,2012-10-22,2020-10-14,8.8,bachelor,58551.6,11396.12,0.22,1.0,100.0,0.0,7,62,0,14,11,satisfactory,Chase,Checking,James Ramirez,807-661-2511,MARRIED,Indian,Shift 1,Full-Time,,,False,Blue Cross Blue Shield,High potential,2026-07-22 20:21:02
447,EMP-30825,James,Harris,James Harris,Non-Binary,31.0,1994-03-20,james.harris@corp.net,(832) 607-8434,2590 Oak Ave ,Philadelphia,pa,usa,,Marketing,Systems Administrator,John Williams,active,hybrid,2013-03-25,,8.1,PhD,94101.93,18411.67,0.32,2.0,89.8,0.6,1,44,4,24,4,good,Capital One,savings,Richard Perez,981-832-3243,Married,Canadian,NIGHT,FT,1.0,WS-01-13,False,Blue Cross Blue Shield,High potential,2026-06-10 20:21:02
448,EMP-18611,William,Lee,william lee,Prefer Not to Say,46.0,1980-05-17,william.lee@corp.net,(996) 766-3803,9566 Washington Blvd,Houston,TX,USA,78760,Customer Support,Senior Developer,Barbara Moore,ACTIVE,Hybrid,2019-12-26,,3.7,bachelor,61837.67,4152.35,0.32,1.0,93.5,4.5,3,30,3,20,8,Needs Improvement,Bank of America,savings,Michael Gonzalez,961-750-4154,Married,Mexican,Day,Full-Time,5.0,WS-05-98,False,Kaiser Permanente,N/A,2026-06-08 20:21:02
449,EMP-45844,Thomas,Wilson,Thomas Wilson,Prefer Not to Say,45.0,1981-02-13,thomas.wilson@enterprise.org,592-509-1611,8502 Main St,Los Angeles,CA,USA,45304,HR,Legal Counsel,Richard Lewis,On Leave,REMOTE,2020-07-19,,5.6,Bachelors,95548.43,17353.28,0.22,4.0,91.7,22.2,6,80,2,17,5,Good,Bank of America,CHECKING,Linda Gonzalez,361-969-4792,Single,British,Day,Part-Time,,,False,UnitedHealth,Completed leadership onboarding,2026-07-18 20:21:02
450,EMP-54297,Betty,Jackson,betty jackson,Male,46.0,1980-02-28,BETTY.JACKSON@COMPANY.COM,635-485-8726,7391 Oak Ave,Atlanta,ga,USA,79517,Customer Support,Software Engineer,David Clark,On Leave,Onsite,2016-05-05,,7.3,Bachelor's,82809.3,15552.27,0.15,1.0,94.5,0.9,1,30,2,21,10,Good,Capital One,savings,,807-530-3829,MARRIED,British,NIGHT,contract,10.0,WS-10-52,True,Aetna,Transferred from regional branch,2026-07-19 20:21:02
451,EMP-47366,Karen,White,Karen White,Prefer Not to Say,37.0,1988-12-28,karen.white@company.com,(112) 214-7797,7420 Oak Ave,Atlanta,GA,USA,70418,Sales,Sales Executive,Linda Hernandez,active,remote,2016-10-09,2021-10-26,17.9,High School,106375.57,16782.32,0.15,1.0,105.0,12.2,2,16,5,27,9,Good,TD Bank,savings,Richard Williams,345-141-5433,MARRIED,British,day,Contract,,,True,UnitedHealth,Pending annual review,2026-06-08 20:21:02
452,EMP-93505,Betty,Lewis,bETTY lEWIS,Female,47.0,1979-11-22,betty.lewis@enterprise.org,687-668-3042,5436 Washington Blvd,Austin,TX,usa,69814,LEGAL,Data Analyst,Sarah Jones,ACTIVE,Onsite,2023-10-08,2025-04-03,14.2,High School,76773.15,7035.44,0.15,4.0,96.0,3.5,2,9,2,17,4,Good,Citibank,Checking,Patricia Jackson,346-161-8495,Divorced,Canadian,NIGHT,Contract,14.0,WS-14-72,False,Aetna,Pending annual review,2026-06-19 20:21:02
453,EMP-97700,Jessica,Martinez,Jessica Martinez,Male,40.0,1985-05-04,jessica.martinez@enterprise.org,(188) 868-1504,8014 Park Ave,Dallas,TX,usa,17917,Product,Software Engineer,Susan Lopez,active,Remote,2024-04-26,2024-01-18,6.6,MS,66237.8,10842.94,0.22,1.0,105.0,0.0,8,1,5,23,0,good,Chase,savings,Thomas Harris,746-624-7830,single,Mexican,Night,Part-Time,,,True,Blue Cross Blue Shield,Transferred from regional branch,2026-06-09 20:21:02
454,EMP-77482,Linda,Rodriguez,Linda Rodriguez,Prefer Not to Say,42.0,1984-02-24,linda.rodriguez@company.com,917-393-5407,7097 Washington Blvd,Denver,CO,United States,98733,IT,  Legal Counsel,,active,Onsite,2016-05-06,,7.4,BS,35000.0,4046.68,0.22,1.0,95.1,6.1,5,44,1,16,7,Excellent,bank of america,Checking,Joseph Harris,364-894-1642,Married,British,Day,FT,9.0,WS-09-53,False,Aetna,N/A,2026-07-23 20:21:02
455,EMP-73201,Matthew,Lee,Matthew Lee,Female,32.0,1994-02-22,MATTHEW.LEE@COMPANY.COM,(364) 232-3448,8613 Oak Ave,Dallas,TX,United States,38719,Finance,Operations Manager,Mary Davis,ACTIVE,remote,2013-03-11,,1.9,Masters,64837.2,5261.05,0.15,2.0,105.0,0.0,4,25,5,8,10,satisfactory,Capital One,CHECKING,Michael Moore,508-749-2351,single,Mexican,NIGHT,Full-Time,,,False,Cigna,High potential,2026-06-14 20:21:02
456,EMP-94111,Christopher,Lopez,Christopher Lopez,Prefer Not to Say,33.0,1993-10-30,christopher.lopez@enterprise.org,845-951-3360,3744 Washington Blvd,Los Angeles,CA,U.S.A.,30623,Engineering,Senior Developer,Anthony Anderson,Terminated,remote,2023-09-19,2022-04-16,15.3,BS,81534.9,10877.89,0.15,2.0,96.5,2.4,9,27,5,11,1,satisfactory,wells fargo,Savings,Patricia Martin,875-695-7891,Divorced,American,NIGHT,contract,,,True,Blue Cross Blue Shield,,2026-06-09 20:21:02
457,EMP-95111,Thomas,Gonzalez,Thomas Gonzalez,Non-Binary,34.0,1991-11-01,thomas.gonzalez@corp.net,(697) 466-2458,3134 Maple Rd,Atlanta,ga,US,71564,FINANCE,Sales Executive,Richard Davis,On Leave,Hybrid,2016-08-13,2024-08-25,18.5,Masters,69539.6,13041.67,0.22,5.0,96.8,11.3,7,46,3,29,10,satisfactory,Wells Fargo,savings,Mary Taylor,132-154-3451,Single,American,NIGHT,Part-Time,12.0,WS-12-69,False,Aetna,Completed leadership onboarding,2026-07-25 20:21:02
458,EMP-55996,Lisa,Gonzalez,Lisa Gonzalez,Female,22.0,2004-06-01,lisa.gonzalez@corp.net,500-105-2573,9090 Park Ave,sAN jOSE,CA,US,13002,Marketing,Senior Developer,Elizabeth Martinez,On Leave,REMOTE,2024-10-21,2022-03-20,12.1,High School,82528.19,8620.9,0.15,4.0,90.5,13.4,10,2,4,11,7,EXCELLENT,Citibank,checking,Christopher Moore,392-458-9041,Divorced,Indian,Shift 2,PT,,,False,Cigna,Pending annual review,2026-07-21 20:21:02
459,EMP-80721,Joseph,   Harris,Joseph Harris,Non-Binary,48.0,1977-03-31,joseph.harris@enterprise.org,553-192-9661,4580 Oak Ave,Atlanta,GA,usa,56499,Product,Operations Manager,Mary Gonzalez,Active,Onsite,2015-05-12,,1.2,MS,105960.0,18048.41,0.22,3.0,91.2,2.2,6,32,4,17,9,Good,Bank of America,Savings,Anthony Brown,498-132-4852,Single,American,day,PT,1.0,WS-01-36,False,UnitedHealth,,2026-06-08 20:21:02
460,EMP-49276,Charles,Sanchez,Charles Sanchez,Male,34.0,1992-03-12,CHARLES.SANCHEZ@COMPANY.COM,343-844-7636,8336 Main St,Seattle,WA,usa,93732,sALES,Legal Counsel,Michael Miller,active,REMOTE,2021-04-30,2024-06-30,,bachelor,64117.72,,0.15,2.0,94.2,1.2,9,1,0,5,1,Excellent,Wells Fargo,savings,Patricia Moore,483-672-1897,Single,Mexican,Shift 1,PT,,,True,Cigna,Completed leadership onboarding,2026-07-12 20:21:02
461,EMP-14742,Mark,Lopez,Mark Lopez,Female,20.0,2006-06-30,mark.lopez@corp.net,(107) 649-1187,3442 Oak Ave,Austin,TX,U.S.A.,83203,customer support,Senior Developer,Charles Davis,Active,Onsite,2016-05-14,,8.6,BS,44493.62,8041.33,0.24,1.0,89.3,0.2,8,9,3,20,5,Needs Improvement,Capital One,Savings,Daniel Anderson,107-497-7544,Married,Indian,NIGHT,Part-Time,12.0,WS-12-14,True,Kaiser Permanente,N/A,2026-07-08 20:21:02
462,EMP-51681,Jessica ,Perez,JESSICA PEREZ,Male,35.0,1991-11-16,jessica.perez@company.com,326-300-1971,8215 Park Ave,Chicago,IL,U.S.A.,27780,Finance,Marketing Specialist,David Martin,ACTIVE,hybrid,2023-04-29,2021-03-07,3.0,MS,35000.0,4746.28,0.15,3.0,94.0,0.0,3,6,1,30,6,EXCELLENT,cAPITAL oNE,checking,Matthew Brown,670-887-1218,single,American,day,contract,2.0,WS-02-98,True,Kaiser Permanente,Pending annual review,2026-06-29 20:21:02
463,EMP-52687,William,Rodriguez,william rodriguez,Non-Binary,62.0,1963-02-05,william.rodriguez@company.com,542-708-4611,9463 Main St,Austin,TX,US,28567,SALES,HR Specialist,Nancy Smith,Active,remote,2021-12-08,2022-01-03,11.9,bachelor,74614.79,10749.39,0.32,4.0,93.7,33.1,4,5,0,17,4,good,Bank of America,savings,Patricia Thomas,788-829-7149,Divorced,Mexican,Day,Part-Time,,,False,Cigna,,2026-07-11 20:21:02
464,EMP-27970,Matthew,White,Matthew White,Female,58.0,1968-07-15,matthew.white@corp.net,147-227-7485,4939 Main St,Philadelphia,PA,usa,57700,Legal,  Accountant,Jennifer Miller,Active,hybrid,2020-10-02,2020-01-03,9.1,High School,96072.25,9255.12,0.15,4.0,91.4,14.8,6,19,0,25,5,satisfactory,Bank of America,Checking,Michael White,,MARRIED,Mexican,Night,Contract,11.0,WS-11-29,True,Blue Cross Blue Shield,High potential,2026-06-09 20:21:02
465,EMP-29252,Sandra,Lewis,Sandra Lewis,Male,42.0,1984-12-16, sandra.lewis@company.com ,908-597-9388,7728 Washington Blvd,Houston,TX,United States,81302,sales,HR Specialist ,Linda Williams,Terminated,REMOTE,2023-08-06,,8.1,Bachelors,88457.22,15091.05,0.22,3.0,98.0,1.3,9,78,3,30,3,satisfactory,Wells Fargo,savings,Joseph Martinez,991-455-3088,Divorced,Mexican,day,PT,,,True,Cigna,Completed leadership onboarding,2026-07-16 20:21:02
466,EMP-48722,Lisa,Garcia,LISA GARCIA,Prefer Not to Say,47.0,1978-07-11,lisa.garcia@enterprise.org,335-667-9638,4392 Washington Blvd,Chicago,IL,USA,67035,Product,Legal Counsel,Sarah Thomas,ACTIVE,hybrid,2023-03-24,2021-06-13,4.3,PhD,35000.0,2129.34,0.22,4.0,96.3,0.0,3,50,1,8,10,satisfactory,Chase,checking,Daniel Lewis,363-909-5314,Single,American,Shift 2,Full-Time,5.0,WS-05-46,False,UnitedHealth,Completed leadership onboarding,2026-07-18 20:21:02
467,EMP-36835,Michael,Williams,Michael Williams,nON-bINARY,47.0,1978-10-11,MICHAEL.WILLIAMS@ENTERPRISE.ORG,129-194-1412,3807 Maple Rd,denver,co,US,88597,Operations,Legal Counsel,Christopher Williams,Terminated,REMOTE,2014-01-26,2025-05-04,1.2,Bachelors,88404.4,17627.51,0.22,1.0,98.4,6.1,5,27,3,18,3,Needs Improvement,Bank of America,checking,,315-319-2925,Married,Canadian,day,Contract,,,False,Cigna,High potential,2026-07-22 20:21:02
468,EMP-99884,Patricia,Martinez,Patricia Martinez,Prefer Not to Say,21.0,2005-04-27,patricia.martinez@enterprise.org,(494) 520-6787,6287 Oak Ave,san antonio,TX,usa,82040,Human Resources,Systems Administrator,Robert Brown,Active,REMOTE,2021-04-25,2021-11-06,3.9,Masters,72934.9,5109.05,0.22,5.0,86.8,13.8,6,75,3,23,2,satisfactory,Chase,savings,,379-656-6772,Single,Canadian,Night,Contract,,,False,UnitedHealth,Transferred from regional branch,2026-07-18 20:21:02
469,EMP-85796,   Mark,Moore,MARK MOORE,NON-BINARY,,1995-02-03, mark.moore@enterprise.org ,119-414-4694,1653 Main St,Denver,CO,U.S.A.,54308,Customer Support,Legal Counsel,Daniel Lopez,Active,Remote,2013-08-23,2025-08-08,7.8,bachelor,85741.82,6969.62,0.22,4.0,95.3,0.8,8,54,4,20,7,good,Wells Fargo,checking,Margaret Moore,313-953-6056,Divorced,Mexican,Day,PT,,,False,Kaiser Permanente,High potential,2026-06-24 20:21:02
470,EMP-81358,Margaret,Martinez,Margaret Martinez,Male,25.0,2001-02-19, margaret.martinez@company.com ,(208) 442-6045,3357 Washington Blvd,Dallas,TX,United States,75456,human resources,Operations Manager  ,Patricia Sanchez,active,Hybrid,2022-04-28,2020-03-16,4.9,Bachelor's,67496.07,12544.85,0.15,4.0,93.4,9.7,4,49,3,10,0,Needs Improvement,TD Bank,Checking,Margaret Garcia,569-285-8083,Married,American,Shift 1,PT,13.0,WS-13-59,False,UnitedHealth,N/A,2026-07-05 20:21:02
471,EMP-23573,Nancy,Ramirez,Nancy Ramirez,FEMALE,41.0,,nancy.ramirez@company.com,953-577-9177,175 Park Ave,Houston,tx,usa,54607,Operations,Systems Administrator,Susan Harris,active,REMOTE,2019-09-11,2025-04-26,15.1,Master's,81514.15,16135.44,0.24,2.0,93.2,10.1,7,35,2,20,0,Excellent,Citibank,savings,Richard Clark,534-921-6745,Divorced,German,Shift 1,PT,,,False,Cigna,,2026-06-13 20:21:02
472,EMP-86463,Christopher,Rodriguez,Christopher Rodriguez,Female,53.0,1972-09-15,christopher.rodriguez@corp.net,(893) 473-4954,9261 Maple Rd,San Diego,CA,USA,78710,Customer Support,Systems Administrator,,On Leave,Hybrid,2018-04-09,2020-05-13,2.9,PhD,58782.85,6242.13,0.22,5.0,88.7,0.0,10,15,1,18,9,good,Wells Fargo,CHECKING,Mary Thompson,930-899-1478,single,Canadian,Day,Contract,2.0, WS-02-55,False,UnitedHealth,,2026-07-26 20:21:02
473,EMP-63426,Barbara,Taylor,Barbara Taylor,Female,35.0,1991-04-24,barbara.taylor@enterprise.org,503-984-8075,8057 Oak Ave,seattle,wa,United States,84760,SALES,Operations Manager,Mary Thompson,Terminated,Hybrid,2013-07-25,,10.3,BS,94746.69,10936.76,0.15,5.0,94.6,12.3,5,75,3,20,9,satisfactory,Citibank,Savings,Linda Ramirez,537-189-5318,Divorced,Indian,NIGHT,Contract,5.0,WS-05-70,True,Blue Cross Blue Shield,N/A,2026-06-16 20:21:02
474,EMP-94060,Nancy,Garcia,Nancy Garcia,Prefer Not to Say,27.0,1998-03-03,nancy.garcia@corp.net,222-263-3987,3678 Park Ave,Houston,TX,USA,34589,Sales,Systems Administrator,Elizabeth Perez,ACTIVE,Remote,2017-07-28,2025-08-12,7.2,Master's,75757.24,9526.75,0.32,5.0,97.9,2.8,7,46,0,5,6,Good,Chase,savings,Thomas Miller,797-760-5937,Divorced,Mexican,Night,Full-Time,,,True,UnitedHealth,,2026-06-06 20:21:02
475,EMP-53065,Nancy,Martinez,Nancy Martinez,Male,58.0,1968-04-07,nancy.martinez@corp.net,362-351-2355,8334 Maple Rd,San Antonio,TX,U.S.A.,45016,Operations,Operations Manager,Lisa Jackson,Active,Remote,2012-10-02,2024-03-02,8.0,Master's,71199.22,10174.16,0.15,3.0,93.2,16.4,3,77,4,26,9,good,Citibank,Checking,Karen Clark,351-466-7546,Single,Canadian,Day,FT,,,True,UnitedHealth,High potential,2026-06-22 20:21:02
476,EMP-70674,Michael,Robinson,Michael Robinson,nON-bINARY,59.0,, MICHAEL.ROBINSON@ENTERPRISE.ORG ,243-816-1638,2169 Main St,Denver,CO,U.S.A.,26311,Engineering,Software Engineer,Barbara Martinez,ACTIVE,remote,2016-11-16,2024-01-10,0.5,PhD,63726.0,11645.7,0.22,3.0,94.6,1.8,4,67,0,16,1,Needs Improvement,Bank of America,Savings,Matthew Taylor,547-381-3154,Single,Mexican,Shift 1,Part-Time,,,False,Cigna,Completed leadership onboarding,2026-07-02 20:21:02
477,EMP-78937,   Nancy,   White,Nancy White,Non-Binary,23.0,2003-05-29,nancy.white@company.com,880-401-9396,598 Park Ave,Dallas,TX,US,95774,Product,Software Engineer,David Smith,active,remote,2020-02-06,,6.7,bachelor,66415.11,6634.62,0.15,5.0,97.9,0.0,8,42,2,19,12,good,TD Bank,savings,William Lopez,284-478-5650,Single,Canadian,Night,PT,,,False,UnitedHealth,Completed leadership onboarding,2026-06-14 20:21:02
478,EMP-42547,Jessica,Martin  ,Jessica Martin,Non-Binary,22.0,2004-12-05,jessica.martin@enterprise.org,208-546-7985,8104 Main St,Chicago,IL,usa,57712,Customer Support,HR Specialist,Susan Anderson,ACTIVE,Onsite,2020-06-03,,10.3,BS,115486.19,17545.93,0.22,1.0,88.2,0.8,4,35,0,20,10,EXCELLENT,Chase,checking,David Moore,396-461-6826,Divorced,British,Shift 2,Part-Time,2.0,WS-02-64,True,Cigna,Completed leadership onboarding,2026-06-17 20:21:02
479,EMP-64344,   Susan,   Taylor ,Susan Taylor,Male,39.0,1986-04-01,susan.taylor@enterprise.org,195-740-8484,857 Park Ave,San Jose,CA,usa,41794,product,Operations Manager,Mark Taylor,Terminated,Hybrid,2012-07-19,2020-05-16,8.2,High School,85974.17,5308.2,0.22,2.0,92.1,0.0,10,24,5,26,11,Excellent,TD Bank,CHECKING,Susan Davis,143-289-1039,Married,Mexican,day,contract,8.0,WS-08-76,True,Kaiser Permanente,Pending annual review,2026-07-17 20:21:02
480,EMP-68955,Thomas,Brown,Thomas Brown,Non-Binary,38.0,1987-01-09, thomas.brown@enterprise.org ,(860) 884-7631,5129 Maple Rd,San Antonio,tx,usa,43771,Operations,Systems Administrator,Matthew Thomas,On Leave,remote,2017-05-16,2023-09-02,10.9,High School,73302.2,12733.94,0.22,3.0,88.8,0.0,5,49,4,11,12,Needs Improvement,Capital One,Savings,John Sanchez,927-547-7608,Married,Canadian,day,Contract,,,True,Cigna,Transferred from regional branch,2026-06-11 20:21:02
481,EMP-82813,Charles,Sanchez,Charles Sanchez,Male,28.0,1998-07-05,charles.sanchez@company.com,(890) 765-3234,959 Oak Ave,Phoenix,AZ,United States,40199,Operations,Software Engineer,Nancy Thompson,Terminated,remote,2023-01-12,2025-11-03,12.2,PhD,102849.44,5936.33,0.24,3.0,100.0,1.8,6,57,5,17,10,satisfactory,Wells Fargo,savings,Thomas Gonzalez,102-155-6776,Married,Indian,NIGHT,contract,,,False,UnitedHealth,Completed leadership onboarding,2026-06-27 20:21:02
482,EMP-44598,Michael,Wilson,Michael Wilson,Non-Binary,52.0,1973-09-15,michael.wilson@company.com,(801) 622-8066,2349 Main St,San Diego,CA,US,20855,Human Resources,Systems Administrator,James Sanchez,Active,hybrid,2014-04-09,,9.8,High School,68738.84,9040.08,0.22,2.0,95.0,0.1,8,54,3,27,3,Excellent,Citibank,Checking,Matthew Rodriguez,,Single,German,day,PT,2.0,WS-02-72,True,UnitedHealth,,2026-06-24 20:21:02
483,EMP-48728,Charles,Clark,Charles Clark,Female,44.0,1981-12-26,CHARLES.CLARK@ENTERPRISE.ORG,(424) 615-4174,7950 Maple Rd,New York,NY,usa,15262,Engineering,HR Specialist,Robert Brown,Terminated,remote,2018-06-13,,7.0,PhD,87572.5,17492.73,0.22,1.0,88.7,0.0,5,31,0,10,6,good,Citibank,Checking,Jennifer Davis,188-523-6829,Single,Indian,Night,Contract,,,False,UnitedHealth,Pending annual review,2026-06-05 20:21:02
484,EMP-28198,Mark,Johnson,Mark Johnson,Female,31.0,,mark.johnson@enterprise.org,547-663-8986,1345 Main St,New York,ny,usa,20909,Human Resources,Senior Developer,Margaret Garcia,Active,Remote,2024-11-18,2022-08-05,,Master's,84391.44,7787.76,0.24,1.0,98.6,1.0,1,56,4,14,3,Excellent,Chase,Savings,Mary Jones,505-799-5342,MARRIED,British,NIGHT,contract,,,False,Kaiser Permanente,High potential,2026-08-02 20:21:02
485,EMP-49922,John,Ramirez,John Ramirez,Male,33.0,1993-09-13,john.ramirez@enterprise.org,(526) 307-4901,5058 Oak Ave,New York,NY,US,,Operations,Data Analyst,William Davis,On Leave,Onsite,2015-04-16,,7.7,Masters,116994.44,7803.28,0.22,5.0,93.8,0.0,4,80,4,28,7,EXCELLENT,Citibank,CHECKING,Barbara Gonzalez,564-487-8281,Divorced,Mexican,Day,FT,12.0,WS-12-40,True,Blue Cross Blue Shield,High potential,2026-06-19 20:21:02
486,EMP-57590,Mark,Clark,Mark Clark,Female,34.0,1992-08-25,mark.clark@enterprise.org,830-936-5222,5915 Oak Ave,Seattle,WA,US,53784,Customer Support,Systems Administrator,Richard Ramirez,Terminated,Hybrid,2020-10-15,,,High School,89883.84,8813.17,0.22,4.0,94.1,0.0,1,16,5,26,6,satisfactory,cHASE,savings,Thomas Ramirez,857-220-1432,Married,Indian,Day,PT,11.0,WS-11-18,True,Blue Cross Blue Shield,Completed leadership onboarding,2026-08-01 20:21:02
487,EMP-35730,Robert,Thomas,Robert Thomas,Prefer Not to Say,31.0,1995-05-23,robert.thomas@company.com,(494) 618-3120,7092 Park Ave,Atlanta,ga,US,50096,Legal,Systems Administrator,Karen Lopez,active,REMOTE,2014-07-07,2021-11-16,14.6,Master's,103392.06,19152.02,0.22,3.0,92.0,25.1,10,58,2,28,8,satisfactory,Capital One,Checking,Mary Thomas,534-578-5352,MARRIED,Indian,NIGHT,FT,,,True,Blue Cross Blue Shield,Transferred from regional branch,2026-07-28 20:21:02
488,EMP-74233,Lisa,Thomas,Lisa Thomas,Female,39.0,1987-09-30,lisa.thomas@enterprise.org,481-495-8695,1414 Park Ave,dENVER,CO,USA,59802,Product,Data Analyst,Margaret Thomas,Active,REMOTE,2021-06-04,2022-02-13,10.9,bachelor,98839.18,8098.2,0.32,5.0,92.0,2.9,3,65,5,28,12,good,Wells Fargo,checking,Anthony Hernandez,806-275-1872,Divorced,Mexican,Shift 2,Contract,,,False,Blue Cross Blue Shield,Pending annual review,2026-07-10 20:21:02
489,EMP-87449,Betty,Perez,Betty Perez,Female,18.0,2007-08-15,betty.perez@corp.net,108-912-5002,6219 Main St,San Jose,CA,usa,73223,Legal,Operations Manager,Robert Perez,Active,hybrid,2019-02-28,,12.5,Bachelor's,50776.56,5055.51,0.22,4.0,98.7,2.1,4,48,4,27,5,good,TD Bank,savings,Jennifer Lewis,301-304-2645,single,Indian,Day,PT,9.0,WS-09-50,False,UnitedHealth,Pending annual review,2026-06-28 20:21:02
490,EMP-94307,Sandra,Rodriguez,SANDRA RODRIGUEZ,NON-BINARY,22.0,2004-08-30,SANDRA.RODRIGUEZ@CORP.NET,217-101-2749,6910 Park Ave,Boston,ma,U.S.A.,91585,Marketing,Systems Administrator,Barbara Anderson,Active,Remote,2023-11-09,,8.2,Bachelor's,79278.08,7828.12,0.22,3.0,94.1,3.3,7,36,5,10,6,Excellent,Wells Fargo,checking,Sandra Hernandez,266-103-3914,Married,British,NIGHT,Contract,,,False,Aetna,Pending annual review,2026-06-29 20:21:02
491,EMP-47288,James,Thomas ,James Thomas,Male,39.0,1986-12-15, james.thomas@enterprise.org ,527-151-5093,943 Washington Blvd,Atlanta,GA,USA,56854,Marketing,Data Analyst,Matthew White,Active,Onsite,2015-10-28,,10.9,PhD,114528.81,6883.9,0.24,4.0,87.2,7.3,6,34,0,11,3,satisfactory,Bank of America,checking,,630-448-2103,single,German,Shift 1,PT,2.0,WS-02-66,True,Cigna,Transferred from regional branch,2026-08-01 20:21:02
492,EMP-53148,Jennifer,White,Jennifer White,Male,29.0,1996-10-16,jennifer.white@corp.net,(212) 391-1112,6600 Park Ave,DENVER,CO,US,86085,Finance,HR Specialist,Daniel Smith,Active,Onsite,2015-05-31,,12.8,Masters,90585.48,10451.39,0.32,4.0,93.5,0.0,9,18,3,10,12,Needs Improvement,Chase,savings,Joseph Lewis,721-204-7821,Divorced,German,NIGHT,PT,2.0,WS-02-50,True,Kaiser Permanente,,2026-07-23 20:21:02
493,EMP-18078,Thomas,Hernandez,Thomas Hernandez,Female,52.0,1973-07-07,thomas.hernandez@corp.net,(843) 997-5125,4076 Oak Ave,San Antonio,TX,USA,43179,Operations,Software Engineer,,active,Remote,2016-06-09,2025-07-14,6.0,MS,67782.17,12640.92,0.32,4.0,77.6,2.3,6,22,2,27,0,EXCELLENT,Bank of America,Checking,Mark Sanchez,174-119-9078,Married,British,Shift 2,Part-Time,,,False,Cigna,N/A,2026-07-31 20:21:02
494,EMP-67261,Lisa,Sanchez,Lisa Sanchez,Prefer Not to Say,25.0,2001-12-27,lisa.sanchez@corp.net,(773) 205-3773,3240 Oak Ave,Denver,CO,usa,70217,Product,Product Manager,,Active,hybrid,2017-03-17,,9.8,bachelor,92737.75,13180.76,0.22,1.0,92.9,2.3,10,23,5,7,10,Excellent,Wells Fargo,savings,Lisa Johnson,934-580-1054,Divorced,American,NIGHT,PT,9.0,WS-09-48,False,UnitedHealth,,2026-07-09 20:21:02
495,EMP-64342, Robert   ,Harris,Robert Harris,Non-Binary,38.0,1987-06-25,robert.harris@enterprise.org,(966) 944-4095,5851 Maple Rd  ,seattle,WA,USA,24383,hr,Product Manager,Patricia Perez,active,remote,2017-02-22,2023-12-27,11.5,Bachelors,100312.59,,0.15,4.0,93.2,18.1,3,30,2,9,6,satisfactory,Citibank,savings,Betty Johnson,303-945-3826,MARRIED,American,Night,PT,,,True,Kaiser Permanente,Transferred from regional branch,2026-06-29 20:21:02
496,EMP-40154,Barbara,Ramirez,Barbara Ramirez,Female,50.0,1975-06-15,barbara.ramirez@enterprise.org,609-936-4562,4009 Main St,LOS ANGELES,CA,United States,80128,Finance,Software Engineer,Lisa Harris,Terminated,Hybrid,2012-08-03,,2.6,High School,88604.32,15078.24,0.32,3.0,100.0,0.0,1,5,1,7,8,Excellent,WELLS FARGO,checking,James Moore,146-237-9483,single,American,Shift 2,contract,9.0,WS-09-70,True,Blue Cross Blue Shield,N/A,2026-06-29 20:21:02
497,EMP-72684,Betty,Robinson,betty robinson,Female,20.0,2005-09-19,betty.robinson@company.com,(469) 167-1737,1175 Main St,denver,CO,USA,24486,Marketing,Sales Executive,Joseph Jackson,Active,hybrid,2022-08-05,2021-08-24,9.6,BS,64916.4,9057.1,0.32,2.0,94.6,1.4,2,66,4,29,8,Needs Improvement,Capital One,CHECKING,Mark Ramirez,602-533-8800,Divorced,American,Night,PT,8.0,WS-08-69,True,Kaiser Permanente,,2026-07-21 20:21:02
498,EMP-90573,Joseph,Lee,Joseph Lee,Male,44.0,1981-09-16,joseph.lee@corp.net,186-760-8475,9201 Main St,Boston,ma,U.S.A.,85856,Sales,Software Engineer,Christopher Sanchez,On Leave,Hybrid,2023-06-09,,0.5,Bachelor's,60369.73,7902.39,0.32,,89.9,3.6,10,24,1,23,2,good,Chase,checking,William Smith,333-628-6144,single,American,Night,Full-Time,12.0,WS-12-69,True,Aetna,,2026-07-18 20:21:02
499,EMP-34367,Mary,Perez,Mary Perez,Female,44.0,1981-02-06,mary.perez@corp.net,815-615-9611,2318 Main St,Dallas,TX,United States,14100,Legal,Systems Administrator,,active,REMOTE,2018-12-17,2020-10-05,2.3,BS,88326.25,5816.06,0.32,5.0,97.3,0.0,1,39,4,18,6,good,Chase,checking,William Jones,229-888-5789,single,American,NIGHT,Contract,,,False,Blue Cross Blue Shield,High potential,2026-07-03 20:21:02
500,EMP-70710,Joseph,Harris,Joseph Harris,Female,,2005-09-08,joseph.harris@enterprise.org,728-995-8911,3602 Main St,Austin,TX,USA,39829,Human Resources,Operations Manager,Thomas Robinson,Active,Hybrid,2021-01-22,2021-10-20,4.6,Bachelors,98882.19,12766.63,0.22,1.0,90.1,17.0,4,17,1,7,4,Good,TD Bank,checking,Patricia Taylor,270-574-7016,single,American,Day,Part-Time,5.0,WS-05-40,False,Aetna,N/A,2026-06-14 20:21:02
501,EMP-99473,   Jessica,Martinez,Jessica Martinez,fEMALE,33.0,1992-12-10,jessica.martinez@corp.net,127-755-3252,6686 Park Ave,New York,NY,United States,14331,Finance,Systems Administrator,Jennifer Lee,active,remote,2017-06-24,2024-02-06,2.3,High School,104194.64,7336.7,0.15,1.0,86.4,10.8,10,73,5,24,4,Good,td bANK,Checking,Sarah Rodriguez,437-422-4434,Divorced,Mexican,Night,FT,,,True,Kaiser Permanente,,2026-06-11 20:21:02
502,EMP-90221,Charles,Clark,Charles Clark,FEMALE,38.0,1988-08-30,charles.clark@enterprise.org,854-743-6460,5606 Main St,Atlanta,GA,USA,74990,Legal,   Legal Counsel ,Barbara Rodriguez,active,Hybrid,2014-12-13,,4.0,PhD,58391.11,7144.94,0.24,5.0,97.6,0.0,5,54,2,30,0,EXCELLENT,citibank,CHECKING,Sarah Ramirez,238-499-5876,Married,German,NIGHT,FT,6.0,WS-06-56,False,Aetna,Transferred from regional branch,2026-06-24 20:21:02
503,EMP-48044,Christopher,Sanchez,christopher sanchez,non-binary,42.0,1984-01-05,christopher.sanchez@enterprise.org,(873) 544-1990,2415 Maple Rd,San Jose,CA,United States,67718,Product,Sales Executive,Mark Sanchez,On Leave,Hybrid,2016-07-06,,15.0,Bachelors,88009.0,9307.83,0.22,5.0,87.5,3.5,9,33,2,9,7,Needs Improvement,Capital One,Savings,Susan Williams,611-705-5335,Divorced,British,Shift 1,PT,12.0,WS-12-55,False,Kaiser Permanente,High potential,2026-06-19 20:21:02
504,EMP-35302,Lisa,Brown,Lisa Brown,Female,47.0,1978-08-23,lisa.brown@company.com,(318) 714-4418,6448 Main St,San Antonio,TX,usa,45471,Sales,Marketing Specialist,Richard Hernandez,Active,Onsite,2015-08-31,2022-08-05,12.0,Bachelor's,75666.56,7758.26,0.22,5.0,90.2,7.1,5,43,4,16,2,Needs Improvement,TD Bank,savings,Matthew Robinson,602-593-5471,MARRIED,Canadian,Shift 1,contract,5.0,WS-05-37,True,Cigna,Pending annual review,2026-07-27 20:21:02
505,EMP-67732,Thomas,Miller,THOMAS MILLER,NON-BINARY,,, thomas.miller@enterprise.org ,(743) 741-5118,6369 Maple Rd,Seattle,WA,U.S.A.,75105,Customer Support,Data Analyst,,Terminated,REMOTE,2016-05-12,,7.1,Bachelors,85690.11,11589.73,0.32,5.0,99.4,12.5,4,13,1,24,7,Excellent,Wells Fargo,checking,Thomas Hernandez,885-263-8436,Divorced,Mexican,NIGHT,contract,,,True,Cigna,Transferred from regional branch,2026-08-04 20:21:02
506,EMP-89625,Mary,  Thomas,Mary Thomas,Non-Binary,46.0,1980-10-20, mary.thomas@corp.net ,(177) 932-6371,8555 Washington Blvd,Denver,CO,U.S.A.,25071,Legal,Software Engineer,Michael Smith,Terminated,REMOTE,2024-01-28,,7.6,Bachelors,96749.28,8944.61,0.24,1.0,99.6,0.0,4,3,0,19,8,satisfactory,Capital One,checking,Thomas Thompson,432-448-9867,Single,Mexican,Shift 1,PT,,,True,Blue Cross Blue Shield,N/A,2026-06-07 20:21:02
507,EMP-67375,Jennifer,Lewis,Jennifer Lewis,PREFER NOT TO SAY,33.0,1992-12-13,jennifer.lewis@company.com,(912) 331-5430,6675 Oak Ave,Denver,CO,US,60602,Marketing,Operations Manager,Betty Jackson,Active,remote,2020-06-20,2020-05-17,11.4,High School,64280.82,9915.08,0.24,5.0,97.7,0.0,2,6,3,25,12,good,Citibank,savings,Elizabeth Williams,739-341-8373,Divorced,Canadian,Shift 2,FT,,,True,Aetna,N/A,2026-06-09 20:21:02
508,EMP-24354,Susan,White,Susan White,Non-Binary,25.0,2001-03-25,susan.white@enterprise.org,703-305-7373,6215 Washington Blvd,PHILADELPHIA,PA,usa,33387,it,Software Engineer,Matthew Harris,Active,hybrid,2015-07-26,2022-05-03,1.9,PhD,96164.14,10061.74,0.22,1.0,99.7,0.0,6,58,5,21,9,Good,CAPITAL ONE,Savings,Robert Thompson,448-894-7362,Single,Mexican,day,contract,14.0,WS-14-10,False,Kaiser Permanente,Pending annual review,2026-06-27 20:21:02
509,EMP-16052,  Daniel,Miller,Daniel Miller,Non-Binary,44.0,1982-06-12,daniel.miller@corp.net,716-979-8271,8264 Main St,Boston,MA,USA,13262,PRODUCT,Marketing Specialist,Linda Ramirez,Active,Hybrid,2013-10-11,2025-06-22,8.4,Masters,35000.0,4689.05,0.32,2.0,94.6,1.8,2,45,3,27,7,Good,Chase,checking,Barbara Clark,539-224-9577,MARRIED,German,Shift 2,Contract,2.0,WS-02-45,False,Blue Cross Blue Shield,N/A,2026-06-19 20:21:02
510,EMP-89214,Thomas,Taylor,Thomas Taylor,female,44.0,1981-07-29,thomas.taylor@corp.net,960-936-3608,7653 Main St,Los Angeles,CA,USA,28168,Engineering,Marketing Specialist,William Robinson,On Leave,remote,2022-10-31,,12.2,Masters,69120.66,13312.1,0.32,,94.6,18.3,4,73,0,8,6,satisfactory,TD Bank,savings,Christopher Gonzalez,905-938-8374,single,British,Shift 2,contract,,,False,UnitedHealth,,2026-08-02 20:21:02
511,EMP-83680,  Barbara ,Jones,Barbara Jones,female,37.0,1988-10-21,barbara.jones@corp.net,613-599-3352,2829 Main St,San Diego,CA,United States,82615,Engineering,Operations Manager,Anthony Moore,ACTIVE,Remote,2023-10-20,2023-02-02,10.3,MS,90482.63,6420.09,0.32,2.0,90.0,17.0,2,32,1,6,3,EXCELLENT,Capital One,CHECKING,Anthony Lewis,940-120-2294,Single,Mexican,Shift 1,contract,,,True,UnitedHealth,Transferred from regional branch,2026-07-14 20:21:02
512,EMP-78559,Jessica,Hernandez,Jessica Hernandez,Male,43.0,1983-02-26,jessica.hernandez@enterprise.org,424-174-8423,7575 Main St,San Jose,ca,U.S.A.,53015,Product,Operations Manager,Mark Davis,Active,REMOTE,2024-11-24,,8.2,High School,75141.26,6578.65,0.22,3.0,91.7,0.0,2,76,4,28,9,EXCELLENT,TD Bank,checking,Betty Wilson,413-749-8709,Married,Mexican,Night,FT,,,False,Kaiser Permanente,N/A,2026-07-04 20:21:02
513,EMP-87313,Joseph,Miller,Joseph Miller,male,44.0,1981-05-15,joseph.miller@enterprise.org,(905) 735-6125,247 Oak Ave,Boston,MA,United States,96561,hUMAN rESOURCES,Sales Executive,Charles Johnson,Active,hybrid,2020-08-01,,10.1,Masters,84840.38,,0.32,3.0,92.4,8.0,10,27,5,16,0,Needs Improvement,Bank of America,Savings,Richard Jones,789-651-2496,Single,Canadian,Day,contract,8.0,WS-08-50,False,UnitedHealth,,2026-07-02 20:21:02
514,EMP-48997,Michael,Harris,Michael Harris,Female,28.0,1998-08-22,michael.harris@corp.net,(376) 104-5952,297 Washington Blvd,Atlanta,ga,U.S.A.,97723,Marketing,Senior Developer,Sandra Jones,On Leave,remote,2016-12-12,2023-12-23,6.6,PhD,52657.17,6089.05,0.32,2.0,89.9,20.5,5,59,0,10,6,good,CITIBANK,Savings,Charles Miller,690-862-3089,Married,Indian,NIGHT,Full-Time,,,True,UnitedHealth,High potential,2026-07-29 20:21:02
515,EMP-37222,Mark,Rodriguez,mark rodriguez,Female,48.0,1978-07-07,mark.rodriguez@corp.net,931-557-8752,1244 Oak Ave,Houston,TX,U.S.A.,89124,Marketing,Data Analyst,Patricia Jones,Active,REMOTE,2017-06-08,2024-01-25,11.1,Bachelor's,88671.39,15101.29,0.15,4.0,88.2,0.0,7,41,4,7,0,EXCELLENT,TD Bank,checking,Michael Gonzalez,320-501-5375,Married,Canadian,NIGHT,PT,,,False,UnitedHealth,Pending annual review,2026-06-17 20:21:02
516,EMP-10977,Christopher,Johnson,Christopher Johnson,Prefer Not to Say,50.0,1975-06-10,christopher.johnson@company.com,556-658-6236,3186 Park Ave,Austin,tx,United States,38579,Engineering,Software Engineer,Michael Lee,Active,REMOTE,2021-07-06,2025-05-03,9.3,Master's,67614.46,7130.04,0.32,2.0,95.7,8.0,1,30,2,13,12,good,TD Bank,Savings,Daniel Martinez,462-764-7768,MARRIED,British,Day,Contract,,,False,Aetna,N/A,2026-07-15 20:21:02
517,EMP-74891,Michael,Hernandez,Michael Hernandez,Male,27.0,1999-05-27,michael.hernandez@corp.net,693-518-6360,3686 Washington Blvd,Denver,co,United States,30112,Product,Legal Counsel,,Active,Remote,2014-11-13,,2.5,Master's,99995.61,18766.31,0.22,4.0,87.4,4.1,1,34,0,14,2,good,Wells Fargo,Savings,Karen Ramirez,658-179-4615,Married,Canadian,day,PT,,,True,Kaiser Permanente,Pending annual review,2026-06-17 20:21:02
518,EMP-29477,Elizabeth,Lewis,Elizabeth Lewis,non-binary,31.0,1995-11-21,elizabeth.lewis@enterprise.org,126-571-8086,   3346 Park Ave   ,Austin,TX,US,96018,Legal,Systems Administrator,Mary Anderson,Active,Hybrid,2020-12-14,2024-05-25,15.7,Masters,64283.97,5354.67,0.15,5.0,86.5,11.6,3,45,5,5,8,Good,Wells Fargo,checking,Margaret Lee,684-588-4020,MARRIED,Canadian,Night,Part-Time,6.0,WS-06-67,True,UnitedHealth,Completed leadership onboarding,2026-07-09 20:21:02
519,EMP-80817,Anthony,Thompson,Anthony Thompson,Non-Binary,33.0,1993-11-19,anthony.thompson@enterprise.org,526-507-2726,9922 Washington Blvd,New York,NY,US,77266,Operations,Support Agent,Lisa Taylor,On Leave,REMOTE,2015-10-19,,7.2,Masters,85821.14,13996.29,0.24,1.0,94.2,10.3,7,11,1,26,4,Good,Chase,CHECKING,Linda Thompson,989-203-9920,Single,American,Shift 2,PT,,,True,Cigna,,2026-06-12 20:21:02
520,EMP-36671,Jessica,Thomas,Jessica Thomas,male,49.0,1976-06-10,jessica.thomas@company.com,475-284-1509,6060 Oak Ave,New York,ny,USA,35539,Product,Systems Administrator,John Martinez,Terminated,REMOTE,2015-12-24,,15.2,BS,67804.63,8976.63,0.32,,88.4,13.9,10,2,1,8,10,good,Citibank,savings,Mark Jackson,114-107-1093,MARRIED,German,NIGHT,Full-Time,,,False,UnitedHealth,Pending annual review,2026-07-24 20:21:02
521,EMP-48538,Betty,Martinez,Betty Martinez,PREFER NOT TO SAY,35.0,1990-11-17,betty.martinez@enterprise.org,(741) 159-8408,   643 Maple Rd   ,nEW yORK,ny,United States,,Operations,Accountant,Daniel Jackson,Active,Remote,2015-10-06,,5.4,Bachelors,,11620.58,0.22,2.0,86.7,0.0,6,23,5,19,6,Excellent,wELLS fARGO,Checking,Mark Garcia,214-201-8154,Divorced,German,Shift 1,Part-Time,,,True,Cigna,,2026-07-29 20:21:02
522,EMP-20936,Richard,Anderson,Richard Anderson,Prefer Not to Say,24.0,2001-01-08,richard.anderson@company.com,872-273-8082,768 Park Ave,San Diego,ca,United States,20966,Customer Support,Software Engineer,Nancy Smith,Active,Onsite,2023-09-15,,8.4,Master's,,10353.79,0.24,5.0,91.9,12.2,8,57,0,12,12,good,Capital One,savings,,107-672-4722,single,Indian,Shift 1,contract,5.0,WS-05-15,True,Blue Cross Blue Shield,High potential,2026-07-25 20:21:02
523,EMP-67916,Jennifer,Anderson,Jennifer Anderson,Female,19.0,2007-12-08,JENNIFER.ANDERSON@COMPANY.COM,(261) 164-4166, 8851 Main St,phoenix,AZ,usa,33431,Product,Data Analyst,Christopher Thompson,active,remote,2013-09-28,2025-03-02,3.4,MS,45069.41,4630.73,0.32,5.0,91.7,2.3,4,80,5,7,2,Good,Chase,CHECKING,James Martinez,656-801-2314,MARRIED,German,day,Full-Time,,,True,Blue Cross Blue Shield,N/A,2026-07-14 20:21:02
524,EMP-63329,Jessica,Sanchez,JESSICA SANCHEZ,NON-BINARY,20.0,2005-01-30,jessica.sanchez@company.com,413-439-2230,757 Oak Ave,Atlanta,GA,usa,97225,Engineering,Sales Executive,Elizabeth Anderson,Active,remote,2022-04-29,2023-08-14,7.4,BS,93968.93,17629.6,0.22,5.0,88.6,34.6,4,46,5,21,7,Excellent,Citibank,CHECKING,Karen Lewis,320-743-6561,Single,Canadian,NIGHT,Contract,,,True,Kaiser Permanente,Pending annual review,2026-07-10 20:21:02
525,EMP-97291,Susan,Miller,Susan Miller,Non-Binary,30.0,1995-09-12,susan.miller@company.com,455-234-4928,7537 Washington Blvd,SAN JOSE,CA,usa,30384,Customer Support,Accountant,Betty Martinez,On Leave,hybrid,2015-07-18,,8.9,MS,64066.4,5799.64,0.24,2.0,93.6,0.0,6,22,3,11,6,Excellent,Capital One,Savings,Mark Miller,570-132-5641,Divorced,British,NIGHT,Full-Time,12.0,WS-12-93,True,UnitedHealth,,2026-07-14 20:21:02
526,EMP-44752,Mark,Jackson,Mark Jackson,Female,54.0,1972-07-21,MARK.JACKSON@ENTERPRISE.ORG,343-617-2796,2115 Washington Blvd,Atlanta,ga,USA,74371,Finance,Systems Administrator,Jennifer Jackson,Terminated,remote,2015-11-22,,14.7,Master's,49008.38,9121.06,0.32,3.0,99.1,0.0,4,0,0,19,5,EXCELLENT,Wells Fargo,Checking,Margaret Taylor,384-591-3906,Married,American,Shift 1,FT,,,True,Aetna,,2026-07-27 20:21:02
527,EMP-42898,Richard,Martinez,Richard Martinez,Prefer Not to Say,46.0,1979-02-18,richard.martinez@corp.net,535-530-7377,6870 Oak Ave,Los Angeles,CA,U.S.A.,50568,Finance,Data Analyst,Jessica Martin,ACTIVE,Onsite,2020-08-26,,2.3,Masters,91375.55,,0.15,2.0,100.0,3.8,2,53,0,5,4,EXCELLENT,Bank of America,savings,Jennifer Moore,735-654-7809,MARRIED,Canadian,NIGHT,Part-Time,2.0,WS-02-32,False,Blue Cross Blue Shield,,2026-06-17 20:21:02
528,EMP-59902,Karen,Martin,Karen Martin,female,44.0,1981-03-11,karen.martin@enterprise.org,757-587-4650,7032 Main St,Boston,ma,U.S.A.,56394,Finance,Sales Executive,Daniel Ramirez,On Leave,Hybrid,2022-07-21,2022-05-23,0.5,PhD,70701.79,9991.62,0.22,1.0,96.4,8.9,10,68,1,17,7,good,Chase,Checking,Mary Lopez,719-379-9773,Single,British,Night,PT,1.0,WS-01-40,False,Aetna,Transferred from regional branch,2026-06-30 20:21:02
529,EMP-92925,Susan,Martin,Susan Martin,pREFER nOT TO sAY,48.0,1978-04-25,susan.martin@enterprise.org,916-275-2426,2806 Oak Ave,NEW YORK,ny,usa,95904,Human Resources,HR Specialist,Barbara Jackson,Terminated,Hybrid,2017-04-02,,13.8,Master's,70412.19,6440.11,0.32,5.0,94.8,8.7,7,46,2,19,3,good,Wells Fargo,checking,Lisa Robinson,438-177-3792,Divorced,German,day,Contract,7.0,WS-07-68,True,Cigna,N/A,2026-06-11 20:21:02
530,EMP-30682,Betty,Thomas,Betty Thomas,Prefer Not to Say,34.0,1992-10-01,betty.thomas@enterprise.org,731-154-3329,4510 Main St,New York,NY,US,17713,human resources,Data Analyst,Elizabeth Jones,ACTIVE,Hybrid,2022-07-15,2022-06-25,0.5,High School,72804.61,11362.97,0.32,4.0,97.5,18.3,7,9,2,9,11,good,TD Bank,checking,Mary Taylor,122-507-5031,single,American,Day,PT,10.0,WS-10-73,True,Kaiser Permanente,Pending annual review,2026-06-08 20:21:02
531,EMP-55787,Karen,Lewis,karen lewis,Male,43.0,1983-05-08,karen.lewis@enterprise.org,855-922-4791,1522 Park Ave,New York,NY,US,42741,product,HR Specialist,Christopher Martin,Active,Remote,2022-07-27,2020-07-16,2.9,Bachelor's,,6412.79,0.32,4.0,94.1,1.0,7,43,3,17,4,Good,Wells Fargo,CHECKING,Mark Johnson,616-213-6420,Divorced,Canadian,Shift 1,contract,,,True,Blue Cross Blue Shield,Pending annual review,2026-07-22 20:21:02
532,EMP-85261,David,Lopez,David Lopez,FEMALE,41.0,1985-10-30,david.lopez@company.com,418-770-9520,474 Oak Ave,Philadelphia,PA,usa,12275,product,Product Manager,Patricia Hernandez,Active,hybrid,2018-08-29,,8.9,MS,42890.7,8144.16,0.32,3.0,92.8,5.7,3,58,5,23,7,Excellent,Chase,checking,Mary Wilson,944-589-3766,Single,Canadian,Night,contract,13.0,WS-13-56,True,Blue Cross Blue Shield,Pending annual review,2026-07-24 20:21:02
533,EMP-80387,William,Taylor,William Taylor,Non-Binary,55.0,1970-03-26,william.taylor@corp.net,817-697-5526,4991 Washington Blvd,Philadelphia,PA,US,52130,it,Marketing Specialist,Robert Lewis,ACTIVE,REMOTE,2020-06-04,2024-02-05,14.9,PhD,49154.75,8263.87,0.32,4.0,98.4,0.0,5,48,3,6,11,Needs Improvement,TD Bank,savings,Jessica Jones,451-145-3100,Single,American,NIGHT,Contract,,,True,Blue Cross Blue Shield,Completed leadership onboarding,2026-07-18 20:21:02
534,EMP-65490,Mary,Perez,Mary Perez,Prefer Not to Say,32.0,1994-12-03,mary.perez@enterprise.org,281-599-6657,2156 Park Ave,Phoenix,AZ,United States,74210,Operations,Data Analyst,Nancy Johnson,On Leave,REMOTE,2023-05-25,,9.3,PhD,80884.48,7988.57,0.32,1.0,93.8,13.4,5,5,4,12,6,satisfactory,Bank of America,savings,Christopher Smith,479-421-2956,Single,American,Night,Part-Time,,,False,Aetna,Pending annual review,2026-06-07 20:21:02
535,EMP-58686,Sandra,Williams,SANDRA WILLIAMS,female,31.0,1995-12-28,sandra.williams@corp.net,959-878-7354,9456 Park Ave,San Jose,CA,usa,63523,Human Resources,Software Engineer,Jessica Lee,ACTIVE,Remote,2020-09-19,2022-01-20,3.6,Master's,109100.28,17430.54,0.22,,93.5,9.3,7,75,5,29,0,EXCELLENT,Citibank,Checking,Matthew Martin,945-614-7967,Single,Mexican,Shift 1,contract,,,False,Cigna,High potential,2026-07-26 20:21:02
536,EMP-32777,Michael,Smith,Michael Smith,Non-Binary,32.0,1994-09-28,michael.smith@company.com,101-918-5881,3656 Oak Ave,atlanta,GA,USA,12420,Finance,Legal Counsel,Joseph Martinez,On Leave,Remote,2019-04-15,,9.2,Master's,84993.7,5280.62,0.22,1.0,97.4,27.0,7,74,2,21,10,good,Bank of America,CHECKING,David Miller,780-995-2049,Single,German,Night,PT,,,True,Kaiser Permanente,High potential,2026-07-22 20:21:02
537,EMP-93564,Richard,Wilson,Richard Wilson,Non-Binary,23.0,2003-10-28,richard.wilson@enterprise.org,444-110-4153,2934 Park Ave,Houston,TX,USA,14045,Legal,Sales Executive,Michael Perez,ACTIVE,Remote,2015-06-26,2023-11-05,9.0,PhD,103340.41,10282.72,0.15,5.0,98.4,13.4,4,6,2,17,8,good,CAPITAL ONE,Checking,Robert Thompson,507-437-3486,MARRIED,British,day,PT,,,True,Aetna,Completed leadership onboarding,2026-07-03 20:21:02
538,EMP-41189,Thomas,Taylor,THOMAS TAYLOR,Male,30.0,1996-05-23,THOMAS.TAYLOR@CORP.NET,(977) 460-8216,2293 Washington Blvd,San Antonio,tx,United States,84382,Sales,Operations Manager,James Lewis,Active,REMOTE,2018-11-02,2022-12-15,8.2,Masters,88666.58,15771.0,0.24,4.0,94.0,8.8,7,9,5,12,8,Needs Improvement,Citibank,checking,James Harris,134-824-2481,MARRIED,British,NIGHT,FT,,,False,Aetna,Pending annual review,2026-06-24 20:21:02
539,EMP-57788,Sandra,Harris,Sandra Harris,non-binary,20.0,2005-02-01,sandra.harris@company.com,(135) 822-9700,2325 Main St,San Diego,CA,usa,13809,Marketing,Senior Developer,Sarah Brown,Active,Onsite,2024-12-16,2024-06-10,9.4,MS,91206.9,10619.34,0.22,4.0,93.7,11.0,7,46,3,20,0,good,TD BANK,Checking,Barbara Gonzalez,433-602-5702,Married,Mexican,Shift 2,FT,8.0,WS-08-14,False,Aetna,Transferred from regional branch,2026-07-10 20:21:02
540,EMP-42932,  Lisa,Martin,Lisa Martin,Female,35.0,1990-12-29,lisa.martin@corp.net,438-317-2548,6974 Oak Ave,Chicago,IL,usa,74924,Engineering,Operations Manager,,Active,Hybrid,2020-08-28,,15.3,PhD,48227.88,,0.15,1.0,98.5,12.2,5,50,3,29,11,Excellent,TD Bank,savings,Elizabeth Davis,871-686-4800,Single,Mexican,day,Contract,2.0,   WS-02-36,True,Aetna,High potential,2026-08-04 20:21:02
541,EMP-55895,Elizabeth,Jones,Elizabeth Jones,Female,21.0,2004-03-29,elizabeth.jones@corp.net,407-980-1235,1133 Oak Ave,San Jose,CA,US,68783,it,Systems Administrator,Matthew Jones,Terminated,hybrid,2022-01-15,2025-04-01,0.5,MS,,12428.72,0.24,1.0,95.9,0.7,1,27,4,24,7,Needs Improvement,Bank of America,checking,Elizabeth Perez,299-121-9651,Married,Indian,Night,Part-Time,12.0,WS-12-82,False,Aetna,,2026-07-20 20:21:02
542,EMP-76820,Jennifer   ,Lewis,JENNIFER LEWIS,Prefer Not to Say,32.0,1994-03-25,jennifer.lewis@enterprise.org,821-901-3208,8794 Washington Blvd,denver,co,United States,67390,Customer Support,HR Specialist,Anthony Smith,Active,remote,2021-10-27,2025-05-28,12.3,BS,67257.39,9386.77,0.22,4.0,94.8,3.6,4,51,2,23,6,good,Wells Fargo,Checking,Daniel White,334-563-6839,Divorced,Indian,NIGHT,Contract,,,False,Kaiser Permanente,Transferred from regional branch,2026-06-11 20:21:02
543,EMP-52354,Robert,White,Robert White,Male,31.0,1994-04-17,robert.white@company.com,355-906-4804,7109 Maple Rd,Dallas,tx,usa,74807,CUSTOMER SUPPORT,Support Agent,,Terminated,REMOTE,2016-07-15,2022-05-08,8.0,bachelor,90863.39,8953.83,0.32,3.0,94.9,0.0,5,44,3,11,11,Excellent,Bank of America,CHECKING,Robert Davis,468-241-5569,single,American,Shift 1,Full-Time,,,False,UnitedHealth,Completed leadership onboarding,2026-07-02 20:21:02
544,EMP-93619,Robert,Gonzalez,Robert Gonzalez,Female,40.0,1985-05-29,ROBERT.GONZALEZ@ENTERPRISE.ORG,891-264-9376,4211 Washington Blvd,Atlanta,GA,usa,33575,Marketing,Software Engineer,Sarah Lopez,Active,remote,2024-07-25,2022-01-29,6.1,Bachelor's,109984.48,19816.14,0.22,2.0,89.9,0.0,3,28,1,21,12,satisfactory,Chase,savings,Jennifer Lopez,693-356-2553,Divorced,British,Shift 1,Contract,,,False,Kaiser Permanente,Transferred from regional branch,2026-07-01 20:21:02
545,EMP-79446,Mark, Robinson  ,mark robinson,Female,31.0,1994-07-15, mark.robinson@enterprise.org ,693-932-9956,9671 Washington Blvd,San Antonio,tx,U.S.A.,22108,customer support,Support Agent,Sarah Wilson,Active,remote,2018-07-21,2022-05-11,5.5,MS,85854.09,13050.9,0.22,,89.8,21.3,8,22,4,24,12,satisfactory,TD Bank,savings,Sandra Lewis,502-314-2278,Married,American,day,Contract,,,False,Cigna,Pending annual review,2026-06-08 20:21:02
546,EMP-29955,   Thomas  ,Harris,Thomas Harris,Prefer Not to Say,43.0,1982-04-03,thomas.harris@company.com,(796) 135-4747,6460 Washington Blvd,LOS ANGELES,CA,USA,59197,Finance,Sales Executive,Elizabeth Williams,Active,REMOTE,2019-06-06,2024-03-29,12.8,Master's,68373.83,12008.51,0.24,5.0,91.9,3.7,7,5,5,26,12,EXCELLENT,Bank of America,Checking,Elizabeth Wilson,752-206-8244,Divorced,Canadian,day,contract,,,True,Cigna,Pending annual review,2026-07-18 20:21:02
547,EMP-19514,James,Wilson,James Wilson,Prefer Not to Say,38.0,1987-06-01,james.wilson@enterprise.org,380-256-4464,4265 Main St,Denver,co,US,18869,Engineering,HR Specialist,Barbara Smith,ACTIVE,hybrid,2012-07-28,2020-05-04,0.5,MS,35000.0,3076.05,0.22,2.0,97.7,0.0,8,73,2,16,4,satisfactory,Chase,CHECKING,Daniel Garcia,876-692-3912,Married,Mexican,NIGHT,PT,2.0,WS-02-55,True,Kaiser Permanente,Completed leadership onboarding,2026-07-28 20:21:02
548,EMP-67735,Betty,Gonzalez,Betty Gonzalez,PREFER NOT TO SAY,48.0,1977-12-02,betty.gonzalez@enterprise.org,(867) 714-2038,4147 Oak Ave,Houston,tx,USA,32070,IT,HR Specialist,Linda Moore,Active,Hybrid,2013-01-22,2022-08-08,5.7,MS,61638.59,5028.05,0.24,2.0,100.0,24.5,9,2,1,12,0,Needs Improvement,Citibank,Checking,Elizabeth Moore,351-949-3097,Single,Mexican,Shift 1,Full-Time,6.0,WS-06-17,False,Kaiser Permanente,,2026-07-14 20:21:02
549,EMP-86618,James,Clark,James Clark,FEMALE,36.0,1990-05-10,james.clark@enterprise.org,808-173-8727,584 Oak Ave,Los Angeles,ca,USA,56733,Operations,Legal Counsel,Nancy Robinson,Active,remote,2018-08-03,2024-03-29,9.6,Bachelors,76717.86,6357.48,0.15,3.0,83.9,0.0,3,0,4,8,8,EXCELLENT,Bank of America,CHECKING,Michael Taylor,464-960-3175,MARRIED,German,Shift 1,Full-Time,,,False,Aetna,N/A,2026-08-03 20:21:02
550,EMP-27921,Richard,Martin,Richard Martin,Prefer Not to Say,35.0,1991-07-27, richard.martin@company.com ,(581) 635-2138,1198 Oak Ave,San Diego,ca,U.S.A.,73895,Sales,Legal Counsel,,Terminated,Hybrid,2017-05-22,2021-07-09,3.7,MS,78504.23,11620.16,0.22,2.0,100.0,2.2,4,37,5,5,1,EXCELLENT,Wells Fargo,CHECKING,Jessica Clark,566-436-5461,Married,German,NIGHT,FT,14.0,   WS-14-69,False,Blue Cross Blue Shield,Transferred from regional branch,2026-06-13 20:21:02
551,EMP-61034,Betty,Hernandez,Betty Hernandez,Male,42.0,,betty.hernandez@enterprise.org,969-846-2582,4906 Main St,atlanta,GA,USA,75131,Customer Support,Systems Administrator,Michael Johnson,ACTIVE,Remote,2014-05-02,2025-08-21,12.2,High School,78496.36,9269.52,0.32,5.0,95.8,13.8,3,29,3,12,4,EXCELLENT,chase,CHECKING,Betty Hernandez,669-831-7874,Single,Canadian,Shift 2,Contract,,,False,Kaiser Permanente,High potential,2026-07-26 20:21:02
552,EMP-86919,Anthony,Brown,Anthony Brown,Non-Binary,58.0,1968-08-14,anthony.brown@corp.net,(642) 399-2637,5584 Maple Rd,Seattle,WA,U.S.A.,39741,Sales,Support Agent,Thomas Hernandez,On Leave,remote,2012-06-27,2021-05-19,2.3,Masters,84472.64,13219.8,0.24,,90.4,2.0,1,56,2,18,0,Excellent,Bank of America,Checking,Mary White,894-141-8283,MARRIED,Indian,Night,PT,,,False,Aetna,Pending annual review,2026-07-03 20:21:02
553,EMP-96733,Mark,Hernandez,Mark Hernandez,Non-Binary,27.0,1999-05-13,mark.hernandez@corp.net,916-973-8871,4619 Washington Blvd,Seattle,WA,US,58001,Legal,Senior Developer,Nancy White,ACTIVE,remote,2013-07-02,2023-08-14,11.7,BS,77242.1,12134.12,0.32,4.0,100.0,0.0,7,0,5,8,7,Good,Bank of America,checking,Mary Robinson,,Single,Canadian,Day,FT,,,False,Cigna,N/A,2026-06-16 20:21:02
554,EMP-10078,Joseph,Brown,Joseph Brown,PREFER NOT TO SAY,35.0,,JOSEPH.BROWN@ENTERPRISE.ORG,(837) 722-1385,8080 Washington Blvd,Seattle,WA,USA,27759,Finance,  Product Manager,John Gonzalez,Active,REMOTE,2013-06-30,,10.1,MS,59406.87,7269.85,0.15,3.0,93.6,2.5,3,5,5,11,6,Needs Improvement,Chase,Checking,David Thompson,459-133-4027,Single,Canadian,Shift 1,Full-Time,,,False,Aetna,Pending annual review,2026-06-22 20:21:02
555,EMP-17264,Anthony,Clark,Anthony Clark,Non-Binary,62.0,1964-10-12,anthony.clark@company.com,521-678-5547,7216 Main St,Houston,TX,U.S.A.,,Operations,Accountant,Thomas Johnson,On Leave,Remote,2016-03-10,,10.2,PhD,47447.65,7761.54,0.32,3.0,92.2,0.0,2,40,0,5,7,EXCELLENT,TD Bank,checking,Jessica Smith,,single,Mexican,Shift 2,Contract,,,False,Aetna,N/A,2026-06-28 20:21:02
556,EMP-86354,Anthony,Ramirez,Anthony Ramirez,Non-Binary,48.0,1978-02-13,anthony.ramirez@enterprise.org,(781) 454-2030,  7419 Maple Rd  ,PHILADELPHIA,PA,U.S.A.,87065,Human Resources,Accountant,Betty Rodriguez,Active,REMOTE,2012-06-11,2025-07-10,18.4,BS,43280.33,8253.02,0.15,4.0,85.6,7.8,7,42,1,9,12,Excellent,Bank of America,checking,Mark Lewis,140-859-9356,Single,American,Shift 1,PT,,,True,Cigna,High potential,2026-07-01 20:21:02
557,EMP-45713,Mary,Harris,Mary Harris,Prefer Not to Say,48.0,1978-07-22,mary.harris@corp.net,(239) 511-9443,235 Main St,Los Angeles,CA,United States,12374,Operations,Operations Manager,David Ramirez,Terminated,Onsite,2024-04-03,,,bachelor,75008.91,13194.29,0.15,5.0,88.5,5.3,1,43,3,27,3,Good,TD Bank,savings,Margaret Sanchez,138-749-4020,Married,American,Day,FT,12.0,WS-12-63,,Aetna,,2026-06-09 20:21:02
558,EMP-48091,Mark,Wilson,mARK wILSON,MALE,41.0,1984-12-21,mark.wilson@company.com,928-373-9343,5359 Park Ave,Boston,MA,U.S.A.,85854,Marketing,Senior Developer,Lisa Wilson,ACTIVE,Hybrid,2023-02-10,2021-05-06,12.6,MS,54722.08,9718.27,0.15,,95.4,9.3,1,38,1,21,9,satisfactory,Citibank,Checking,Richard Rodriguez,641-494-3362,MARRIED,British,Night,Part-Time,13.0,WS-13-26,True,Aetna,N/A,2026-06-30 20:21:02
559,EMP-74120,Richard,Rodriguez,Richard Rodriguez,Non-Binary,34.0,1992-02-11,richard.rodriguez@corp.net,690-351-6116,4544 Maple Rd,Atlanta,GA,US,98516,Operations,Operations Manager,Thomas Brown,Active,remote,2020-08-04,,4.1,BS,83669.79,15671.78,0.22,4.0,91.0,0.0,9,30,0,30,2,good,Wells Fargo,checking,Patricia Moore,857-721-6642,single,Mexican,NIGHT,Full-Time,,,True,Aetna,,2026-07-04 20:21:02
560,EMP-20573,Nancy,Smith,Nancy Smith,Female,33.0,1993-08-08,nancy.smith@enterprise.org,(197) 959-5618,3151 Oak Ave,Seattle,wa,United States,26213,Product,Senior Developer,Joseph Ramirez,Active,remote,2021-06-19,2022-11-18,1.6,BS,72358.26,11350.45,0.15,,95.9,0.0,8,71,1,17,0,EXCELLENT,TD Bank,savings,Daniel Thomas,871-454-4632,Divorced,Canadian,Night,Contract,,,True,Kaiser Permanente,Pending annual review,2026-07-27 20:21:02
561,EMP-57196,Mark,Harris,Mark Harris,Non-Binary,18.0,2007-06-18,mark.harris@corp.net,195-202-5619,6300 Oak Ave,Dallas,TX,United States,86341,Operations,Legal Counsel,Jennifer Sanchez,active,hybrid,2018-05-26,2022-10-07,9.3,High School,74086.0,7161.23,0.15,4.0,91.2,8.2,10,22,4,15,3,Excellent,TD Bank,Savings,Sandra Hernandez,183-972-7876,single,Mexican,Shift 1,FT,12.0,WS-12-66,True,Kaiser Permanente,Transferred from regional branch,2026-07-22 20:21:02
562,EMP-64298,Lisa   ,Robinson,Lisa Robinson,Female,52.0,1974-12-31,lisa.robinson@corp.net,745-152-2431,9454 Washington Blvd,San Jose,ca,usa,98432,IT,Sales Executive,Charles Martin,ACTIVE,remote,2024-10-15,,13.0,BS,80612.73,,0.15,1.0,100.0,0.0,9,52,5,18,9,EXCELLENT,Citibank,Checking,David Thomas,448-210-5151,Single,Mexican,NIGHT,FT,,,False,Blue Cross Blue Shield,Completed leadership onboarding,2026-08-04 20:21:02
563,EMP-44756,Christopher,Lopez,Christopher Lopez,Female,41.0,1985-10-18,christopher.lopez@corp.net,820-775-3105,5757 Main St,San Jose,CA,USA,86850,CUSTOMER SUPPORT,Systems Administrator,Sandra Rodriguez,Active,Hybrid,2017-03-15,2025-03-12,9.9,PhD,73937.59,9216.76,0.22,4.0,100.0,4.1,8,41,0,11,10,EXCELLENT,Chase,CHECKING,Joseph Martin,101-581-8821,Married,Mexican,Day,FT,2.0,WS-02-94,True,UnitedHealth,,2026-06-20 20:21:02
564,EMP-64041,Karen,Harris,Karen Harris,Male,35.0,1990-06-24,karen.harris@company.com,350-901-1826,9485 Maple Rd,Houston,TX,usa,57501,Legal,Support Agent,,Terminated,Onsite,2013-03-29,2021-12-21,15.2,bachelor,81674.56,7728.88,0.32,3.0,93.5,21.4,2,23,5,17,1,Good,Capital One,CHECKING,Michael Perez,342-209-7469,single,British,Shift 2,contract,5.0,WS-05-42,True,Blue Cross Blue Shield,Completed leadership onboarding,2026-07-14 20:21:02
565,EMP-61543,Mark, Gonzalez,MARK GONZALEZ,Male,29.0,1996-09-22,mark.gonzalez@corp.net,829-967-1908,1581 Oak Ave,Boston,MA,USA,57703,Marketing,Senior Developer,Lisa Lee,ACTIVE,Remote,2021-04-27,,7.7,BS,99748.76,13900.44,0.32,4.0,92.7,23.2,5,66,4,23,11,EXCELLENT,CITIBANK,Savings,Daniel Jackson,493-723-2574,MARRIED,Canadian,Shift 2,Full-Time,,,True,Kaiser Permanente,Pending annual review,2026-06-21 20:21:02
566,EMP-23745,Michael,Jones,Michael Jones,MALE,35.0,1991-07-13,michael.jones@enterprise.org,(238) 859-2104,1134 Park Ave,Dallas,TX,US,64221,Legal,Sales Executive,Karen Garcia,ACTIVE,Hybrid,2020-02-09,2023-08-16,12.7,Bachelors,84923.3,15688.51,0.22,2.0,95.2,0.0,4,30,2,9,8,good,Capital One,Checking,Barbara White,459-922-7716,Married,Indian,day,contract,5.0,WS-05-73,False,UnitedHealth,High potential,2026-07-26 20:21:02
567,EMP-78147,Linda,Brown,Linda Brown,Non-Binary,39.0,1987-07-14,linda.brown@corp.net,459-868-1418,5343 Park Ave   ,Seattle,WA,USA,99185,Legal,Marketing Specialist,Susan Williams,On Leave,REMOTE,2024-04-16,2024-03-23,5.2,MS,71121.01,6710.38,0.22,2.0,91.7,16.3,10,52,1,11,7,Needs Improvement,Bank of America,savings,Sandra Lewis,217-730-2216,Married,Canadian,Shift 2,Contract,,,True,Cigna,Pending annual review,2026-07-15 20:21:02
568,EMP-16590,David,Garcia,David Garcia,Non-Binary,19.0,2006-01-28,david.garcia@corp.net,(463) 701-8975,363 Park Ave,San Diego,CA,usa,51560,IT,Product Manager,Jessica White,On Leave,Hybrid,2016-08-06,2025-12-05,11.1,High School,62292.75,5912.57,0.24,3.0,89.1,4.7,10,68,2,13,4,satisfactory,Capital One,Checking,Sandra Wilson,678-427-3966,Divorced,Indian,Shift 2,FT,5.0,WS-05-40,True,Aetna,Transferred from regional branch,2026-07-06 20:21:02
569,EMP-68245,Barbara,   Gonzalez,Barbara Gonzalez,Prefer Not to Say,36.0,1990-11-16,BARBARA.GONZALEZ@COMPANY.COM,754-897-1466,4796 Maple Rd,atlanta,GA,US,67429,Customer Support, Marketing Specialist  ,Elizabeth Robinson,On Leave,Remote,2022-07-11,,4.9,bachelor,110233.78,20117.87,0.32,3.0,93.6,10.7,6,78,3,15,9,satisfactory,capital one,savings,Margaret Garcia,847-820-2966,Single,Mexican,Shift 2,PT,,,False,UnitedHealth,Completed leadership onboarding,2026-06-24 20:21:02
570,EMP-82355,Robert,Harris,Robert Harris,pREFER nOT TO sAY,44.0,1982-04-26,robert.harris@corp.net,(547) 965-7304,8268 Park Ave,san antonio,TX,U.S.A.,53906,Engineering,Marketing Specialist,,ACTIVE,Remote,2020-12-18,,2.3,Bachelors,70970.17,3731.8,0.22,2.0,95.0,16.3,8,66,1,16,4,good,bank of america,CHECKING,Elizabeth Perez,459-535-9189,single,Indian,Shift 1,Part-Time,,,False,UnitedHealth,,2026-06-15 20:21:02
571,EMP-82491,   Joseph,Perez,Joseph Perez,Male,40.0,1985-12-13,JOSEPH.PEREZ@ENTERPRISE.ORG,479-134-8429,3211 Main St,Seattle,wa,USA,64448,Human Resources,Sales Executive,Linda Moore,Active,Remote,2022-11-04,2025-11-02,15.6,bachelor,102931.94,18693.79,0.22,1.0,97.1,13.9,5,10,1,20,1,good,bank of america,savings,Daniel Miller,948-641-7094,Single,Indian,day,Contract,,,True,Cigna,Transferred from regional branch,2026-07-08 20:21:02
572,EMP-68070,Jennifer,Miller,jennifer miller,Prefer Not to Say,38.0,1987-12-25,jennifer.miller@enterprise.org,434-397-2646,7987 Oak Ave,denver,CO,usa,11564,Finance,Senior Developer,Karen White,Active,Onsite,2024-02-15,2023-08-25,15.1,BS,83195.26,10205.12,0.24,4.0,90.7,0.0,5,14,0,30,4,EXCELLENT,wells fargo,savings,Lisa Robinson,693-350-2915,Single,Mexican,NIGHT,Full-Time,7.0,WS-07-97,True,UnitedHealth,Completed leadership onboarding,2026-07-08 20:21:02
573,EMP-21708,Linda,Lee,Linda Lee,male,52.0,1973-11-16,linda.lee@enterprise.org,233-741-8824,708 Washington Blvd,New York,NY,U.S.A.,50337,Customer Support,Sales Executive,Betty Lewis,Terminated,Onsite,2017-01-19,2024-05-31,11.5,bachelor,66139.12,8140.79,0.24,3.0,92.6,22.1,8,4,4,28,3,Excellent,WELLS FARGO,checking,Betty Lee,366-378-7667,Married,German,day,Full-Time,13.0,WS-13-15,False,Kaiser Permanente,Completed leadership onboarding,2026-07-18 20:21:02
574,EMP-82107,Betty,Harris,Betty Harris,NON-BINARY,,1985-08-12,betty.harris@corp.net,558-315-2204,1995 Washington Blvd,San Diego,CA,U.S.A.,79901,HR,Accountant,Sarah Martinez,Active,hybrid,2016-01-19,2024-02-03,9.1,MS,85828.15,7652.98,0.22,3.0,100.0,10.6,4,53,0,9,7,good,Capital One,savings,Jennifer Harris,905-874-6810,MARRIED,British,Shift 2,Contract,6.0,WS-06-14,False,Aetna,Completed leadership onboarding,2026-06-17 20:21:02
575,EMP-54151,Matthew ,Thomas,MATTHEW THOMAS,Non-Binary,39.0,1986-12-07,matthew.thomas@enterprise.org,(367) 390-6652,9923 Washington Blvd,Austin,TX,United States,47461,Customer Support,Systems Administrator,Charles Sanchez,active,Remote,2022-05-20,2022-11-07,12.7,PhD,54349.52,3818.36,0.22,4.0,97.0,6.4,3,39,1,20,10,good,Chase,savings,Elizabeth Perez,418-547-5284,Divorced,American,Night,FT,,,True,Aetna,N/A,2026-07-13 20:21:02
576,EMP-54759,Richard,Williams,Richard Williams,mALE,28.0,1997-05-06,richard.williams@enterprise.org,460-379-3171,7984 Maple Rd   ,Boston,MA,United States,18094,Sales,Legal Counsel,Daniel Smith,On Leave,Onsite,2015-05-24,,12.7,Bachelors,62393.75,4844.85,0.32,5.0,90.0,0.0,7,60,1,19,3,Excellent,Bank of America,Savings,Joseph Anderson,539-549-5774,MARRIED,British,day,PT,14.0,WS-14-25,False,Kaiser Permanente,,2026-07-06 20:21:02
577,EMP-48564,Charles,Perez,Charles Perez,mALE,30.0,1996-10-14,charles.perez@company.com,512-518-9267,5512 Oak Ave,Phoenix,AZ,USA,65403,Operations,HR Specialist,Daniel Thompson,active,Onsite,2022-11-06,2020-03-01,4.6,Masters,92012.95,7462.78,0.22,2.0,94.2,7.1,2,65,0,8,6,good,Wells Fargo,Checking,Jennifer Davis,650-159-2953,Married,Mexican,day,contract,12.0,WS-12-88,False,Blue Cross Blue Shield,High potential,2026-06-16 20:21:02
578,EMP-97575,Mark,Davis,Mark Davis,Non-Binary,28.0,1998-08-17,mark.davis@company.com,(530) 966-4004,6607 Main St,Houston,TX,US,63791,Finance,Marketing Specialist,Jessica Moore,Active,Remote,2019-07-22,,15.6,BS,85215.84,15685.13,0.15,2.0,100.0,0.0,1,67,2,6,1,Good,Citibank,CHECKING,Jessica Robinson,504-239-9576,MARRIED,Mexican,Shift 2,contract,,,False,Cigna,Transferred from regional branch,2026-06-06 20:21:02
579,EMP-59043,Mary,Moore,Mary Moore,FEMALE,31.0,1994-08-20,mary.moore@company.com,387-872-4238,2640 Main St,san jose,CA,U.S.A.,54733,Product,Software Engineer,Christopher Garcia,Active,remote,2018-05-27,2023-08-29,12.3,PhD,53161.32,8369.72,0.22,1.0,99.5,28.0,6,22,1,24,12,Excellent,bANK OF aMERICA,savings,Nancy Perez,,Divorced,Mexican,NIGHT,contract,,,True,UnitedHealth,,2026-07-12 20:21:02
580,EMP-48225,  Linda,Lee,linda lee,Female,23.0,2003-03-15,linda.lee@enterprise.org,(962) 458-6889,5608 Park Ave,Austin,TX,US,74597,Engineering,Product Manager,Mary Martin,ACTIVE,Remote,2014-08-04,2021-08-16,13.5,Bachelor's,58651.98,9670.7,0.15,3.0,92.0,11.9,6,53,4,18,4,EXCELLENT,chase,checking,Richard Smith,732-793-4275,Married,British,Night,Full-Time,,,False,Aetna,,2026-07-31 20:21:02
581,EMP-60821,Lisa,Rodriguez,Lisa Rodriguez,Male,42.0,1984-07-16, LISA.RODRIGUEZ@COMPANY.COM ,(559) 223-5834,5579 Main St,Philadelphia,PA,USA,93471,Engineering,Operations Manager,James Smith,active,Hybrid,2021-04-06,2022-08-11,1.2,BS,91963.48,18361.58,0.24,1.0,88.8,16.9,5,14,1,25,0,Excellent,TD Bank,CHECKING,Margaret Harris,200-155-7502,single,American,Night,Contract,10.0,WS-10-31,False,Cigna,,2026-06-23 20:21:02
582,EMP-49454,Charles,Johnson,Charles Johnson,Prefer Not to Say,45.0,1980-12-22,charles.johnson@company.com,739-820-9586,4184 Main St,San Jose,ca,U.S.A.,23879,hr,HR Specialist,Patricia Garcia,active,REMOTE,2018-12-28,2023-06-04,11.8,PhD,56011.51,10490.73,0.32,1.0,100.0,5.7,5,11,4,5,10,good,Citibank,checking,Mark Hernandez,655-460-8792,Single,Canadian,Shift 1,Full-Time,,,True,Blue Cross Blue Shield,,2026-06-07 20:21:02
583,EMP-21709,Joseph,Smith,JOSEPH SMITH,Female,41.0,1984-04-02,joseph.smith@corp.net,130-350-6208,   4352 Main St   ,San Diego,CA,usa,51575,Finance,  Senior Developer ,Betty Martinez,On Leave,Hybrid,2016-08-12,,0.5,Masters,76906.88,12005.52,0.15,3.0,93.7,3.9,7,55,1,13,12,Needs Improvement,bANK OF aMERICA,Checking,Christopher Wilson,400-229-2200,single,Mexican,Shift 1,FT,1.0,WS-01-38,False,UnitedHealth,Transferred from regional branch,2026-07-18 20:21:02
584,EMP-65387,Richard,Hernandez,Richard Hernandez,NON-BINARY,44.0,1981-04-11,richard.hernandez@enterprise.org,897-431-5718,1807 Oak Ave,LOS ANGELES,CA,usa,48089,Marketing,Systems Administrator   ,Mary Lee,On Leave,REMOTE,2019-03-16,2024-03-19,6.5,High School,65617.02,8466.77,0.24,1.0,98.2,8.6,5,36,3,14,7,Excellent,Bank of America,Savings,Barbara Lee,977-723-8680,MARRIED,Indian,Day,Full-Time,,,False,UnitedHealth,Pending annual review,2026-07-12 20:21:02
585,EMP-41643,John,Perez,John Perez,Non-Binary,45.0,1980-08-07,john.perez@company.com,507-670-8334,   2871 Park Ave ,Phoenix,AZ,US,88507,IT,Data Analyst,Joseph White,On Leave,REMOTE,2013-02-10,,11.1,BS,54666.34,6226.67,0.15,5.0,93.8,0.2,7,22,5,20,8,satisfactory,capital one,CHECKING,Lisa White,503-614-4299,Single,Canadian,NIGHT,Full-Time,,,False,UnitedHealth,Transferred from regional branch,2026-06-30 20:21:02
586,EMP-29466,Matthew,Clark,Matthew Clark,Prefer Not to Say,50.0,1975-01-03,matthew.clark@corp.net,874-539-3019,4379 Main St,San Antonio,TX,USA,32867,Legal,Accountant,Jessica Davis,active,Hybrid,2016-01-13,2021-02-18,5.0,Masters,38759.22,2006.95,0.15,4.0,98.2,0.0,6,65,3,7,9,satisfactory,Capital One,checking,Mary Ramirez,680-239-6406,Single,Mexican,Shift 1,Contract,12.0,WS-12-97,False,Kaiser Permanente,Pending annual review,2026-06-23 20:21:02
587,EMP-33872,Jessica,Miller,Jessica Miller,Male,25.0,2000-03-14,JESSICA.MILLER@COMPANY.COM,(751) 175-4921,5476 Oak Ave,Austin,tx,usa,98656,Sales,Operations Manager,Thomas Clark,Active,hybrid,2014-04-28,,11.5,BS,101698.06,18144.49,0.32,2.0,98.1,0.4,8,7,5,23,4,Excellent,Capital One,Checking,,639-461-8202,Married,Indian,day,Part-Time,2.0,WS-02-38,True,Kaiser Permanente,Pending annual review,2026-06-24 20:21:02
588,EMP-17088,Thomas,Smith,THOMAS SMITH,Male,41.0,1985-04-04,thomas.smith@enterprise.org,891-923-5036,7270 Oak Ave,dallas,TX,US,22545,Marketing,Systems Administrator,William Gonzalez,active,Hybrid,2019-01-09,,13.5,PhD,115245.41,6026.0,0.22,3.0,100.0,20.0,4,33,4,28,1,satisfactory,Chase,Checking,Nancy Moore,678-767-4806,Divorced,American,Night,contract,15.0,WS-15-78,False,Kaiser Permanente,Pending annual review,2026-07-03 20:21:02
589,EMP-73743,Lisa,Lopez ,Lisa Lopez,fEMALE,,1971-01-17,lisa.lopez@enterprise.org,778-814-7579,9489 Main St,Houston,tx,USA,22228,IT,Senior Developer,Karen Davis,ACTIVE,Onsite,2016-04-08,,16.8,PhD,110375.44,6796.49,0.22,4.0,92.5,0.0,2,68,4,9,0,EXCELLENT,Wells Fargo,checking,,247-925-2581,Divorced,Indian,NIGHT,Contract,3.0,WS-03-48,False,Aetna,Pending annual review,2026-06-15 20:21:02
590,EMP-52109,Mary,Harris,Mary Harris,Male,24.0,2002-01-29,mary.harris@enterprise.org,(561) 262-1560,471 Oak Ave,San Jose,CA,U.S.A.,,OPERATIONS,Operations Manager,Margaret Ramirez,active,hybrid,2017-11-24,,5.2,PhD,89072.83,14395.74,0.15,4.0,95.8,0.0,6,33,0,25,5,EXCELLENT,Wells Fargo,checking,Susan Thomas,,single,German,Shift 2,Contract,10.0,WS-10-86,True,Blue Cross Blue Shield,High potential,2026-07-19 20:21:02
591,EMP-92270,John,Martinez,john martinez,prefer not to say,35.0,1990-09-18,john.martinez@enterprise.org,105-150-1222,6855 Maple Rd,New York,ny,US,43019,Product,Accountant,Sarah Sanchez,Active,Hybrid,2021-02-10,,10.8,High School,45583.9,3249.92,0.32,2.0,95.7,0.0,4,67,0,27,7,Needs Improvement,Wells Fargo,Checking,Thomas Brown,209-911-7292,Divorced,American,day,contract,2.0,WS-02-57,True,Blue Cross Blue Shield,N/A,2026-07-07 20:21:02
592,EMP-19258,Matthew,Thomas,Matthew Thomas,Prefer Not to Say,49.0,1977-11-08,matthew.thomas@company.com,(140) 807-4747,9667 Washington Blvd,Denver,CO,USA,17590,Sales,Data Analyst,William Robinson,On Leave,REMOTE,2021-05-28,,10.7,High School,88836.2,14557.23,0.24,1.0,100.0,0.0,2,11,1,19,10,Excellent,Wells Fargo,checking,Matthew Thomas,709-936-3574,single,German,NIGHT,Contract,,,True,UnitedHealth,N/A,2026-06-07 20:21:02
593,EMP-85399,Elizabeth,Smith,Elizabeth Smith,Non-Binary,37.0,1989-08-16,elizabeth.smith@corp.net,606-673-1299,6609 Washington Blvd,Austin,TX,usa,43376,Legal,Product Manager,David Davis,Active,Hybrid,2014-07-02,2025-02-04,4.7,BS,98790.3,13410.53,0.32,4.0,100.0,4.7,1,78,0,23,1,Needs Improvement,Bank of America,Savings,Richard Clark,450-690-4450,single,Mexican,Shift 2,Full-Time,9.0,WS-09-55,False,Blue Cross Blue Shield,High potential,2026-06-11 20:21:02
594,EMP-95537,Susan,White,Susan White,Prefer Not to Say,57.0,1968-10-11,susan.white@enterprise.org,378-134-6823,2308 Maple Rd,Denver,CO,USA,12394,Customer Support,Marketing Specialist,Elizabeth Johnson,active,REMOTE,2024-01-27,,8.0,BS,95229.26,18951.03,0.24,3.0,100.0,3.2,6,60,3,29,10,good,Bank of America,checking,Daniel Rodriguez,,MARRIED,British,Night,Full-Time,,,False,Cigna,Pending annual review,2026-06-20 20:21:02
595,EMP-28731,Jessica,Gonzalez,Jessica Gonzalez,Non-Binary,42.0,1984-10-22,jessica.gonzalez@enterprise.org,724-653-1509,5117 Maple Rd,Denver,CO,usa,94072,IT,Marketing Specialist,Barbara Johnson,On Leave,REMOTE,2020-12-05,2024-11-05,2.9,PhD,50880.0,8504.05,0.24,2.0,96.9,12.2,10,8,4,8,6,Excellent,TD Bank,checking,James Ramirez,582-922-3844,Married,British,Day,Full-Time,,,False,UnitedHealth,,2026-07-02 20:21:02
596,EMP-18123,Jessica,Martin,jessica martin,MALE,57.0,1968-11-11,jessica.martin@corp.net,406-337-3913,4666 Park Ave,Boston,MA,United States,,Product,Systems Administrator,Karen Martin,ACTIVE,hybrid,2015-11-30,2023-05-15,5.3,Masters,,4113.25,0.22,5.0,96.7,0.0,7,45,4,16,1,EXCELLENT,td bANK,Savings,Anthony Davis,867-160-7020,single,Indian,NIGHT,FT,11.0,WS-11-84,True,UnitedHealth,Pending annual review,2026-07-22 20:21:02
597,EMP-73133,Barbara,Lewis,Barbara Lewis,Non-Binary,53.0,1973-05-05,barbara.lewis@corp.net,(349) 109-3937,7537 Park Ave,Boston,MA,USA,19780,customer support,Sales Executive,Jennifer Wilson,Terminated,Remote,2018-03-26,2023-06-04,12.3,High School,83297.31,9985.51,0.32,4.0,97.3,32.4,9,72,2,24,1,Excellent,Capital One,savings,Jennifer Taylor,363-609-9820,MARRIED,American,Day,Contract,,,True,Aetna,Transferred from regional branch,2026-06-26 20:21:02
598,EMP-59925,David,Garcia,David Garcia,Male,28.0,1997-01-19,david.garcia@enterprise.org,204-680-2131,  4171 Washington Blvd,Chicago,IL,United States,79351,Sales,Accountant,David Smith,Active,Hybrid,2016-09-08,2020-11-21,23.3,Bachelor's,52936.34,6705.64,0.32,2.0,93.4,0.0,1,5,5,27,11,EXCELLENT,TD Bank,checking,Charles Miller,561-468-7796,single,Canadian,Day,Part-Time,2.0,WS-02-99,False,Aetna,Pending annual review,2026-07-05 20:21:02
599,EMP-93049, Nancy,Johnson,Nancy Johnson,female,21.0,2005-07-18,nancy.johnson@company.com,367-115-1001,4522 Park Ave,SAN ANTONIO,TX,US,62803,Customer Support,Marketing Specialist,,Active,remote,2013-11-14,,10.7,Bachelors,78022.21,4281.98,0.15,1.0,98.8,9.0,2,73,2,24,10,good,Chase,Savings,Jessica Gonzalez,295-918-5489,single,Indian,day,FT,,,False,UnitedHealth,N/A,2026-06-12 20:21:02
600,EMP-53553,Richard,Jones,Richard Jones,Non-Binary,33.0,1992-02-28,richard.jones@enterprise.org,212-899-9061,2710 Washington Blvd,Philadelphia,PA,U.S.A.,24335,Sales,Data Analyst,,Active,REMOTE,2023-03-13,2023-09-14,7.2,PhD,73521.05,5555.29,0.32,3.0,92.7,0.9,2,38,2,28,2,Needs Improvement,Wells Fargo,savings,Jessica Sanchez,642-651-1992,Single,American,Shift 1,Full-Time,,,True,Kaiser Permanente,Completed leadership onboarding,2026-06-16 20:21:02
601,EMP-33170,Susan,Taylor,susan taylor,Female,47.0,1979-07-31,susan.taylor@company.com,555-491-9830,8863 Main St,Los Angeles,ca,usa,38831,IT,Systems Administrator,Karen White,On Leave,remote,2021-03-21,2020-07-13,9.3,Bachelor's,81638.85,13675.67,0.15,4.0,99.0,2.4,8,44,0,27,11,Needs Improvement,chase,savings,Sandra Thomas,283-619-5652,Divorced,Indian,Shift 2,Full-Time,,,False,Cigna,High potential,2026-07-04 20:21:02
602,EMP-27200,Daniel,Williams,Daniel Williams,Female,44.0,1981-09-23,daniel.williams@corp.net,563-280-6956,7699 Maple Rd,San Jose,ca,usa,17128,IT,Systems Administrator,Barbara Jackson,Active,Hybrid,2022-06-08,2024-05-20,4.0,High School,92907.11,12163.86,0.22,3.0,91.8,0.0,4,53,0,28,0,Needs Improvement,capital one,checking,Jessica Clark,911-171-7609,Married,German,Day,contract,11.0,WS-11-60,False,UnitedHealth,N/A,2026-06-09 20:21:02
603,EMP-91624,Patricia,Hernandez,PATRICIA HERNANDEZ,PREFER NOT TO SAY,40.0,1985-12-22,patricia.hernandez@enterprise.org,155-235-6894,3180 Oak Ave,Houston,TX,usa,91111,Customer Support, Sales Executive,William Smith,Terminated,remote,2016-07-31,2025-08-01,12.1,High School,74327.75,10807.25,0.15,1.0,97.3,18.8,6,69,2,21,4,Excellent,TD Bank,CHECKING,Linda Smith,383-540-2015,Divorced,German,NIGHT,FT,,,True,Kaiser Permanente,Completed leadership onboarding,2026-06-25 20:21:02
604,EMP-75077,Mark,Johnson,Mark Johnson,Non-Binary,,1989-10-17,mark.johnson@corp.net,865-667-4974,  8779 Park Ave,New York,ny,usa,24887,Engineering,Software Engineer,,active,Onsite,2024-03-26,2023-09-04,5.6,Master's,81861.34,6668.64,0.15,5.0,96.5,0.0,3,65,1,21,5,EXCELLENT,Citibank,checking,,810-243-9785,Divorced,British,Day,Full-Time,4.0,WS-04-52,False,Cigna,Transferred from regional branch,2026-06-22 20:21:02
605,EMP-55288,James,White,James White,Male,31.0,1994-03-31,james.white@enterprise.org,(122) 830-1053,6222 Main St,San Diego,CA,US,86084,Marketing,HR Specialist,Daniel Martin,active,remote,2024-08-06,2022-12-22,7.1,High School,61807.95,,0.22,3.0,91.5,0.0,1,46,3,11,6,EXCELLENT,CITIBANK,checking,Anthony Clark,308-588-4361,Divorced,Mexican,Day,Part-Time,,,False,Blue Cross Blue Shield,Transferred from regional branch,2026-07-08 20:21:02
606,EMP-61035,Charles,Martinez,Charles Martinez,female,20.0,2005-11-19,charles.martinez@corp.net,665-878-2922,1883 Maple Rd,philadelphia,PA,US,40501,Human Resources,Operations Manager,Susan Harris,ACTIVE,Onsite,2014-11-20,,6.8,bachelor,40955.73,3411.73,0.22,1.0,92.7,16.0,6,3,4,28,11,satisfactory,Bank of America,checking,James Smith,351-893-9950,single,Indian,day,Contract,8.0,WS-08-15,True,Aetna,,2026-06-19 20:21:02
607,EMP-76353,Karen,Wilson,Karen Wilson,PREFER NOT TO SAY,25.0,2001-07-22,karen.wilson@company.com,(571) 130-2529,4926 Washington Blvd,San Jose,CA,United States,92693,CUSTOMER SUPPORT,Senior Developer,,Terminated,hybrid,2021-04-14,2024-07-11,2.8,BS,65255.94,9626.93,0.32,,93.2,3.0,9,67,0,10,7,Needs Improvement,Chase,Savings,Barbara Garcia,372-486-6284,Single,Indian,day,Full-Time,11.0,WS-11-67,True,Blue Cross Blue Shield,Completed leadership onboarding,2026-06-15 20:21:02
608,EMP-69813,Karen   ,Anderson,karen anderson,Non-Binary,51.0,1975-06-28,karen.anderson@corp.net,378-646-5041,8934 Washington Blvd,Houston,TX,US,70013,Finance,HR Specialist   ,James Wilson,ACTIVE,hybrid,2021-04-22,,2.3,PhD,67411.91,6441.47,0.32,,96.7,4.2,3,42,5,12,7,EXCELLENT,Bank of America,CHECKING,,182-441-6243,Single,Canadian,NIGHT,contract,8.0,WS-08-35,False,Blue Cross Blue Shield,,2026-07-11 20:21:02
609,EMP-28025,William,Thomas,William Thomas,Male,37.0,1989-04-05,william.thomas@company.com,545-238-1524,8633 Maple Rd,Dallas,tx,usa,62556,Engineering,Sales Executive,Elizabeth Wilson,Active,Onsite,2022-11-23,2023-07-20,3.8,Master's,86462.56,8422.69,0.24,2.0,86.1,16.3,8,22,4,10,9,Needs Improvement,Chase,Savings,Robert Thompson,730-377-1715,Single,American,Shift 1,Contract,2.0,WS-02-39,False,Aetna,Transferred from regional branch,2026-07-01 20:21:02
610,EMP-78893,Michael,Davis,Michael Davis,PREFER NOT TO SAY,40.0,1985-09-16,michael.davis@corp.net,541-188-1989,9187 Main St,Houston,TX,US,50914,Human Resources,Operations Manager,Robert Thomas,Active,Onsite,2020-12-10,,2.7,BS,51686.57,5783.14,0.32,1.0,95.1,0.0,1,72,0,5,0,Needs Improvement,Chase,checking,Anthony Perez,430-416-6567,Married,American,Day,Full-Time,8.0,WS-08-76,False,Cigna,Completed leadership onboarding,2026-06-17 20:21:02
611,EMP-95303,Daniel, Garcia ,Daniel Garcia,Prefer Not to Say,23.0,2002-02-27,DANIEL.GARCIA@COMPANY.COM,940-892-7551,1068 Park Ave,San Jose,ca,usa,62955,Human Resources,Data Analyst,,Active,Hybrid,2012-10-01,2024-07-25,11.9,BS,58067.08,11560.7,0.24,2.0,94.9,6.2,7,43,1,18,10,satisfactory,WELLS FARGO,checking,Michael Martinez,602-788-5315,single,American,Night,PT,6.0,WS-06-99,False,Kaiser Permanente,Transferred from regional branch,2026-07-14 20:21:02
612,EMP-57074,Karen,Lee,Karen Lee,female,47.0,1979-11-21,KAREN.LEE@ENTERPRISE.ORG,903-960-3698,6643 Maple Rd,Denver,CO,USA,12683,Marketing,HR Specialist,Jessica Anderson,Active,hybrid,2018-06-11,,5.3,BS,72664.68,7002.14,0.32,4.0,91.8,6.1,1,37,3,19,2,Good,TD Bank,savings,Lisa Rodriguez,592-253-9354,Divorced,American,day,Full-Time,7.0,WS-07-67,,Kaiser Permanente,Transferred from regional branch,2026-07-17 20:21:02
613,EMP-48216,Jennifer,Martin,Jennifer Martin,NON-BINARY,43.0,1982-05-10,jennifer.martin@corp.net,151-987-3948,6059 Washington Blvd,Phoenix,az,US,84432,Operations,Accountant,Barbara Lewis,Active,hybrid,2015-04-22,2022-07-02,16.2,Masters,97589.47,15371.15,0.15,5.0,98.4,19.8,2,30,4,15,9,satisfactory,Wells Fargo,savings,Sarah White,375-977-6343,single,Canadian,NIGHT,contract,14.0,WS-14-25,True,Blue Cross Blue Shield,High potential,2026-07-16 20:21:02
614,EMP-93543,Robert,Brown,Robert Brown,Prefer Not to Say,41.0,1984-08-10, robert.brown@corp.net ,(976) 128-8273,6689 Oak Ave,New York,NY,USA,38483,Product,Marketing Specialist,Betty Harris,Active,Remote,2021-08-02,,0.5,PhD,69422.33,4018.62,0.15,4.0,99.2,2.2,4,56,4,21,7,good,TD Bank,Savings,Karen Jackson,955-954-4197,Single,Mexican,Shift 1,Contract,,,False,Kaiser Permanente,Transferred from regional branch,2026-07-03 20:21:02
615,EMP-57490,Joseph,Thompson,Joseph Thompson,MALE,55.0,1970-12-27,joseph.thompson@corp.net,390-557-9902,6016 Maple Rd,Boston,MA,USA,35305,Human Resources,   Accountant,Jessica Hernandez,Active,REMOTE,2021-06-27,2025-03-18,7.6,Bachelors,35000.0,5963.8,0.15,2.0,87.7,18.2,10,45,4,26,12,good,Chase,checking,Patricia Lee,433-332-9400,Single,German,Shift 2,Part-Time,,,True,Blue Cross Blue Shield,N/A,2026-06-09 20:21:02
616,EMP-75004,Anthony,Lewis,Anthony Lewis,Female,47.0,1979-05-25,anthony.lewis@enterprise.org,792-725-8794,2779 Maple Rd,Philadelphia,pa,US,37054,Finance,Software Engineer,Joseph Martin,Active,Hybrid,2018-09-21,,6.2,Bachelor's,40922.57,5511.16,0.24,5.0,90.4,6.1,3,33,5,11,8,Good,Chase,Savings,Matthew Thomas,780-176-6812,Married,German,NIGHT,FT,9.0,WS-09-52,True,Aetna,,2026-06-15 20:21:02
617,EMP-14000,Michael,Williams,michael williams,Non-Binary,33.0,1993-01-17,michael.williams@company.com,802-485-1156,3943 Maple Rd,Los Angeles,ca,US,,Finance,Sales Executive,Richard Thompson,Active,remote,2020-11-08,,9.7,bachelor,80239.01,11088.42,0.24,1.0,88.7,8.7,6,78,0,30,12,satisfactory,Bank of America,Checking,Karen Sanchez,993-536-4044,single,German,Day,FT,,,True,UnitedHealth,Pending annual review,2026-06-08 20:21:02
618,EMP-70667,Linda,Clark  ,Linda Clark,Prefer Not to Say,60.0,1966-03-04,linda.clark@company.com,214-460-1920,6622 Main St,SAN DIEGO,CA,usa,17154,legal,Operations Manager,Anthony Jackson,ACTIVE,remote,2021-12-08,2022-04-10,7.2,Masters,80912.49,4437.4,0.32,1.0,87.4,4.7,2,19,1,24,8,Excellent,Chase,savings,Sarah Taylor,580-563-9833,MARRIED,Canadian,Shift 1,Part-Time,,,False,Cigna,Transferred from regional branch,2026-07-01 20:21:02
619,EMP-99988,Susan,Garcia,Susan Garcia,female,29.0,1996-02-06,susan.garcia@enterprise.org,440-704-6815,6402 Washington Blvd,NEW YORK,NY,United States,96228,Customer Support,Senior Developer,,Active,REMOTE,2016-02-04,2024-07-19,10.0,Bachelor's,49169.49,5772.84,0.24,1.0,96.5,0.0,4,13,2,23,6,satisfactory,Bank of America,CHECKING,John Sanchez,769-949-2027,MARRIED,German,Day,contract,,,True,Kaiser Permanente,,2026-06-27 20:21:02
620,EMP-16312,Elizabeth,Wilson,Elizabeth Wilson,Male,28.0,1997-08-17,elizabeth.wilson@company.com,(986) 820-2190,  9873 Main St ,San Jose,ca,U.S.A.,93950,OPERATIONS,Marketing Specialist,John Wilson,On Leave,hybrid,2020-09-19,,4.4,PhD,83839.72,14696.18,0.15,4.0,92.8,3.4,1,43,5,21,11,Good,Capital One,Checking,William Martin,596-828-6280,Married,British,Day,Full-Time,4.0,WS-04-17,False,Kaiser Permanente,,2026-06-30 20:21:02
621,EMP-89804,Susan,Garcia,Susan Garcia,Prefer Not to Say,26.0,1999-04-13,susan.garcia@corp.net,316-285-6945,2332 Washington Blvd,Los Angeles,ca,USA,44387,Finance,Product Manager,Jessica Thompson,Active,REMOTE,2019-05-05,2021-11-08,9.1,BS,99359.18,14785.45,0.24,3.0,92.4,4.6,3,11,1,21,10,EXCELLENT,cHASE,checking,Jessica Gonzalez,897-202-7072,Single,Canadian,day,PT,,,False,Aetna,Pending annual review,2026-07-22 20:21:02
622,EMP-71676,Barbara,Smith,BARBARA SMITH,Non-Binary,39.0,1986-06-03,barbara.smith@corp.net,(248) 198-4350,7185 Maple Rd,San Jose,CA,U.S.A.,31729,Legal,Accountant,James Wilson,active,hybrid,2019-04-22,2025-11-13,3.8,Masters,83031.21,6277.46,0.15,4.0,97.3,1.9,3,46,5,16,8,good,TD Bank,Savings,Betty White,123-884-8008,Married,German,NIGHT,Contract,14.0,WS-14-74,True,Kaiser Permanente,High potential,2026-07-01 20:21:02
623,EMP-27429,Anthony,Perez,Anthony Perez,Male,26.0,2000-01-18,ANTHONY.PEREZ@COMPANY.COM,(560) 865-1400,4779 Washington Blvd,Denver,CO,USA,54232,Operations,Systems Administrator,Lisa Thomas,On Leave,REMOTE,2024-01-18,2025-11-20,11.4,Master's,83172.15,6458.04,0.15,2.0,93.5,2.9,10,49,2,19,11,satisfactory,Wells Fargo,savings,Margaret Harris,925-395-6442,Divorced,Indian,Night,Part-Time,,,,Aetna,N/A,2026-06-12 20:21:02
624,EMP-43605,Nancy,Rodriguez,Nancy Rodriguez,mALE,40.0,1985-03-18,nancy.rodriguez@enterprise.org,916-767-4316,6396 Park Ave,San Jose,CA,USA,29918,human resources,Legal Counsel,Richard Smith,Active,remote,2023-05-15,,9.9,Bachelor's,102080.38,8862.61,0.15,3.0,98.4,1.6,7,22,2,25,0,satisfactory,Capital One,checking,John Jones,272-660-9662,MARRIED,German,Day,contract,,,False,Kaiser Permanente,,2026-07-06 20:21:02
625,EMP-23036,Elizabeth,Martin,Elizabeth Martin,Female,18.0,2007-01-31,elizabeth.martin@enterprise.org,(900) 888-5456,3350 Oak Ave,Houston,TX,USA,74795,Product,Legal Counsel,Linda Harris,ACTIVE,REMOTE,2013-09-13,2025-08-27,5.1,Masters,74378.82,13669.79,0.15,5.0,90.5,25.4,7,65,5,30,4,Excellent,Chase,CHECKING,Matthew Johnson,638-968-8741,Married,Mexican,Day,contract,,,True,Aetna,,2026-06-21 20:21:02
626,EMP-67771,Elizabeth ,Gonzalez,ELIZABETH GONZALEZ,Male,31.0,1994-05-24,elizabeth.gonzalez@enterprise.org,645-425-3732,2006 Washington Blvd,New York,ny,US,69444,PRODUCT, Operations Manager,Mary Smith,active,Onsite,2022-04-23,2022-01-10,4.3,Bachelor's,73608.44,13258.07,0.22,5.0,99.4,6.3,1,22,0,23,10,Needs Improvement,Chase,checking,James Williams,873-383-7359,Single,German,Night,FT,1.0,WS-01-69,False,UnitedHealth,,2026-06-30 20:21:02
627,EMP-10943,Susan,White,Susan White,fEMALE,31.0,1994-01-28,susan.white@enterprise.org,169-136-6116,   8051 Oak Ave,Boston,ma,USA,54292,Marketing,Software Engineer,Joseph Miller,active,REMOTE,2015-05-12,,,Masters,35000.0,6173.01,0.32,4.0,92.5,0.0,7,28,5,21,5,good,Wells Fargo,CHECKING,Patricia Jackson,,MARRIED,British,Day,FT,,,True,Cigna,,2026-07-08 20:21:02
628,EMP-78093,Linda,Lee,,mALE,32.0,1994-10-11,linda.lee@enterprise.org,843-835-5758,1060 Main St,San Antonio,tx,United States,94620,eNGINEERING,HR Specialist,Karen Taylor,Terminated,Onsite,2021-02-07,2021-04-04,14.9,Master's,,13147.33,0.22,4.0,96.9,0.3,1,35,3,8,6,satisfactory,Bank of America,CHECKING,Christopher Martinez,850-718-8066,MARRIED,German,NIGHT,PT,14.0,WS-14-91,,Blue Cross Blue Shield,N/A,2026-06-05 20:21:02
629,EMP-82837,Jessica,Williams,Jessica Williams,Female,32.0,1993-10-30,jessica.williams@enterprise.org,864-580-2884,5623 Oak Ave  ,Austin,TX,US,12008,engineering,Systems Administrator,James Wilson,Active,Hybrid,2022-07-21,,2.4,Masters,123200.97,14459.08,0.24,2.0,96.1,24.1,10,3,4,21,2,Good,wells fargo,CHECKING,Patricia Rodriguez,,Married,Indian,Day,FT,5.0,WS-05-24,,Aetna,N/A,2026-07-15 20:21:02
630,EMP-36496,Nancy,Perez,Nancy Perez,Non-Binary,43.0,1983-01-14,NANCY.PEREZ@COMPANY.COM,728-137-6750,1961 Washington Blvd,Denver,CO,U.S.A.,36760,IT,Operations Manager,Patricia Smith,active,REMOTE,2015-09-02,2024-09-29,27.6,Master's,35000.0,2322.71,0.32,3.0,100.0,18.3,8,48,2,19,8,Good,Citibank,Checking,Sarah Rodriguez,159-862-2273,Divorced,Canadian,day,PT,,,True,Blue Cross Blue Shield,Transferred from regional branch,2026-07-25 20:21:02
631,EMP-77455,   Susan,Brown,Susan Brown,Female,22.0,2003-01-12,susan.brown@corp.net,952-677-2930,8768 Main St,Dallas,tx,U.S.A.,34336,Marketing,Software Engineer,,On Leave,remote,2016-12-01,2022-07-10,6.5,bachelor,79983.57,,0.32,4.0,90.5,0.0,2,74,5,8,11,EXCELLENT,wells fargo,savings,Mark Brown,135-716-6799,Divorced,British,Shift 1,contract,,,,Cigna,Transferred from regional branch,2026-07-28 20:21:02
632,EMP-50554,Linda,Taylor,Linda Taylor,FEMALE,29.0,1997-10-10,linda.taylor@enterprise.org,572-739-3678,2788 Washington Blvd,San Jose,CA,United States,44664,Legal,Accountant,Christopher Martin,ACTIVE,Onsite,2019-04-28,2023-08-08,5.3,Bachelor's,99424.71,8931.71,0.24,,92.6,5.0,4,19,4,29,8,good,Citibank,CHECKING,John Lee,541-134-6803,Single,Mexican,Day,FT,13.0,WS-13-10,False,Aetna,,2026-07-07 20:21:02
633,EMP-42814,Lisa,Perez,Lisa Perez,Male,32.0,1993-10-22,lisa.perez@enterprise.org,(547) 867-3341,7657 Washington Blvd,sAN aNTONIO,tx,US,,Marketing,Legal Counsel,Margaret Harris,Active,Hybrid,2014-09-18,,9.8,Master's,60380.87,6800.93,0.22,1.0,98.8,11.3,6,75,1,17,6,Excellent,Citibank,Checking,James Moore,635-718-5399,Married,American,Day,Contract,9.0,WS-09-95,True,Cigna,High potential,2026-08-01 20:21:02
634,EMP-98843,Margaret,Rodriguez,Margaret Rodriguez,Female,45.0,1980-07-08,margaret.rodriguez@company.com,(486) 134-9931,1381 Maple Rd,San Diego,CA,United States,22279,Marketing,HR Specialist,Charles White,ACTIVE,Onsite,2018-11-07,,8.6,Bachelors,62200.16,9101.64,0.22,3.0,94.2,0.2,8,52,2,23,2,satisfactory,Citibank,savings,Sarah Sanchez,998-339-8783,Married,German,Shift 2,contract,13.0,WS-13-81,True,Aetna,N/A,2026-07-01 20:21:02
635,EMP-42646,Mary,Robinson,Mary Robinson,fEMALE,38.0,1988-04-29,mary.robinson@enterprise.org,712-114-8734,8795 Park Ave,Chicago,IL,US,87025,Legal,HR Specialist,Nancy Davis,ACTIVE,Remote,2024-02-11,,14.5,bachelor,60623.35,12084.12,0.22,2.0,98.7,4.2,5,54,4,16,3,Needs Improvement,Wells Fargo,savings,Charles Taylor,,Married,German,Shift 1,PT,,,False,Blue Cross Blue Shield,N/A,2026-06-09 20:21:02
636,EMP-98084,Anthony,Sanchez,Anthony Sanchez,Prefer Not to Say,,1983-11-27,anthony.sanchez@enterprise.org,(179) 969-3464,7268 Main St,Dallas,tx,US,30769,Operations,Support Agent,Sarah Anderson,Active,remote,2016-03-02,,9.0,High School,88900.41,5381.46,0.22,4.0,87.7,11.3,4,78,5,26,5,satisfactory,Chase,savings,Sarah Jackson,150-536-6893,Divorced,American,NIGHT,FT,,,False,Cigna,,2026-07-20 20:21:02
637,EMP-98533,Linda,Thomas,LINDA THOMAS,Non-Binary,46.0,1980-04-08,linda.thomas@enterprise.org,(724) 383-6557,3243 Washington Blvd,Dallas,tx,U.S.A.,80952,Finance,Operations Manager,Richard Johnson,Active,Hybrid,2019-04-11,,5.7,MS,57215.18,3394.91,0.32,5.0,99.8,3.3,9,69,0,17,12,EXCELLENT,td bank,Savings,Joseph White,,MARRIED,German,Day,Contract,4.0,WS-04-72,True,Kaiser Permanente,High potential,2026-07-11 20:21:02
638,EMP-51788,David,Ramirez,DAVID RAMIREZ,Prefer Not to Say,,1979-05-23,david.ramirez@corp.net,(181) 340-3095,6115 Park Ave,San Jose,ca,usa,57050,Human Resources,Product Manager,David Thomas,On Leave,Remote,2015-05-01,2020-02-14,13.2,PhD,53233.61,8686.21,0.32,1.0,88.6,0.8,4,66,5,25,12,Good,chase,savings,,541-488-2907,Single,German,Shift 1,Part-Time,,,True,Cigna,High potential,2026-07-25 20:21:02
639,EMP-48441,Elizabeth,Thompson,ELIZABETH THOMPSON,Male,21.0,2005-12-08,elizabeth.thompson@enterprise.org,440-967-6930,3221 Maple Rd,Phoenix,az,U.S.A.,33679,Customer Support,Legal Counsel,Anthony Lee,ACTIVE,REMOTE,2021-10-05,2024-03-24,6.0,High School,94931.41,16920.72,0.15,5.0,92.7,27.4,5,13,2,25,0,Excellent,Citibank,checking,Thomas Anderson,207-241-7395,MARRIED,Canadian,Shift 2,PT,,,True,Aetna,Completed leadership onboarding,2026-06-27 20:21:02
640,EMP-37300,Mark,Smith,Mark Smith,Male,33.0,1992-07-21,mark.smith@corp.net,710-131-1670,8048 Oak Ave,San Diego,CA,U.S.A.,17523,Marketing,Sales Executive,Thomas Miller,Active,hybrid,2020-04-21,,2.2,Masters,53091.98,5831.64,0.32,4.0,96.5,34.4,4,16,5,9,4,Needs Improvement,Citibank,savings,John Jackson,421-436-8398,Single,Canadian,Day,PT,5.0,WS-05-52,True,Kaiser Permanente,Completed leadership onboarding,2026-06-21 20:21:02
641,EMP-46415,Mark,Martinez,Mark Martinez,Prefer Not to Say,38.0,1987-05-04,mark.martinez@enterprise.org,536-961-9293,8609 Washington Blvd,San Jose,CA,USA,40401,Human Resources,Legal Counsel,,ACTIVE,REMOTE,2018-05-26,2023-02-26,0.5,Masters,71262.08,5554.07,0.22,3.0,86.8,0.0,9,52,0,6,9,Good,Wells Fargo,Savings,Sarah Thomas,156-567-6203,MARRIED,Canadian,day,Full-Time,,,False,Blue Cross Blue Shield,Pending annual review,2026-07-25 20:21:02
642,EMP-83249,Mark,Smith,Mark Smith,Male,,1976-10-29,mark.smith@corp.net,580-466-1481,3630 Park Ave,Los Angeles,CA,U.S.A.,52245,Legal,Product Manager,Elizabeth Harris,On Leave,Remote,2014-01-23,2025-05-16,11.9,Bachelor's,84333.42,6510.07,0.32,5.0,100.0,0.0,4,71,3,11,12,Needs Improvement,Chase,Savings,Robert White,232-410-9449,Single,Mexican,Shift 1,FT,,,False,UnitedHealth,Transferred from regional branch,2026-08-03 20:21:02
643,EMP-50999,Linda,Gonzalez,Linda Gonzalez,Non-Binary,28.0,1998-10-31,linda.gonzalez@company.com,(178) 817-3893,8417 Oak Ave,Boston,ma,US,13089,IT,Software Engineer,Betty Gonzalez,Active,hybrid,2019-12-17,,16.7,MS,93643.83,5220.85,0.22,2.0,93.8,22.6,5,1,2,8,5,satisfactory,Citibank,checking,Daniel Sanchez,533-629-7836,Single,German,Night,FT,8.0,WS-08-83,True,Aetna,Pending annual review,2026-07-08 20:21:02
644,EMP-90681,Elizabeth,Lewis  ,Elizabeth Lewis,Prefer Not to Say,35.0,1990-06-29, elizabeth.lewis@corp.net ,166-114-4502,4125 Oak Ave,Los Angeles,ca,usa,58313,Marketing,Support Agent,Mark Lewis,On Leave,hybrid,2013-06-04,,11.0,Bachelors,52911.77,8672.05,0.32,4.0,99.6,2.1,1,9,4,29,8,Needs Improvement,Bank of America,CHECKING,Mark Martin,407-795-4443,Married,British,NIGHT,Contract,14.0,WS-14-33,False,Kaiser Permanente,Completed leadership onboarding,2026-06-14 20:21:02
645,EMP-94740,James,Thomas,James Thomas,Non-Binary,32.0,1993-12-08,james.thomas@company.com,(788) 379-2445,8876 Oak Ave,Dallas,TX,US,16788,Customer Support,Support Agent,John Jones,Terminated,Onsite,2021-08-29,,2.7,Master's,99461.66,11751.39,0.22,3.0,105.0,0.0,9,34,3,14,3,Needs Improvement,Wells Fargo,Savings,Sarah Smith,360-788-1276,Married,German,Night,Full-Time,10.0,WS-10-55,True,Kaiser Permanente,,2026-06-09 20:21:02
646,EMP-54861,Nancy,Miller,Nancy Miller,Female,41.0,1984-06-11,nancy.miller@company.com,826-476-6672,8373 Maple Rd,Atlanta,GA,United States,58688,Customer Support,Product Manager,Linda Clark,Active,REMOTE,2017-06-13,2023-03-30,5.1,Bachelors,38587.93,3961.65,0.24,4.0,96.4,0.0,9,1,5,23,5,good,Bank of America,CHECKING,Linda Martin,303-112-2166,MARRIED,Indian,Shift 1,contract,,,False,Blue Cross Blue Shield,,2026-07-14 20:21:02
647,EMP-64991,Jennifer,Perez,jennifer perez,Female,18.0,2008-07-01,jennifer.perez@corp.net,154-913-1522,847 Maple Rd,aUSTIN,TX,United States,86732,Legal,Accountant,Christopher Gonzalez,Terminated,Hybrid,2022-10-07,2022-02-17,7.7,Bachelors,47633.7,6876.79,0.24,1.0,100.0,0.0,8,10,4,25,9,satisfactory,td bank,Checking,Jennifer Johnson,875-507-9000,MARRIED,German,NIGHT,Full-Time,12.0,WS-12-60,False,Cigna,High potential,2026-06-16 20:21:02
648,EMP-61420,Susan,Perez,Susan Perez,Female,47.0,1979-03-07,susan.perez@corp.net,(801) 880-4158,1411 Park Ave,New York,ny,usa,21872,IT,Software Engineer,Jessica Martinez,ACTIVE,remote,2020-06-19,2023-01-01,8.5,Bachelors,100274.13,5377.72,0.22,1.0,90.8,0.0,5,48,5,13,4,good,chase,Checking,Margaret Gonzalez,565-759-4881,single,Mexican,day,PT,,,True,Blue Cross Blue Shield,Transferred from regional branch,2026-08-01 20:21:02
649,EMP-70179,Jennifer,Sanchez,Jennifer Sanchez,Male,43.0,1983-04-13,jennifer.sanchez@enterprise.org,794-538-6423,7470 Park Ave  ,Dallas,TX,US,92369,Customer Support,Senior Developer,Matthew Thomas,Active,Onsite,2016-11-16,2025-06-01,9.0,High School,80280.4,8857.52,0.15,,100.0,0.0,5,27,0,13,9,Needs Improvement,bank of america,savings,,257-502-8677,Divorced,Indian,Shift 1,Part-Time,13.0,WS-13-88,False,Blue Cross Blue Shield,,2026-07-27 20:21:02
650,EMP-54760,John,Brown,John Brown,MALE,45.0,1981-06-03,john.brown@enterprise.org,330-801-5066,4330 Park Ave,boston,MA,USA,93527,Engineering,Senior Developer,Susan Lewis,Active,Remote,2020-03-28,2023-05-24,9.4,bachelor,41902.25,8264.63,0.32,4.0,90.2,0.1,7,66,0,5,9,Needs Improvement,Chase,savings,Susan Lewis,338-476-3108,Married,Indian,Shift 2,Part-Time,,,False,Blue Cross Blue Shield,,2026-06-06 20:21:02
651,EMP-61765,Sarah,Wilson,Sarah Wilson,NON-BINARY,42.0,1983-08-29,sarah.wilson@corp.net,296-751-8644,7626 Washington Blvd,Phoenix,AZ,US,80565,IT,Product Manager,Margaret Harris,active,REMOTE,2020-05-21,,10.5,MS,,12470.62,0.22,4.0,90.4,0.0,1,78,2,27,10,EXCELLENT,TD Bank,Checking,Barbara Lee,199-735-7225,Married,Canadian,Night,Full-Time,,,False,Cigna,Pending annual review,2026-06-28 20:21:02
652,EMP-64862,   John   ,Thompson,John Thompson,Female,27.0,1998-10-26,john.thompson@company.com,799-892-1283,1526 Maple Rd,San Antonio,TX,U.S.A.,63559,marketing,Operations Manager,Barbara Williams,Active,Hybrid,2016-06-26,,7.5,MS,77978.2,8988.37,0.32,4.0,91.6,13.4,4,36,3,9,4,satisfactory,WELLS FARGO,savings,Joseph Gonzalez,919-649-9040,Married,American,day,FT,5.0,WS-05-73,True,Kaiser Permanente,Pending annual review,2026-07-02 20:21:02
653,EMP-73310,James,Martin,James Martin,Prefer Not to Say,38.0,1988-08-26,james.martin@enterprise.org,(243) 548-8811,   5631 Park Ave  ,Atlanta,ga,United States,62746,Engineering,Data Analyst,Betty White,On Leave,remote,2019-08-26,2021-06-12,6.9,MS,55961.63,5577.18,0.32,5.0,95.4,0.0,2,31,2,27,10,Excellent,TD Bank,checking,William Lee,,Single,British,Shift 2,Contract,,,False,Blue Cross Blue Shield,,2026-07-16 20:21:02
654,EMP-80081,Joseph,Taylor,JOSEPH TAYLOR,Prefer Not to Say,40.0,1985-08-29,joseph.taylor@corp.net,900-230-5196,8894 Main St,pHILADELPHIA,PA,U.S.A.,12027,Customer Support,Marketing Specialist  ,Susan Brown,Active,Onsite,2024-12-23,2020-05-13,1.8,Masters,81683.53,9750.68,0.15,2.0,94.2,17.1,6,66,2,14,8,satisfactory,Chase,Savings,Joseph Thomas,553-601-2722,single,German,day,Contract,4.0,   WS-04-87,False,UnitedHealth,High potential,2026-08-04 20:21:02
655,EMP-96116,Michael,Smith,Michael Smith,FEMALE,37.0,1989-02-16,michael.smith@company.com,866-402-1539,4225 Maple Rd,Chicago,il,usa,64521,Operations,HR Specialist,Sandra Garcia,On Leave,Hybrid,2021-05-31,,10.3,Bachelors,66385.71,6954.46,0.15,5.0,94.3,0.0,4,0,0,15,3,good,Capital One,savings,Betty Taylor,744-264-3532,Married,American,Shift 2,Full-Time,1.0,   WS-01-79 ,True,Kaiser Permanente,,2026-06-24 20:21:02
656,EMP-61326,Jennifer,   Brown,Jennifer Brown,prefer not to say,39.0,1986-05-10,jennifer.brown@company.com,708-415-3534,3994 Maple Rd,Austin,tx,U.S.A.,61176,IT,Systems Administrator,Jessica Lee,Terminated,Hybrid,2019-11-16,2020-08-05,6.5,bachelor,44589.17,4633.64,0.24,4.0,93.8,9.5,4,33,3,25,3,satisfactory,Capital One,Checking,Mark Wilson,714-127-6736,MARRIED,Indian,Shift 1,Part-Time,1.0,WS-01-99,False,Kaiser Permanente,Transferred from regional branch,2026-08-01 20:21:02
657,EMP-98671,Betty,Clark,Betty Clark,Female,42.0,1984-09-02,betty.clark@corp.net,(436) 971-5313,2082 Washington Blvd,Atlanta,GA,U.S.A.,77282,Operations,Senior Developer,,Active,REMOTE,2015-11-28,2025-10-17,0.5,Master's,96653.82,17015.29,0.32,2.0,92.6,17.2,1,45,3,30,0,EXCELLENT,Capital One,checking,Betty Miller,773-780-6272,Married,German,day,Part-Time,,,False,UnitedHealth,Completed leadership onboarding,2026-08-03 20:21:02
658,EMP-81727,William,Wilson,,Non-Binary,18.0,2007-05-11,william.wilson@enterprise.org,(735) 761-5676,5751 Main St,Denver,co,United States,15214,Legal,Marketing Specialist,Matthew Wilson,Active,remote,2022-11-13,2023-03-22,6.4,PhD,98071.27,10586.87,0.15,5.0,92.4,4.0,10,3,4,8,12,satisfactory,chase,savings,Linda Rodriguez,414-742-2318,Divorced,Canadian,Day,contract,,,True,Blue Cross Blue Shield,N/A,2026-06-29 20:21:02
659,EMP-72486,Mark,Lopez,Mark Lopez,Female,22.0,2004-01-23,mark.lopez@enterprise.org,(621) 523-6304,6399 Maple Rd,San Antonio,TX,usa,75662,Finance,Marketing Specialist,Thomas Thomas,Active,Onsite,2013-03-16,,0.5,MS,65976.82,6669.32,0.24,4.0,97.8,4.8,9,36,2,19,0,Good,Chase,checking,Barbara Johnson,863-494-4473,single,American,Shift 2,PT,15.0,WS-15-52,True,Kaiser Permanente,,2026-07-23 20:21:02
660,EMP-80099,Christopher,Anderson,Christopher Anderson,NON-BINARY,42.0,1983-04-16,christopher.anderson@company.com,(730) 783-8540,1426 Park Ave  ,Boston,MA,USA,70395,Marketing,Marketing Specialist,James Ramirez,Active,REMOTE,2015-06-25,2022-11-23,10.3,MS,59155.82,5365.17,0.22,3.0,83.8,3.6,9,74,1,27,8,good,Chase,Checking,Daniel Robinson,592-924-8526,Divorced,Mexican,NIGHT,Full-Time,,,False,Kaiser Permanente,,2026-07-25 20:21:02
661,EMP-18826,Mark,Thompson,Mark Thompson,NON-BINARY,39.0,,mark.thompson@enterprise.org,(743) 918-9708,6118 Park Ave,Denver,CO,U.S.A.,67910,Customer Support,Data Analyst,Susan Taylor,Active,remote,2023-08-17,,10.2,Bachelor's,64803.87,9995.26,0.24,1.0,95.2,6.5,5,41,4,27,2,Excellent,Bank of America,CHECKING,Mary White,455-426-9191,Single,Indian,Night,contract,,,False,Aetna,N/A,2026-06-15 20:21:02
662,EMP-47092,Karen,Jones,Karen Jones,fEMALE,26.0,2000-10-11,KAREN.JONES@COMPANY.COM,(489) 102-8939,3501 Maple Rd,San Antonio,tx,United States,10269,Product,Accountant,Barbara Gonzalez,ACTIVE,remote,2016-01-08,2025-07-21,6.4,BS,78211.55,5020.84,0.15,3.0,95.3,0.0,6,12,3,9,10,Excellent,TD Bank,CHECKING,Barbara Johnson,862-913-6111,Married,Indian,Day,contract,,,True,Aetna,N/A,2026-07-05 20:21:02
663,EMP-30154,Mark,Garcia,Mark Garcia,female,55.0,1970-03-20, mark.garcia@company.com ,643-718-3215,4490 Main St,San Diego,CA,United States,14687,Product,Systems Administrator,David Lopez,On Leave,Remote,2023-06-02,,10.5,High School,72303.98,9651.25,0.32,3.0,91.5,1.2,1,44,5,16,7,satisfactory,Bank of America,Savings,,738-852-3060,single,American,day,contract,,,,UnitedHealth,,2026-07-12 20:21:02
664,EMP-13437,Patricia,Anderson  ,Patricia Anderson,Male,44.0,1982-02-11,patricia.anderson@enterprise.org,267-306-3772,1103 Washington Blvd,Phoenix,az,USA,18398,Engineering,Operations Manager,Betty Brown,Active,remote,2017-06-06,,8.8,Bachelor's,63269.37,12483.47,0.15,2.0,96.1,4.4,4,20,4,18,10,EXCELLENT,wells fargo,Savings,Christopher Martinez,405-239-3386,MARRIED,Canadian,Night,Contract,,,,Aetna,Completed leadership onboarding,2026-06-21 20:21:02
665,EMP-17304,James   ,Smith,James Smith,Female,18.0,2008-05-15,james.smith@corp.net,718-430-7236,3111 Park Ave,Los Angeles,CA,usa,78084,Legal,   Marketing Specialist  ,Charles Robinson,On Leave,Onsite,2018-03-03,,13.7,PhD,,4823.07,0.22,4.0,97.1,0.0,2,42,3,20,11,Excellent,CITIBANK,Savings,Susan Garcia,398-428-9932,single,Indian,Night,PT,12.0,WS-12-33,True,Aetna,High potential,2026-07-25 20:21:02
666,EMP-87857,Jennifer,Garcia,Jennifer Garcia,MALE,22.0,2003-11-30,jennifer.garcia@company.com,(248) 596-1449,1671 Maple Rd,Denver,CO,USA,32514,Finance,HR Specialist,Barbara Gonzalez,Active,REMOTE,2024-09-21,,14.9,Master's,,7374.17,0.22,2.0,93.6,0.0,4,43,4,30,11,Excellent,Bank of America,savings,Thomas Lee,473-906-2305,MARRIED,American,Shift 1,Part-Time,,,True,UnitedHealth,N/A,2026-07-12 20:21:02
667,EMP-84761,Barbara,Johnson,Barbara Johnson,fEMALE,27.0,1999-11-29,barbara.johnson@company.com,171-670-8139,6552 Washington Blvd,San Jose,CA,US,92589,Finance,Data Analyst,Linda White,ACTIVE,remote,2020-02-22,,0.5,MS,98146.93,14691.2,0.15,2.0,100.0,0.7,5,80,0,30,1,satisfactory,TD BANK,checking,Barbara White,769-410-2174,single,Indian,Shift 2,contract,,,True,Kaiser Permanente,N/A,2026-06-18 20:21:02
668,EMP-51035,Charles,Gonzalez ,Charles Gonzalez,Non-Binary,25.0,,charles.gonzalez@enterprise.org,(517) 749-2100,3503 Washington Blvd  ,Phoenix,az,USA,34912,Engineering,Sales Executive,Sandra Wilson,ACTIVE,Onsite,2020-03-10,,6.0,Bachelor's,81349.07,6341.18,0.22,4.0,93.3,0.4,8,7,3,19,10,satisfactory,TD Bank,checking,Jennifer Taylor,989-338-1606,Single,Indian,day,Full-Time,12.0,WS-12-15,True,UnitedHealth,N/A,2026-08-04 20:21:02
669,EMP-58748,Richard,Martin,Richard Martin,Prefer Not to Say,26.0,,richard.martin@enterprise.org,897-840-2011,4907 Park Ave,San Diego,ca,USA,14032,IT,Senior Developer,Elizabeth Johnson,Active,Remote,2013-08-24,,6.5,Masters,78062.04,,0.24,3.0,100.0,2.6,9,65,3,22,5,EXCELLENT,Citibank,savings,Joseph Sanchez,218-373-2900,Married,British,Day,Contract,,,,UnitedHealth,High potential,2026-07-27 20:21:02
670,EMP-70008,Jessica,   Johnson,Jessica Johnson,male,55.0,1970-06-28,jessica.johnson@enterprise.org,731-297-5313,5434 Main St,los angeles,ca,usa,75392,Customer Support,Data Analyst,Mary Thomas,Active,Remote,2015-04-07,,8.1,Bachelors,79505.28,15763.35,0.22,3.0,98.5,9.9,1,78,3,26,9,Excellent,Wells Fargo,Savings,Anthony Davis,201-788-1244,MARRIED,German,NIGHT,PT,,,True,Kaiser Permanente,High potential,2026-06-20 20:21:02
671,EMP-45243,   Matthew ,Johnson,Matthew Johnson,Male,52.0,1974-11-09,MATTHEW.JOHNSON@CORP.NET,413-850-2259,2557 Maple Rd,Philadelphia,PA,US,35128,Customer Support,HR Specialist,William Lee,Active,REMOTE,2021-09-21,2024-05-31,5.2,Masters,114797.1,,0.15,2.0,96.8,5.6,8,18,2,11,0,satisfactory,Citibank,savings,Karen Taylor,494-566-8516,Single,Indian,Day,PT,,,True,Blue Cross Blue Shield,Transferred from regional branch,2026-07-21 20:21:02
672,EMP-92975,Barbara,Williams,Barbara Williams,Male,45.0,1980-07-01,barbara.williams@company.com,948-827-7346,9760 Maple Rd,Austin,tx,United States,99025,product,Systems Administrator,Betty Wilson,On Leave,Onsite,2013-12-17,2020-03-22,10.8,Bachelors,79680.49,11451.5,0.22,4.0,93.8,7.8,1,67,3,12,12,Excellent,Bank of America,CHECKING,,500-819-7625,single,Indian,Day,contract,6.0,   WS-06-55,True,Blue Cross Blue Shield,Transferred from regional branch,2026-07-09 20:21:02
673,EMP-92016,Karen,Garcia,Karen Garcia,Male,35.0,1991-01-15, karen.garcia@enterprise.org ,394-893-2106,6529 Main St,bOSTON,ma,USA,33600,IT,Software Engineer,John Jackson,ACTIVE,REMOTE,2014-06-16,2023-06-25,13.8,High School,89644.69,11115.71,0.15,2.0,93.9,2.9,5,72,5,7,1,good,Citibank,checking,James Thompson,909-141-5572,single,British,NIGHT,Part-Time,,,True,Cigna,N/A,2026-06-23 20:21:02
674,EMP-27337,Mark,   Garcia,Mark Garcia,mALE,37.0,1989-07-22,mark.garcia@enterprise.org,308-890-6324,4760 Oak Ave,Los Angeles,ca,usa,27908,OPERATIONS,Software Engineer,Mary Harris,Active,Remote,2023-01-18,2020-01-09,14.1,bachelor,35977.96,,0.22,2.0,95.7,8.5,1,76,5,24,0,Needs Improvement,Citibank,CHECKING,Sarah Sanchez,216-510-7530,Single,Indian,Shift 2,Contract,,,False,Kaiser Permanente,High potential,2026-06-15 20:21:02
675,EMP-87329,Elizabeth,White,ELIZABETH WHITE,FEMALE,35.0,1991-04-23,ELIZABETH.WHITE@ENTERPRISE.ORG,899-763-1616,8672 Maple Rd,Chicago,il,United States,64036,Customer Support,Data Analyst,Charles Hernandez,Terminated,remote,2017-08-11,2022-06-08,7.6,PhD,105152.67,10814.07,0.15,5.0,91.5,0.0,8,52,0,30,10,Good,Wells Fargo,Savings,Nancy Perez,337-486-1606,Single,Mexican,Shift 1,FT,,,False,Cigna,Transferred from regional branch,2026-07-10 20:21:02
676,EMP-38321,Patricia,Taylor,Patricia Taylor,MALE,51.0,1974-06-19,patricia.taylor@corp.net,402-509-2284,1924 Washington Blvd,PHILADELPHIA,PA,United States,10593,IT,  Data Analyst   ,Mark Martin,ACTIVE,Remote,2018-12-18,,2.1,MS,101933.39,7096.54,0.24,3.0,92.6,3.1,5,37,5,15,0,satisfactory,Bank of America,CHECKING,Richard Miller,303-864-5157,single,Mexican,Day,PT,,,True,UnitedHealth,Transferred from regional branch,2026-08-02 20:21:02
677,EMP-28015,Karen,Thompson,Karen Thompson,Female,54.0,,karen.thompson@company.com,732-143-5775,474 Main St,Seattle,WA,usa,77582,Marketing,Accountant,William Sanchez,Active,REMOTE,2023-11-02,,13.4,Masters,60407.95,9848.66,0.22,4.0,96.8,27.9,5,18,2,5,7,Good,Bank of America,Savings,Mary Clark,464-945-1975,Single,Indian,day,FT,,,False,UnitedHealth,,2026-07-23 20:21:02
678,EMP-51770,Jessica,Sanchez,Jessica Sanchez,Male,42.0,1984-04-08,jessica.sanchez@enterprise.org,(387) 186-6837,2554 Park Ave,Denver,CO,United States,64492,Sales,Senior Developer,Daniel Rodriguez,On Leave,Hybrid,2024-03-28,,2.2,BS,60699.56,9237.17,0.32,2.0,89.9,0.0,7,3,0,20,10,Good,Chase,checking,James Lewis,162-945-3540,MARRIED,Canadian,NIGHT,Contract,15.0,WS-15-86,False,Cigna,Transferred from regional branch,2026-06-14 20:21:02
679,EMP-82988,Jessica,Thomas,,Female,18.0,2007-05-05,jessica.thomas@company.com,106-898-3092,7170 Maple Rd,Dallas,tx,US,39196,Product,Support Agent,Barbara Harris,ACTIVE,Hybrid,2012-04-23,,14.3,High School,68443.53,13384.6,0.32,3.0,93.3,5.4,5,80,1,10,10,EXCELLENT,Capital One,Checking,David Rodriguez,606-986-7516,Married,Mexican,NIGHT,contract,14.0,   WS-14-11,True,Blue Cross Blue Shield,N/A,2026-07-03 20:21:02
680,EMP-80801,David,Lewis,DAVID LEWIS,Non-Binary,41.0,1984-10-04,david.lewis@corp.net,(696) 734-8637,4528 Oak Ave,Atlanta,GA,US,17954,Sales,Legal Counsel,Elizabeth Thompson,Terminated,remote,2024-07-06,2020-07-10,9.3,PhD,71114.62,13032.23,0.22,4.0,91.2,1.1,2,44,3,22,7,Excellent,Citibank,CHECKING,John Hernandez,225-959-7613,single,Canadian,Shift 2,FT,,,True,Kaiser Permanente,Completed leadership onboarding,2026-07-31 20:21:02
681,EMP-48242,James,Thompson,James Thompson,Male,26.0,1999-05-04,james.thompson@enterprise.org,658-635-8071,8328 Oak Ave,San Diego,CA,USA,70875,fINANCE,Product Manager,Mark Robinson,On Leave,Onsite,2022-03-23,,9.7,Bachelor's,67526.76,8631.4,0.32,5.0,92.5,20.3,3,24,2,9,9,Needs Improvement,Chase,Checking,Margaret Martin,876-171-4648,Married,British,Shift 1,Contract,3.0,WS-03-46,True,UnitedHealth,N/A,2026-07-24 20:21:02
682,EMP-33688,John,Moore,JOHN MOORE,Male,,1990-04-13,john.moore@enterprise.org,219-314-2592,5223 Oak Ave,Denver,CO,US,35318,Sales,Sales Executive,Betty Davis,Active,Remote,2015-12-03,2020-12-28,11.7,BS,36812.88,3496.73,0.24,5.0,100.0,0.3,6,73,3,20,0,Excellent,Chase,savings,James Lopez,773-842-3063,Married,Canadian,Day,Full-Time,,,False,Aetna,N/A,2026-07-11 20:21:02
683,EMP-35293,Margaret,Gonzalez,Margaret Gonzalez,Female,36.0,1990-03-06,margaret.gonzalez@enterprise.org,693-619-2918,2267 Washington Blvd,New York,NY,United States,35281,Engineering,Senior Developer,William Jones,Terminated,Hybrid,2015-04-17,2021-07-28,8.2,Bachelor's,61466.58,4686.09,0.22,3.0,100.0,0.4,3,7,4,23,11,Excellent,Capital One,Checking,Patricia Jones,320-623-3474,MARRIED,Mexican,Night,PT,13.0,WS-13-86,True,Blue Cross Blue Shield,Completed leadership onboarding,2026-06-22 20:21:02
684,EMP-58175,Karen,Lopez,Karen Lopez,Male,20.0,2006-06-10,karen.lopez@company.com,106-985-6353, 8632 Main St,Austin,tx,usa,45940,Marketing,Sales Executive,Michael Garcia,Active,Onsite,2019-09-19,,15.5,BS,75826.51,12419.37,0.15,5.0,97.2,3.2,1,77,0,12,6,Good,Chase,savings,David Thompson,118-961-7039,Divorced,Mexican,NIGHT,Part-Time,13.0, WS-13-60 ,False,Blue Cross Blue Shield,High potential,2026-07-14 20:21:02
685,EMP-96721,Michael,White,Michael White,Non-Binary,27.0,1999-11-02,michael.white@corp.net,(697) 523-1546,5978 Oak Ave,Los Angeles,CA,USA,55074,Finance,Systems Administrator,Sarah Moore,Terminated,hybrid,2024-02-06,,12.7,PhD,70165.01,7842.36,0.24,3.0,98.9,8.0,10,26,1,27,4,EXCELLENT,Wells Fargo,savings,Matthew Sanchez,900-396-2634,MARRIED,Canadian,Shift 1,Part-Time,10.0,WS-10-22,True,Kaiser Permanente,High potential,2026-06-13 20:21:02
686,EMP-62478,Jessica,Anderson,Jessica Anderson,Male,37.0,1988-12-06,jessica.anderson@enterprise.org,(293) 720-5266,8801 Park Ave,Chicago,il,U.S.A.,52803,Operations,Sales Executive,Margaret Miller,active,REMOTE,2013-01-04,,,PhD,83645.26,13611.47,0.24,5.0,97.4,2.5,5,66,2,11,11,EXCELLENT,Citibank,savings,Sarah Williams,362-122-6719,Single,British,Day,Contract,,,True,Kaiser Permanente,High potential,2026-06-11 20:21:02
687,EMP-60631,John,   Thomas  ,JOHN THOMAS,Female,44.0,1982-06-03,john.thomas@company.com,269-425-6354,5395 Maple Rd,Atlanta,GA,United States,45594,Finance,Senior Developer,Matthew White,Terminated,remote,2013-05-16,,5.3,bachelor,35290.78,2405.9,0.24,1.0,91.9,0.0,5,65,1,10,4,satisfactory,Chase,checking,Sandra Harris,793-521-2251,single,Indian,NIGHT,PT,,,False,Blue Cross Blue Shield,,2026-07-22 20:21:02
688,EMP-38737,Daniel,Smith,Daniel Smith,Non-Binary,44.0,1982-04-21,daniel.smith@company.com,296-497-9272,6540 Oak Ave,PHOENIX,az,US,,Legal,Operations Manager,David Miller,active,hybrid,2024-10-24,2020-02-25,4.1,Master's,,12301.12,0.24,2.0,91.7,5.8,7,19,2,19,7,Excellent,chase,CHECKING,Jessica Garcia,225-151-7106,Divorced,German,Shift 2,PT,9.0,WS-09-20,False,UnitedHealth,Transferred from regional branch,2026-06-15 20:21:02
689,EMP-58241,Jennifer,Martin,jENNIFER mARTIN,PREFER NOT TO SAY,27.0,1998-05-25,jennifer.martin@corp.net,(647) 161-3655,2923 Washington Blvd,New York,NY,usa,23941,Marketing,  HR Specialist ,Linda Brown,active,remote,2015-01-28,2022-07-19,0.5,Bachelors,50251.47,4627.87,0.15,1.0,95.5,0.0,5,39,1,7,4,Excellent,Citibank,CHECKING,Nancy Ramirez,968-480-6502,MARRIED,Canadian,NIGHT,Part-Time,,,False,Blue Cross Blue Shield,Completed leadership onboarding,2026-08-01 20:21:02
690,EMP-50078,Charles,Anderson,Charles Anderson,Prefer Not to Say,51.0,1975-11-19, charles.anderson@corp.net ,(115) 974-8337,6331 Washington Blvd,Seattle,wa,U.S.A.,68618,Marketing,Support Agent,Mary Anderson,Active,REMOTE,2018-05-04,2020-07-14,9.6,Master's,62869.93,4351.89,0.22,4.0,97.3,1.6,3,16,5,16,9,satisfactory,Bank of America,Savings,Michael Harris,927-411-4805,single,American,Shift 2,FT,,,False,UnitedHealth,,2026-08-02 20:21:02
691,EMP-73928,Patricia,Brown,Patricia Brown,Male,29.0,1997-05-20,PATRICIA.BROWN@ENTERPRISE.ORG,606-220-6275,271 Oak Ave,Austin,TX,usa,27069,Finance,Marketing Specialist,Thomas Moore,Active,hybrid,2020-06-09,2022-04-25,1.3,Masters,108961.86,14460.7,0.15,5.0,90.7,0.6,2,8,3,21,4,satisfactory,Wells Fargo,Checking,Robert White,366-892-9338,Married,British,Shift 1,Part-Time,8.0,WS-08-87,False,Blue Cross Blue Shield,N/A,2026-06-17 20:21:02
692,EMP-62067,Margaret,White,Margaret White,Female,37.0,1989-10-22,margaret.white@enterprise.org,630-858-5778,4070 Main St,Philadelphia,PA,United States,78153,Product,Marketing Specialist,Michael Sanchez,ACTIVE,hybrid,2019-11-22,,5.9,PhD,56085.08,3055.78,0.15,4.0,98.0,10.3,6,43,1,5,0,EXCELLENT,Citibank,checking,Patricia Jones,459-701-3873,Married,Mexican,NIGHT,PT,6.0,WS-06-58,True,UnitedHealth,N/A,2026-06-24 20:21:02
693,EMP-92113,Jennifer,Hernandez,Jennifer Hernandez,Non-Binary,43.0,1983-10-28,jennifer.hernandez@company.com,(415) 258-9278,2183 Main St,sEATTLE,wa,United States,10462,IT,Product Manager,David Garcia,active,hybrid,2014-05-25,2025-10-04,6.4,Bachelors,68749.68,8092.69,0.22,,98.1,2.6,2,73,2,17,11,Needs Improvement,Bank of America,Checking,,845-455-1682,MARRIED,Indian,NIGHT,Full-Time,11.0,WS-11-52,False,UnitedHealth,Pending annual review,2026-07-19 20:21:02
694,EMP-86070, Sandra   ,Rodriguez,Sandra Rodriguez,Prefer Not to Say,23.0,2003-02-26,SANDRA.RODRIGUEZ@COMPANY.COM,950-577-6161,  9546 Washington Blvd,Los Angeles,CA,United States,45469,Marketing,HR Specialist,,Active,Remote,2013-10-06,2020-07-04,5.5,PhD,94506.25,6758.25,0.24,5.0,97.6,11.2,5,21,4,28,6,EXCELLENT,Chase,savings,Mark Thompson,783-987-9680,Married,Mexican,day,Full-Time,,,True,Aetna,High potential,2026-07-24 20:21:02
695,EMP-86091,Robert,Miller,rOBERT mILLER,Prefer Not to Say,34.0,1991-10-21,robert.miller@company.com,(385) 663-7539,2874 Washington Blvd,Dallas,tx,USA,58028,sALES,Operations Manager,Nancy Jackson,Active,Remote,2014-09-16,2023-05-04,13.9,Bachelor's,84635.67,12009.68,0.15,3.0,91.5,0.0,10,54,5,29,10,satisfactory,Wells Fargo,Checking,,915-371-4250,Single,Canadian,day,contract,,,False,Blue Cross Blue Shield,,2026-06-16 20:21:02
696,EMP-32069,Linda,Anderson,Linda Anderson,Non-Binary,52.0,1973-01-10, linda.anderson@enterprise.org ,514-427-7437,8049 Park Ave   ,Seattle,WA,usa,54143,Customer Support,HR Specialist,Jennifer Sanchez,Active,remote,2018-07-13,2021-08-20,2.3,BS,67465.99,5870.51,0.32,3.0,94.0,49.0,2,62,3,16,10,good,Bank of America,checking,Betty Robinson,960-633-9527,Married,Indian,Shift 2,Full-Time,,,False,Aetna,Pending annual review,2026-07-17 20:21:02
697,EMP-16245,Thomas,Miller,Thomas Miller,Male,46.0,1979-07-06,thomas.miller@enterprise.org,655-122-8886,513 Main St,San Jose,CA,USA,28759,customer support,Accountant,,On Leave,Onsite,2015-06-26,2022-08-19,17.1,PhD,66806.27,5994.5,0.22,4.0,98.6,6.3,10,29,4,10,10,Excellent,TD Bank,CHECKING,Karen Rodriguez,435-366-3585,single,German,Night,PT,4.0,WS-04-41,True,UnitedHealth,High potential,2026-07-24 20:21:02
698,EMP-77510,John,Sanchez,JOHN SANCHEZ,Prefer Not to Say,24.0,2001-01-27, john.sanchez@corp.net ,841-163-5305,7269 Oak Ave,New York,ny,United States,49601,Finance,Sales Executive,Robert Gonzalez,active,Remote,2022-11-11,,16.8,Bachelor's,38278.56,7636.59,0.24,1.0,91.1,8.3,4,23,4,19,4,Good,CHASE,savings,David Clark,899-900-2122,MARRIED,Indian,Night,Contract,,,False,Aetna,Pending annual review,2026-07-08 20:21:02
699,EMP-10609,Lisa,Hernandez,Lisa Hernandez,Prefer Not to Say,34.0,1992-05-05, LISA.HERNANDEZ@CORP.NET ,237-774-1062,9651 Main St,San Diego,CA,USA,62378,Customer Support,Support Agent,Susan Jackson,active,REMOTE,2019-08-19,2020-09-16,10.2,PhD,78703.51,14207.34,0.24,3.0,97.1,17.3,10,48,3,23,7,good,Chase,Savings,Michael Gonzalez,413-685-6692,Divorced,Canadian,Shift 2,contract,,,True,Aetna,Completed leadership onboarding,2026-07-26 20:21:02
700,EMP-48896,Karen,Brown,Karen Brown,Prefer Not to Say,52.0,1973-10-07,KAREN.BROWN@COMPANY.COM,761-210-8857,562 Oak Ave,Houston,tx,U.S.A.,36739,CUSTOMER SUPPORT,Systems Administrator,Sandra Lopez,ACTIVE,REMOTE,2019-05-02,,9.5,bachelor,88268.95,5752.33,0.22,3.0,91.4,2.9,4,37,1,7,11,good,Chase,Checking,Mark Gonzalez,925-300-6705,Single,German,Shift 1,Contract,,,True,Kaiser Permanente,Pending annual review,2026-07-29 20:21:02
701,EMP-73539,Margaret,Wilson,mARGARET wILSON,Prefer Not to Say,47.0,1979-10-23,margaret.wilson@corp.net,277-624-5974,9486 Main St,Philadelphia,PA,usa,97006,Human Resources,Marketing Specialist,Michael Brown,Active,Remote,2021-05-19,,10.3,High School,98669.87,6576.04,0.32,3.0,89.1,0.0,1,40,2,12,3,good,td bank,Savings,Richard Thomas,610-817-5254,single,Mexican,Shift 1,Part-Time,,,True,Cigna,Transferred from regional branch,2026-06-27 20:21:02
702,EMP-49659,Betty,Smith,bETTY sMITH,Prefer Not to Say,54.0,1971-02-23,betty.smith@corp.net,(874) 208-7177,5236 Park Ave,Atlanta,GA,usa,43796,sales,Data Analyst,Robert Lee,Active,Onsite,2022-02-28,2023-08-29,15.6,Masters,89712.44,5869.08,0.22,5.0,100.0,0.0,4,77,3,9,6,good,Wells Fargo,savings,Susan Clark,158-695-5821,Married,British,NIGHT,Full-Time,10.0,WS-10-55,False,Blue Cross Blue Shield,Pending annual review,2026-06-24 20:21:02
703,EMP-52221,Jennifer,Taylor,Jennifer Taylor,Prefer Not to Say,21.0,2004-11-12,jennifer.taylor@enterprise.org,692-210-8589,6030 Park Ave,Atlanta,GA,U.S.A.,96182,Finance,Systems Administrator,William Davis,On Leave,Remote,2021-06-10,2025-08-20,5.4,Bachelor's,60293.93,4062.68,0.24,2.0,98.6,11.8,6,24,4,13,5,EXCELLENT,Citibank,CHECKING,Karen Hernandez,773-231-5319,Married,American,day,PT,,,False,Kaiser Permanente,N/A,2026-06-25 20:21:02
704,EMP-46269,Patricia,Anderson,Patricia Anderson,female,44.0,1982-12-23,patricia.anderson@company.com,994-995-1543,5200 Oak Ave,San Jose,CA,United States,57281,Engineering,Sales Executive,Nancy Thompson,ACTIVE,remote,2012-06-10,,1.4,PhD,58835.63,11183.95,0.22,1.0,98.5,0.6,8,73,4,20,5,EXCELLENT,TD Bank,CHECKING,James Gonzalez,462-884-2613,Divorced,American,Shift 2,Part-Time,,,True,Cigna,High potential,2026-08-02 20:21:02
705,EMP-45644,Patricia,Thompson,Patricia Thompson,female,40.0,1985-11-22, patricia.thompson@corp.net ,(804) 464-1733,4306 Washington Blvd,Los Angeles,ca,usa,84998,Customer Support,Sales Executive,Jessica Taylor,Terminated,Onsite,2017-08-30,2025-07-18,3.1,Masters,58062.98,10987.81,0.22,4.0,100.0,6.5,9,69,2,28,6,Good,Chase,Checking,Michael Thompson,304-910-1869,Divorced,American,Night,Full-Time,2.0,WS-02-64,False,UnitedHealth,Completed leadership onboarding,2026-07-19 20:21:02
706,EMP-86238,Mary,Miller,Mary Miller,Male,35.0,1991-10-03,mary.miller@company.com,(868) 825-1695,1919 Park Ave,Denver,CO,usa,29904,Human Resources,Data Analyst,Nancy Smith,ACTIVE,Remote,2024-10-05,,10.7,High School,68664.7,8184.55,0.15,1.0,94.9,0.9,1,19,1,22,8,Excellent,Citibank,savings,Sandra Smith,243-916-6830,Divorced,Canadian,Shift 1,FT,,,False,Blue Cross Blue Shield,High potential,2026-06-22 20:21:02
707,EMP-34806,Barbara,Martinez,Barbara Martinez,PREFER NOT TO SAY,27.0,1999-11-11,barbara.martinez@corp.net,(330) 172-8780,   264 Park Ave,Austin,tx,US,98458,lEGAL,Support Agent,Karen Hernandez,ACTIVE,Onsite,2012-07-20,,17.6,bachelor,49390.89,9283.1,0.32,3.0,95.9,0.0,1,22,5,14,9,good,Citibank,CHECKING,Daniel Garcia,670-470-9975,Divorced,German,Night,Full-Time,2.0,WS-02-10,True,UnitedHealth,Completed leadership onboarding,2026-06-16 20:21:02
708,EMP-50393,Sarah,Ramirez,,non-binary,48.0,1978-12-09,sarah.ramirez@enterprise.org,(205) 839-8406,5742 Maple Rd,San Diego,CA,United States,92197,Operations, Data Analyst,William Brown,Active,hybrid,2022-12-01,,1.7,Bachelors,78694.21,14665.85,0.32,2.0,99.7,8.3,6,14,1,18,3,good,Chase,savings,Matthew Martin,770-862-4466,Single,Canadian,Night,Contract,2.0,WS-02-69,False,Kaiser Permanente,Transferred from regional branch,2026-06-08 20:21:02
709,EMP-31526,Jessica,Martinez,Jessica Martinez,Female,30.0,1996-02-12,JESSICA.MARTINEZ@ENTERPRISE.ORG,(842) 433-1538,1330 Maple Rd,San Jose,CA,US,37268,Product,Product Manager,Sandra Thompson,Active,Hybrid,2021-05-12,2025-09-11,8.0,MS,78926.09,15727.72,0.24,3.0,91.0,0.0,2,71,3,16,0,good,Citibank,CHECKING,Susan Robinson,445-168-2629,Single,British,day,Part-Time,14.0,WS-14-52,,Aetna,,2026-06-26 20:21:02
710,EMP-75472, Karen  ,Lopez,karen lopez,pREFER nOT TO sAY,44.0,1981-07-07,karen.lopez@company.com,(575) 438-1000,2687 Oak Ave,Boston,MA,USA,24405,Marketing,HR Specialist,Nancy White,ACTIVE,remote,2015-01-06,2024-03-28,6.8,Bachelor's,53647.3,5045.35,0.32,1.0,93.6,12.5,6,35,2,29,12,Needs Improvement,Capital One,CHECKING,David Davis,986-332-6431,Divorced,Mexican,day,contract,,,True,UnitedHealth,Pending annual review,2026-06-06 20:21:02
711,EMP-94558,Christopher,Martin,Christopher Martin,non-binary,40.0,1986-08-09,christopher.martin@company.com,688-568-5086,7034 Oak Ave,DENVER,co,U.S.A.,13336,IT,Software Engineer,James Martinez,active,Hybrid,2020-09-25,2021-02-21,0.5,PhD,87064.95,16918.63,0.24,5.0,96.5,0.0,5,45,4,28,4,Excellent,chase,checking,Jennifer Smith,401-933-2471,Married,Mexican,NIGHT,FT,6.0,WS-06-44,False,Aetna,N/A,2026-06-20 20:21:02
712,EMP-58924,Elizabeth,Brown,Elizabeth Brown,Prefer Not to Say,44.0,1982-04-23,elizabeth.brown@enterprise.org,130-978-7585,1947 Oak Ave,Los Angeles,CA,US,23182,Operations,Legal Counsel,Betty Martin,active,Hybrid,2020-03-04,2021-10-17,13.3,Bachelors,82352.4,11319.66,0.22,4.0,95.7,3.5,7,72,5,26,4,Needs Improvement,Chase,Checking,Betty Taylor,,Married,German,Night,Contract,14.0,WS-14-19,True,UnitedHealth,N/A,2026-06-20 20:21:02
713,EMP-60297,Charles,Brown,Charles Brown,Non-Binary,44.0,1982-10-13,charles.brown@company.com,811-838-5400,7858 Park Ave,San Jose,ca,U.S.A.,10356,OPERATIONS,Systems Administrator,Daniel Perez,ACTIVE,Remote,2017-03-29,2023-08-27,2.3,BS,99252.16,6358.52,0.24,1.0,100.0,0.2,2,18,3,21,7,Needs Improvement,Citibank,CHECKING,Jessica Harris,761-141-9399,Married,German,Night,Part-Time,,,True,Aetna,Pending annual review,2026-07-16 20:21:02
714,EMP-46952,Thomas,Martinez,THOMAS MARTINEZ,Prefer Not to Say,28.0,1998-07-30,thomas.martinez@enterprise.org,135-920-5766,   9786 Main St,Chicago,IL,U.S.A.,48621,Sales,Product Manager   ,Anthony Davis,active,Onsite,2017-05-08,2023-02-03,13.9,Bachelors,88308.34,16200.78,0.24,4.0,100.0,4.2,2,63,1,12,3,Good,CAPITAL ONE,savings,Thomas Garcia,148-183-6483,MARRIED,German,Shift 2,PT,7.0,WS-07-80,False,Blue Cross Blue Shield,High potential,2026-07-07 20:21:02
715,EMP-11139,Christopher,Johnson,christopher johnson,Prefer Not to Say,30.0,1996-10-13,christopher.johnson@company.com,(874) 812-5017,1818 Oak Ave,Atlanta,ga,USA,89395,IT,Operations Manager,Charles Williams,Terminated,Hybrid,2023-05-30,2022-11-16,9.4,Masters,105702.97,12248.51,0.32,2.0,91.7,0.0,5,39,1,26,1,good,Wells Fargo,CHECKING,,369-932-7295,Divorced,British,Shift 1,Contract,7.0,WS-07-98,False,Blue Cross Blue Shield,N/A,2026-07-25 20:21:02
716,EMP-51559,Robert,Thompson,Robert Thompson,Non-Binary,34.0,1992-07-27,robert.thompson@company.com,671-400-3543,7257 Park Ave,Los Angeles,CA,United States,75437,Operations,Accountant,Jessica Lewis,ACTIVE,remote,2014-09-26,2022-10-26,9.4,BS,49049.81,3660.35,0.15,2.0,91.2,0.0,2,23,2,20,2,Excellent,Bank of America,savings,,404-170-8913,single,American,NIGHT,Full-Time,,,False,Aetna,Transferred from regional branch,2026-06-27 20:21:02
717,EMP-83013,Nancy,Lee,Nancy Lee,NON-BINARY,38.0,1988-06-27,NANCY.LEE@CORP.NET,798-659-3936,8741 Park Ave,San Antonio,tx,USA,58438,Engineering,Sales Executive,Charles Thompson,Terminated,hybrid,2014-02-03,2021-02-12,6.5,Masters,87168.16,5928.81,0.22,3.0,100.0,0.9,4,25,5,23,11,satisfactory,Wells Fargo,checking,Michael Miller,793-564-2618,single,Canadian,NIGHT,Full-Time,5.0,WS-05-16,True,Aetna,N/A,2026-06-13 20:21:02
718,EMP-92135,Matthew,Clark,MATTHEW CLARK,pREFER nOT TO sAY,18.0,2007-08-15,matthew.clark@corp.net,780-609-3796,565 Washington Blvd,Phoenix,AZ,U.S.A.,27742,Finance,Operations Manager,Charles Wilson,Active,Onsite,2015-04-15,,12.4,High School,43770.14,6515.48,0.22,3.0,100.0,0.0,1,56,3,23,9,satisfactory,Chase,CHECKING,Michael Williams,892-679-8594,MARRIED,British,Day,FT,7.0,WS-07-55,True,Kaiser Permanente,,2026-08-03 20:21:02
719,EMP-28864,Joseph,Anderson,Joseph Anderson,PREFER NOT TO SAY,34.0,1992-01-12,joseph.anderson@company.com,650-457-8724,3979 Park Ave,Boston,MA,usa,69117,Human Resources,Sales Executive,Betty Gonzalez,Active,Remote,2014-05-27,,6.9,High School,62445.32,6935.0,0.32,2.0,93.6,0.0,9,4,5,11,12,satisfactory,chase,savings,Robert Davis,471-137-7284,Divorced,Mexican,NIGHT,Part-Time,,,False,Aetna,Transferred from regional branch,2026-07-17 20:21:02
720,EMP-61552,David,Clark,David Clark,Male,52.0,1974-01-15, david.clark@corp.net ,330-463-5622,4288 Washington Blvd,Chicago,il,United States,60328,Finance,Senior Developer,John Thomas,On Leave,REMOTE,2012-04-07,,0.5,Master's,100539.31,16430.06,0.22,1.0,96.7,0.0,3,46,2,24,7,Needs Improvement,Chase,Savings,Jessica Williams,770-507-1655,Married,British,day,PT,,,False,Aetna,High potential,2026-08-02 20:21:02
721,EMP-26103,Barbara,Gonzalez,Barbara Gonzalez,Female,25.0,2001-10-16,barbara.gonzalez@corp.net,(195) 455-1375,1096 Park Ave,Austin,tx,usa,,Operations,Legal Counsel,Barbara Lewis,Terminated,hybrid,2017-01-12,2023-08-06,2.6,High School,108527.86,17888.56,0.32,3.0,90.3,11.5,10,7,5,29,4,Excellent,Citibank,savings,David Gonzalez,699-606-9650,single,Mexican,NIGHT,FT,15.0,WS-15-71,False,Kaiser Permanente,High potential,2026-08-04 20:21:02
722,EMP-81215,Betty,Gonzalez,Betty Gonzalez,Non-Binary,30.0,1996-09-08,betty.gonzalez@corp.net,(593) 172-3528,432 Main St,San Diego,ca,USA,91617,Customer Support,Systems Administrator,David Williams,Terminated,remote,2019-11-14,2024-02-09,6.0,BS,56661.45,8938.3,0.22,1.0,96.6,8.6,2,79,3,10,11,Needs Improvement,TD Bank,Checking,Michael Wilson,643-114-7350,Married,Canadian,NIGHT,contract,,,False,Blue Cross Blue Shield,,2026-08-02 20:21:02
723,EMP-42561,Daniel  ,Thomas,Daniel Thomas,Prefer Not to Say,49.0,1976-08-09,daniel.thomas@company.com,558-453-3775,806 Main St,San Diego,CA,USA,93527,Legal, Software Engineer,Michael Jones,ACTIVE,hybrid,2020-12-06,,13.3,High School,,5486.34,0.24,2.0,96.8,6.9,1,12,0,9,12,Excellent,Bank of America,Savings,Daniel Gonzalez,323-994-1685,Single,American,Day,PT,15.0,WS-15-18,True,Kaiser Permanente,,2026-07-06 20:21:02
724,EMP-67195,Karen,Taylor,Karen Taylor,Non-Binary,45.0,1981-03-11,karen.taylor@company.com,681-490-5215,5496 Park Ave,dENVER,CO,U.S.A.,25930,FINANCE,  Product Manager,Elizabeth Sanchez,On Leave,Hybrid,2019-05-01,,15.2,Masters,65809.02,4837.11,0.22,3.0,86.3,9.6,6,59,2,24,5,EXCELLENT,Bank of America,checking,Christopher Harris,320-350-7140,Single,German,Shift 2,contract,6.0,WS-06-46,False,Aetna,,2026-07-30 20:21:02
725,EMP-37047,Karen,Sanchez  ,Karen Sanchez,Prefer Not to Say,34.0,1991-06-21, karen.sanchez@corp.net ,729-163-1719,3874 Main St,Atlanta,ga,usa,60684,Legal,Support Agent,Richard Johnson,active,hybrid,2021-09-26,2023-07-01,10.1,Bachelor's,73921.9,10764.17,0.32,1.0,90.1,8.8,6,32,2,25,8,Good,TD Bank,savings,Barbara Anderson,220-351-8376,Married,British,Night,FT,9.0,WS-09-84,True,Cigna,Pending annual review,2026-06-15 20:21:02
726,EMP-32744,Margaret,Anderson,Margaret Anderson,NON-BINARY,29.0,1997-08-31,margaret.anderson@enterprise.org,381-763-1960,2644 Main St,Houston,tx,USA,40628,Customer Support,Operations Manager,Mark Robinson,Terminated,Remote,2016-10-27,,8.4,Master's,98609.82,8160.4,0.22,2.0,100.0,2.7,7,46,3,26,5,Good,Capital One,Savings,Nancy Smith,,Married,Canadian,NIGHT,FT,,,False,Kaiser Permanente,High potential,2026-06-22 20:21:02
727,EMP-69891,Jessica,Smith,Jessica Smith,Male,49.0,1976-08-04,jessica.smith@company.com,(466) 658-8580,9551 Main St,Atlanta,GA,USA,88661,customer support,Product Manager,Karen Harris,Active,Onsite,2020-04-24,,10.4,High School,74951.92,4446.0,0.24,3.0,92.1,11.7,4,17,0,26,6,Good,Citibank,Savings,Joseph Lee,293-666-1139,MARRIED,Canadian,Shift 2,Part-Time,15.0,WS-15-31,False,Aetna,Completed leadership onboarding,2026-07-30 20:21:02
728,EMP-50553,Linda,Williams,Linda Williams,Prefer Not to Say,29.0,1996-09-29,linda.williams@company.com,(326) 131-7166,1935 Maple Rd,Austin,tx,usa,76350,Operations,Data Analyst,Elizabeth Thompson,ACTIVE,REMOTE,2019-01-07,2020-07-28,2.6,Masters,91726.57,8157.68,0.24,4.0,96.2,16.6,10,61,1,25,4,Good,Capital One,CHECKING,Sarah Jackson,291-916-5714,Divorced,American,NIGHT,contract,,,False,Blue Cross Blue Shield,High potential,2026-06-25 20:21:02
729,EMP-87535,Karen,Gonzalez,Karen Gonzalez,Non-Binary,53.0,1973-08-02,karen.gonzalez@corp.net,659-489-7296,2995 Oak Ave,aTLANTA,GA,U.S.A.,54355,engineering,Systems Administrator,Robert Lee,Active,Remote,2019-07-04,2022-01-20,10.9,Master's,102991.89,8334.29,0.32,2.0,88.3,0.0,6,67,5,20,12,EXCELLENT,Chase,Checking,Lisa Clark,555-459-2997,Married,British,day,Part-Time,,,False,UnitedHealth,Transferred from regional branch,2026-07-28 20:21:02
730,EMP-54158,John,Hernandez,John Hernandez,prefer not to say,24.0,2001-08-25,john.hernandez@corp.net,785-625-2373,8923 Oak Ave,atlanta,GA,US,30846,Legal,Support Agent,Michael Perez,active,Onsite,2021-08-27,,7.3,BS,85055.69,9620.21,0.32,5.0,100.0,4.4,6,13,2,12,6,satisfactory,Citibank,Checking,Daniel Jackson,866-462-1591,single,Mexican,day,Full-Time,11.0,  WS-11-92   ,False,Kaiser Permanente,N/A,2026-07-09 20:21:02
731,EMP-47438,Anthony, Jackson,Anthony Jackson,Non-Binary,,1992-02-01, ANTHONY.JACKSON@COMPANY.COM ,772-903-1160,2881 Oak Ave,Seattle,WA,United States,26043,fINANCE,  Systems Administrator,Daniel Lewis,On Leave,hybrid,2017-05-23,2025-10-12,7.2,Bachelor's,90323.92,8458.54,0.24,3.0,100.0,0.0,8,37,2,26,12,good,TD Bank,checking,Patricia Lee,530-941-6674,MARRIED,Canadian,Day,FT,4.0,WS-04-35,False,Aetna,Completed leadership onboarding,2026-08-02 20:21:02
732,EMP-53583,Joseph,White,Joseph White,Male,50.0,,joseph.white@corp.net,(495) 689-6851,7088 Main St,New York,NY,United States,65163,Product,Senior Developer,Richard Harris,On Leave,Hybrid,2014-05-28,2022-11-29,2.1,Masters,,16861.38,0.32,5.0,92.1,6.1,7,6,0,5,1,Needs Improvement,TD Bank,Checking,Mark Taylor,496-747-4550,MARRIED,American,day,Part-Time,12.0,WS-12-96,True,Kaiser Permanente,High potential,2026-06-29 20:21:02
733,EMP-38886,Sarah,Clark,Sarah Clark,female,44.0,1981-04-10,sarah.clark@company.com,108-205-9379,5333 Oak Ave,New York,NY,usa,27192,human resources,Legal Counsel,Jennifer Taylor,active,remote,2021-10-15,,7.3,PhD,64612.07,5177.84,0.32,3.0,93.3,8.8,8,54,1,30,12,Good,Wells Fargo,savings,Susan Perez,195-982-9497,Divorced,Indian,Shift 2,contract,,,False,Aetna,Transferred from regional branch,2026-07-25 20:21:02
734,EMP-71446,Patricia,Harris,Patricia Harris,Male,37.0,1988-07-18, patricia.harris@company.com ,(511) 112-8756,7324 Maple Rd,Phoenix,AZ,U.S.A.,94636,Product,Marketing Specialist,Sarah Jones,active,remote,2016-11-18,2021-12-25,9.7,BS,71372.29,13262.72,0.32,4.0,92.5,7.1,1,27,0,15,1,Excellent,Wells Fargo,savings,Barbara Johnson,778-525-6295,MARRIED,Mexican,Shift 2,contract,,,True,UnitedHealth,N/A,2026-07-04 20:21:02
735,EMP-20251,Linda,Martinez,Linda Martinez,Female,42.0,1983-01-27,linda.martinez@enterprise.org,735-556-7907,798 Washington Blvd,Boston,MA,United States,92807,Marketing,Accountant,Richard Anderson,On Leave,remote,2017-09-27,,3.1,High School,51933.35,7157.01,0.15,5.0,86.6,1.2,4,35,0,24,11,Excellent,Wells Fargo,CHECKING,Jennifer Thomas,216-597-4245,Married,American,Night,Full-Time,,,True,Cigna,N/A,2026-06-21 20:21:02
736,EMP-57138,Patricia,Clark,Patricia Clark,Prefer Not to Say,35.0,1991-04-24,patricia.clark@corp.net,821-842-9054, 7916 Main St,San Jose,CA,U.S.A.,88855,PRODUCT,Operations Manager ,Margaret Davis,Terminated,Hybrid,2014-02-28,,12.8,bachelor,106669.55,17524.61,0.32,4.0,89.4,5.8,10,73,4,14,2,EXCELLENT,Chase,savings,Margaret Hernandez,333-150-6191,Divorced,American,Day,Contract,13.0,WS-13-31,True,Aetna,Pending annual review,2026-06-12 20:21:02
737,EMP-83774,Elizabeth,Martin,Elizabeth Martin,Prefer Not to Say,32.0,1993-02-01,elizabeth.martin@corp.net,589-155-5931,8992 Washington Blvd,Denver,CO,usa,28805,IT,Product Manager,Patricia Lee,Active,Hybrid,2018-09-23,2024-07-12,8.9,Masters,83009.63,16441.84,0.22,5.0,95.7,1.6,10,75,5,16,3,EXCELLENT,Bank of America,Checking,Mary Taylor,,Single,Canadian,Shift 1,Full-Time,11.0,WS-11-67,True,Aetna,,2026-06-25 20:21:02
738,EMP-29543,Elizabeth,Williams,Elizabeth Williams,Prefer Not to Say,62.0,1963-03-18,elizabeth.williams@enterprise.org,844-401-3311,8210 Oak Ave,Austin,tx,USA,45070,FINANCE,Sales Executive,Mark Thomas,Active,hybrid,2022-12-30,2024-09-23,5.3,bachelor,39065.24,5981.44,0.24,5.0,100.0,4.1,6,11,4,17,6,Excellent,CITIBANK,checking,Jessica Johnson,424-806-9704,single,Mexican,Shift 2,Part-Time,14.0,WS-14-37,False,Cigna,,2026-07-06 20:21:02
739,EMP-26118,Jennifer,Williams,Jennifer Williams,Male,35.0,, jennifer.williams@enterprise.org ,(549) 691-7945,3098 Washington Blvd,Denver,co,US,48039,Engineering,Software Engineer,Sarah Thomas,active,Onsite,2021-06-03,2023-03-20,3.2,Master's,85119.31,8182.31,0.32,5.0,91.4,2.3,9,62,5,13,9,satisfactory,Bank of America,Checking,Michael White,270-487-7597,Single,German,NIGHT,Part-Time,8.0,WS-08-56,False,UnitedHealth,N/A,2026-06-21 20:21:02
740,EMP-60662,Mark,Hernandez,Mark Hernandez,nON-bINARY,38.0,1987-04-25,MARK.HERNANDEZ@COMPANY.COM,364-177-3263,6218 Main St,Chicago,IL,United States,51313,Legal,Marketing Specialist,Robert Perez,On Leave,Remote,2015-04-06,2022-11-03,4.6,MS,,18699.44,0.15,4.0,96.3,0.0,6,67,5,21,10,good,WELLS FARGO,savings,Christopher Jackson,717-958-7375,MARRIED,Canadian,NIGHT,contract,,,True,Kaiser Permanente,Pending annual review,2026-07-23 20:21:02
741,EMP-35679,Thomas,Anderson,Thomas Anderson,Prefer Not to Say,19.0,2006-06-03,thomas.anderson@company.com,544-651-2679,   4187 Maple Rd   ,Atlanta,GA,United States,92812,Legal,Product Manager,Christopher Lopez,Terminated,REMOTE,2023-09-22,,12.6,Masters,78697.36,,0.22,2.0,100.0,0.8,10,44,0,22,6,good,Bank of America,Savings,Susan Perez,289-647-2444,single,Indian,Shift 2,FT,,,False,Kaiser Permanente,,2026-06-23 20:21:02
742,EMP-40005,Daniel,Martin,Daniel Martin,Non-Binary,46.0,1980-03-16,daniel.martin@corp.net,(320) 808-8961,2398 Washington Blvd,phoenix,AZ,US,40852,Sales,Senior Developer,Michael Gonzalez,Terminated,REMOTE,2018-02-20,2021-03-30,8.7,MS,43460.07,2701.45,0.24,1.0,91.0,1.5,3,33,3,17,3,Needs Improvement,Capital One,Savings,Margaret Gonzalez,,Married,Mexican,NIGHT,contract,,,False,Kaiser Permanente,Completed leadership onboarding,2026-07-13 20:21:02
743,EMP-78769,Matthew,   Ramirez  ,Matthew Ramirez,Female,35.0,1991-10-23,matthew.ramirez@enterprise.org,(373) 731-1470,5748 Park Ave,Phoenix,AZ,United States,45811,Sales,Sales Executive,Richard Clark,Terminated,remote,2014-04-01,2025-06-19,2.3,PhD,59873.53,4336.33,0.32,3.0,95.9,28.1,6,30,1,6,0,Excellent,citibank,savings,Matthew Lopez,976-967-8802,MARRIED,Indian,NIGHT,FT,,,True,Blue Cross Blue Shield,N/A,2026-07-13 20:21:02
744,EMP-41499,Betty,Moore,,Prefer Not to Say,43.0,1982-06-08,betty.moore@company.com,(512) 726-2325,9412 Oak Ave,Philadelphia,PA,US,96729,Finance,Marketing Specialist,Susan Hernandez,Active,Remote,2014-02-24,,15.4,Masters,120428.99,7537.43,0.24,1.0,93.0,17.6,4,6,1,22,1,Good,Citibank,CHECKING,Sandra Johnson,457-855-8132,Single,American,Shift 2,Part-Time,,,False,Blue Cross Blue Shield,Pending annual review,2026-07-04 20:21:02
745,EMP-48177,Mary,Thompson,Mary Thompson,Male,30.0,1996-09-07,MARY.THOMPSON@CORP.NET,(551) 924-9510,6596 Oak Ave,San Jose,CA,U.S.A.,,Finance,Software Engineer,John Taylor,Active,remote,2013-03-03,2022-02-16,12.5,Bachelor's,86191.54,9589.59,0.24,5.0,90.9,0.4,9,8,4,13,4,EXCELLENT,Capital One,CHECKING,Anthony Wilson,415-570-2136,Married,Indian,NIGHT,Full-Time,,,False,Cigna,N/A,2026-08-02 20:21:02
746,EMP-54073,Richard,   Gonzalez,Richard Gonzalez,Non-Binary,42.0,1983-04-21,RICHARD.GONZALEZ@COMPANY.COM,897-843-4623,6262 Washington Blvd,Atlanta,GA,US,,Customer Support,Legal Counsel,Christopher Lopez,On Leave,Hybrid,2022-11-14,2022-05-21,0.5,PhD,88641.39,17294.38,0.24,4.0,95.6,11.2,10,5,5,11,5,Excellent,Chase,CHECKING,Lisa Robinson,927-967-1299,Single,Canadian,Shift 2,FT,15.0,WS-15-44,False,Aetna,,2026-06-25 20:21:02
747,EMP-86138,Mary,Jones,Mary Jones,PREFER NOT TO SAY,51.0,1975-07-20,mary.jones@company.com,(650) 349-2601,8849 Main St,Phoenix,az,usa,60577,Marketing,HR Specialist,William Lee,Active,remote,2019-03-05,2024-05-27,7.6,High School,,9401.88,0.15,1.0,99.2,1.4,6,27,4,8,5,good,Wells Fargo,Checking,Sandra Williams,376-326-9904,Divorced,Indian,day,Full-Time,,,True,Cigna,Transferred from regional branch,2026-06-20 20:21:02
748,EMP-45879,Karen,Robinson,Karen Robinson,Male,57.0,1969-10-11,karen.robinson@company.com,710-773-6588,6762 Maple Rd,PHOENIX,az,USA,28546,Product,Legal Counsel,Betty Sanchez,Active,Remote,2020-12-12,,3.8,PhD,63997.69,6661.3,0.24,5.0,94.3,0.0,5,16,1,30,8,EXCELLENT,Citibank,savings,Susan Rodriguez,417-728-2764,single,American,Shift 1,FT,,,True,Aetna,,2026-07-14 20:21:02
749,EMP-80450,Mary,Perez,Mary Perez,female,46.0,1979-12-20,mary.perez@company.com,(618) 396-8779,3236 Washington Blvd,Houston,TX,U.S.A.,33030,IT, Senior Developer  ,Sarah Garcia,Active,REMOTE,2024-04-02,,9.0,Masters,49147.49,3342.91,0.24,4.0,92.3,5.8,5,3,3,11,9,good,Bank of America,savings,Patricia White,517-449-8197,MARRIED,American,Shift 2,Full-Time,,,True,UnitedHealth,Pending annual review,2026-07-30 20:21:02
750,EMP-76327,Mary,Martin,Mary Martin,Female,41.0,1984-05-12,mary.martin@enterprise.org,(536) 965-2427,4227 Park Ave,Austin,TX,usa,49883,Marketing,Product Manager,Barbara Clark,Active,Hybrid,2020-07-19,2023-02-04,14.0,Bachelor's,97829.29,18760.25,0.24,4.0,92.2,8.1,9,34,0,28,9,EXCELLENT,Bank of America,savings,,105-598-2823,single,German,Day,contract,5.0, WS-05-54,False,Aetna,Transferred from regional branch,2026-07-22 20:21:02
751,EMP-60287,Sarah,Johnson,Sarah Johnson,Male,42.0,1984-07-01, sarah.johnson@corp.net ,418-642-3292,480 Park Ave,Boston,ma,United States,69726,Sales,Support Agent,David Smith,ACTIVE,Onsite,2020-06-20,2022-12-07,13.5,Bachelor's,84330.91,11991.95,0.32,2.0,100.0,5.3,7,30,5,9,12,good,Bank of America,savings,Linda Clark,977-431-1970,Married,Canadian,NIGHT,FT,15.0,WS-15-15,True,Aetna,N/A,2026-06-12 20:21:02
752,EMP-28460,Jennifer,Wilson,Jennifer Wilson,Male,38.0,1987-12-19,jennifer.wilson@corp.net,478-198-4190,7216 Maple Rd,Austin,TX,U.S.A.,17764,Engineering,Operations Manager,Daniel Anderson,Active,Onsite,2019-01-18,,10.9,bachelor,48119.11,8558.89,0.15,5.0,97.5,0.0,6,53,2,27,0,satisfactory,Bank of America,checking,Mark Clark,141-143-7762,MARRIED,German,Night,Part-Time,4.0,WS-04-76,False,Kaiser Permanente,Transferred from regional branch,2026-06-24 20:21:02
753,EMP-88237,David,Robinson,David Robinson,Female,49.0,1976-10-12,DAVID.ROBINSON@ENTERPRISE.ORG,463-507-7000,5557 Washington Blvd,PHILADELPHIA,PA,U.S.A.,34659,Product,Product Manager,Jennifer Jones,Active,Remote,2023-07-27,2022-05-11,17.7,Masters,103008.0,9805.94,0.22,3.0,97.8,7.4,8,36,4,21,8,satisfactory,TD Bank,savings,Mark Taylor,675-809-3083,Divorced,British,Night,Full-Time,,,True,Aetna,N/A,2026-07-31 20:21:02
754,EMP-56133,John,Thomas,John Thomas,Male,44.0,1982-06-30,john.thomas@corp.net,866-361-8704,6902 Main St ,Los Angeles,CA,US,37962,Finance,Data Analyst,Michael Jackson,Active,Onsite,2016-01-05,,2.3,High School,72769.82,5723.67,0.24,1.0,91.0,0.0,4,80,1,18,11,satisfactory,BANK OF AMERICA,checking,David Miller,208-444-1595,Single,Mexican,Shift 2,FT,9.0,WS-09-66,True,Blue Cross Blue Shield,Completed leadership onboarding,2026-07-13 20:21:02
755,EMP-89364,Patricia,Miller,Patricia Miller,PREFER NOT TO SAY,34.0,1991-10-03,patricia.miller@corp.net,853-676-4084,7381 Main St,los angeles,CA,US,42419,OPERATIONS,Marketing Specialist,Robert Anderson,Terminated,hybrid,2022-07-11,2021-10-24,5.9,Bachelors,65447.09,11900.0,0.24,1.0,88.7,0.0,10,78,4,18,8,Needs Improvement,Chase,checking,James Thomas,547-607-7422,MARRIED,Mexican,Night,contract,9.0,WS-09-23,True,Kaiser Permanente,N/A,2026-06-13 20:21:02
756,EMP-99389,Joseph,Rodriguez,JOSEPH RODRIGUEZ,male,36.0,1990-01-06,joseph.rodriguez@enterprise.org,322-563-4452,661 Oak Ave,Philadelphia,pa,usa,87743,Product,Legal Counsel,Mark Robinson,active,REMOTE,2018-01-09,,5.2,BS,35000.0,2061.71,0.32,3.0,100.0,4.8,10,32,3,11,12,Needs Improvement,Citibank,checking,Lisa Miller,448-462-8191,Single,Canadian,NIGHT,Full-Time,,,True,Kaiser Permanente,,2026-07-01 20:21:02
757,EMP-85787,Matthew,Hernandez,Matthew Hernandez,nON-bINARY,36.0,1989-07-12,matthew.hernandez@corp.net,272-453-9981,8491 Main St,san antonio,tx,USA,99407,IT,Senior Developer,Anthony Martin,Active,Onsite,2018-10-09,2023-04-10,,Bachelors,60446.55,3151.65,0.22,3.0,95.0,0.0,10,51,1,30,6,Good,Chase,Savings,Margaret Wilson,238-427-5373,MARRIED,German,Night,Contract,6.0,WS-06-37,,UnitedHealth,Pending annual review,2026-07-01 20:21:02
758,EMP-20965,Joseph,Martinez,Joseph Martinez,Prefer Not to Say,39.0,1987-10-03,joseph.martinez@enterprise.org,661-763-9993,6486 Main St,Los Angeles,CA,usa,30914,operations,Product Manager  ,,On Leave,hybrid,2017-07-15,,4.3,Master's,95269.12,5832.39,0.22,2.0,95.9,8.2,6,26,1,20,9,good,Chase,Checking,Elizabeth Lewis,578-881-8841,MARRIED,Indian,Night,Contract,4.0,WS-04-69  ,True,Blue Cross Blue Shield,High potential,2026-06-10 20:21:02
759,EMP-34426,David,Gonzalez,David Gonzalez,MALE,39.0,1986-03-13,DAVID.GONZALEZ@ENTERPRISE.ORG,(397) 652-5933,1523 Maple Rd,cHICAGO,IL,United States,,it,Accountant,Christopher Martinez,Active,Remote,2013-09-15,,1.3,Master's,66763.53,11548.32,0.32,1.0,95.7,29.2,4,42,0,28,4,Good,Bank of America,Savings,Michael Jones,803-321-6059,Divorced,German,Night,contract,,,False,Kaiser Permanente,Pending annual review,2026-06-27 20:21:02
760,EMP-63258,Barbara,Anderson,Barbara Anderson,FEMALE,33.0,1992-01-01,barbara.anderson@enterprise.org,(247) 300-2250,7640 Park Ave,Philadelphia,pa,US,69316,ENGINEERING,Accountant,Christopher Smith,ACTIVE,Hybrid,2024-10-22,,12.1,Bachelors,42247.9,2906.88,0.32,2.0,95.6,0.0,8,19,5,7,2,good,Wells Fargo,checking,Michael Gonzalez,621-763-8881,single,Indian,NIGHT,Contract,7.0,WS-07-71,True,Kaiser Permanente,,2026-08-04 20:21:02
761,EMP-21664,Daniel,Davis,Daniel Davis,Female,41.0,1984-01-02,daniel.davis@enterprise.org,494-172-5859,5864 Main St,Boston,MA,U.S.A.,70248,Human Resources,Accountant,Charles Hernandez,Active,remote,2012-08-27,2025-10-12,8.7,BS,68324.42,8114.41,0.32,1.0,89.9,0.0,7,48,0,26,5,Needs Improvement,Bank of America,Savings,Jennifer White,562-640-1753,MARRIED,British,Day,FT,,,True,Aetna,N/A,2026-07-05 20:21:02
762,EMP-19331,John,Garcia,John Garcia,Non-Binary,30.0,1996-12-20,john.garcia@company.com,136-575-3497,6189 Park Ave,Chicago,IL,United States,39400,IT,Data Analyst,Matthew Martin,active,hybrid,2022-07-13,2022-09-24,8.5,PhD,52729.62,6108.76,0.32,4.0,100.0,0.0,1,70,5,14,2,Excellent,Capital One,savings,David Brown,802-366-9339,single,British,Night,Full-Time,15.0,WS-15-61,True,Blue Cross Blue Shield,N/A,2026-06-11 20:21:02
763,EMP-83018,Christopher,Martinez,Christopher Martinez,PREFER NOT TO SAY,18.0,2008-08-27,christopher.martinez@company.com,343-762-4579,9589 Park Ave,SAN JOSE,ca,USA,19890,Legal,Accountant,James Lee,Active,remote,2018-04-09,2023-10-23,6.4,Masters,77207.79,13668.56,0.15,5.0,97.5,13.0,1,18,5,21,4,satisfactory,Wells Fargo,Checking,Margaret Sanchez,790-486-4491,single,Canadian,Shift 1,Full-Time,,,False,Blue Cross Blue Shield,Completed leadership onboarding,2026-07-21 20:21:02
764,EMP-27395,Linda,Taylor,Linda Taylor,Prefer Not to Say,28.0,1997-02-08,linda.taylor@enterprise.org,442-715-5386,3546 Park Ave,Los Angeles,ca,U.S.A.,66575,Legal,Data Analyst,Margaret Harris,On Leave,remote,2023-03-23,,0.5,bachelor,68459.65,12774.44,0.15,1.0,93.9,2.0,6,66,5,15,10,EXCELLENT,Chase,CHECKING,John Robinson,154-196-5673,Married,Canadian,NIGHT,Contract,,,True,Kaiser Permanente,,2026-07-03 20:21:02
765,EMP-87618,James,Brown,James Brown,Female,44.0,1981-03-25,james.brown@enterprise.org,(674) 697-3950,4599 Washington Blvd,San Diego,CA,U.S.A.,99969,Human Resources,Accountant,Sarah Davis,ACTIVE,remote,2013-01-09,,13.2,Masters,46919.97,9323.29,0.15,2.0,100.0,0.0,2,10,5,14,8,Excellent,Wells Fargo,Checking,Anthony White,339-121-5489,Divorced,Indian,day,FT,,,False,UnitedHealth,Transferred from regional branch,2026-07-16 20:21:02
766,EMP-85974,Sandra,Clark,Sandra Clark,Prefer Not to Say,29.0,1996-08-19,sandra.clark@enterprise.org,191-782-2419,6472 Washington Blvd ,Houston,tx,usa,60823,Product,Marketing Specialist,Elizabeth Sanchez,ACTIVE,Remote,2012-09-10,2025-11-08,1.4,High School,85054.3,10928.56,0.15,5.0,93.3,17.8,3,28,2,13,4,EXCELLENT,Wells Fargo,Savings,Betty Robinson,874-572-3803,Married,Mexican,Shift 2,Part-Time,,,False,Kaiser Permanente,High potential,2026-06-05 20:21:02
767,EMP-96640,William,Jackson,William Jackson,Female,32.0,,william.jackson@enterprise.org,943-639-7158,6047 Park Ave,Houston,tx,U.S.A.,55327,Sales,  Systems Administrator,Betty Robinson,On Leave,Onsite,2015-07-25,2023-07-25,1.1,Master's,81459.49,15153.62,0.32,3.0,94.7,0.0,8,14,0,8,2,EXCELLENT,citibank,CHECKING,,445-741-9625,Married,British,day,FT,8.0,WS-08-90,True,Cigna,Pending annual review,2026-06-10 20:21:02
768,EMP-54442,Robert,Lopez ,Robert Lopez,Non-Binary,43.0,1983-03-04,robert.lopez@enterprise.org,858-295-1164,2738 Park Ave,Boston,ma,United States,97220,Operations,HR Specialist,Patricia Thompson,Active,hybrid,2017-05-23,,5.3,bachelor,,,0.22,4.0,90.6,5.4,5,72,5,5,1,Good,Chase,savings,,954-460-8374,Single,German,NIGHT,PT,1.0,WS-01-88,True,Cigna,Completed leadership onboarding,2026-08-04 20:21:02
769,EMP-45551,Richard,Miller,Richard Miller,Male,50.0,1976-06-18,richard.miller@enterprise.org,518-700-7793,7882 Main St,Los Angeles,ca,usa,69990,IT,Systems Administrator,Elizabeth Robinson,Active,hybrid,2020-08-17,2024-01-04,9.4,High School,81794.48,9759.79,0.15,3.0,96.4,0.6,3,56,3,6,5,EXCELLENT,Capital One,savings,David Robinson,429-540-3671,MARRIED,American,day,contract,13.0,WS-13-78,False,Kaiser Permanente,Completed leadership onboarding,2026-08-03 20:21:02
770,EMP-23293,Linda,Lewis,Linda Lewis,Prefer Not to Say,30.0,1995-03-24,linda.lewis@company.com,935-772-9813,9042 Main St,Boston,MA,United States,,Product,Product Manager,Nancy White,Active,remote,2016-02-24,,10.1,PhD,100590.37,8539.15,0.15,2.0,83.9,5.2,9,36,1,29,2,EXCELLENT,TD Bank,Checking,Betty Robinson,403-715-7341,Single,Indian,Shift 2,contract,,,True,Cigna,Transferred from regional branch,2026-06-29 20:21:02
771,EMP-91315,John,Thompson,John Thompson,Non-Binary,39.0,, john.thompson@corp.net ,(831) 960-6752,   6618 Oak Ave ,San Antonio,tx,usa,28676,Customer Support,Operations Manager,,active,Onsite,2017-10-04,,8.0,MS,82968.98,14519.84,0.22,1.0,90.9,5.0,3,63,2,18,2,Excellent,Chase,savings,David Moore,942-674-4475,Single,British,Night,FT,1.0,WS-01-25,False,Blue Cross Blue Shield,Completed leadership onboarding,2026-08-04 20:21:02
772,EMP-98050,Anthony,Miller,Anthony Miller,fEMALE,32.0,1994-05-09,anthony.miller@enterprise.org,(484) 497-9934,4909 Park Ave,Philadelphia,pa,USA,64862,Operations,Legal Counsel,Mark Thomas,On Leave,hybrid,2018-05-30,2023-11-12,2.1,PhD,71041.25,7755.69,0.15,5.0,100.0,5.4,5,49,4,26,2,satisfactory,Capital One,checking,John Gonzalez,287-783-9542,Married,British,Day,Full-Time,9.0,WS-09-69,False,Blue Cross Blue Shield,N/A,2026-06-08 20:21:02
773,EMP-72710,Nancy,Thomas,Nancy Thomas,Prefer Not to Say,49.0,1976-01-19,nancy.thomas@corp.net,940-283-9147,6814 Park Ave,San Diego,CA,USA,78411,Legal,Marketing Specialist,Jennifer Smith,ACTIVE,Onsite,2019-04-11,2023-04-27,0.5,BS,51394.33,5693.85,0.32,3.0,96.3,6.4,2,44,1,7,2,EXCELLENT,Wells Fargo,Savings,Daniel Taylor,730-613-8934,MARRIED,German,NIGHT,FT,11.0,WS-11-75,True,UnitedHealth,,2026-06-14 20:21:02
774,EMP-16955,Margaret,  Sanchez   ,margaret sanchez,Non-Binary,58.0,1967-07-08,margaret.sanchez@company.com,483-442-3526,8067 Park Ave,Seattle,WA,US,35645,HR, HR Specialist  ,Daniel Brown,ACTIVE,Onsite,2023-03-23,,16.0,Masters,88578.94,5113.16,0.24,4.0,90.9,0.3,6,57,5,20,3,Good,TD Bank,Savings,Sarah Garcia,720-169-4084,Single,Mexican,NIGHT,Part-Time,7.0,WS-07-59,False,Aetna,N/A,2026-06-24 20:21:02
775,EMP-11301,Thomas,Rodriguez,Thomas Rodriguez,Prefer Not to Say,50.0,1975-12-09,THOMAS.RODRIGUEZ@ENTERPRISE.ORG,740-247-5250,4632 Maple Rd,Atlanta,GA,U.S.A.,90541,IT,Support Agent,James Jackson,Terminated,Remote,2013-03-23,2021-08-25,4.9,MS,42572.12,6729.58,0.32,2.0,97.2,11.9,4,10,1,28,8,satisfactory,Wells Fargo,Checking,Charles Garcia,699-351-1725,Single,German,Day,Part-Time,,,True,Blue Cross Blue Shield,N/A,2026-07-27 20:21:02
776,EMP-94597,Nancy,Taylor,nancy taylor,Non-Binary,51.0,1975-11-17, nancy.taylor@company.com ,562-610-8800,3469 Oak Ave,PHILADELPHIA,pa,USA,,Marketing,Product Manager,Elizabeth Davis,On Leave,Hybrid,2023-12-06,,9.6,bachelor,88741.32,5260.56,0.22,2.0,100.0,6.7,6,32,1,19,11,good,Citibank,checking,Sarah Hernandez,179-735-7927,Divorced,British,day,PT,7.0,WS-07-79,True,Blue Cross Blue Shield,Pending annual review,2026-07-12 20:21:02
777,EMP-75720,Thomas,Martin,Thomas Martin,Prefer Not to Say,34.0,1991-05-11,thomas.martin@enterprise.org,159-568-9162,5017 Maple Rd,Boston,MA,United States,55029,Legal,Operations Manager,John Brown,Active,Hybrid,2021-04-24,2025-06-15,4.9,Bachelors,111190.3,8183.28,0.24,5.0,87.6,0.0,5,54,4,14,5,Needs Improvement,Bank of America,Checking,,977-454-6651,single,Canadian,Shift 2,Part-Time,11.0,WS-11-33,False,Aetna,,2026-06-27 20:21:02
778,EMP-30265,Richard,Martinez,Richard Martinez,Prefer Not to Say,19.0,2007-06-13,richard.martinez@corp.net,855-895-6039,5226 Park Ave,San Jose,ca,U.S.A.,10346,Human Resources,Systems Administrator,Linda White,ACTIVE,Remote,2019-10-01,2022-02-12,8.6,Bachelors,74965.27,13752.83,0.32,1.0,93.9,0.0,3,22,1,6,5,Excellent,Bank of America,Checking,Sarah Jackson,835-467-7282,Single,Mexican,day,PT,,,True,Cigna,High potential,2026-07-28 20:21:02
779,EMP-12032,Betty,Williams,Betty Williams,Non-Binary,47.0,1978-04-13, BETTY.WILLIAMS@ENTERPRISE.ORG ,431-159-7600,7670 Washington Blvd,Dallas,TX,US,33961,mARKETING,Software Engineer,Barbara Johnson,Active,Hybrid,2012-05-07,,3.5,bachelor,76283.34,9112.24,0.15,3.0,93.2,28.4,7,77,2,29,12,satisfactory,TD Bank,checking,Richard Moore,578-506-5167,Single,British,Night,contract,9.0,WS-09-49 ,True,Cigna,N/A,2026-07-03 20:21:02
780,EMP-45549, Jessica ,White,Jessica White,fEMALE,36.0,1989-06-18,jessica.white@company.com,(437) 145-2894,6146 Washington Blvd,Philadelphia,PA,usa,65252,PRODUCT,Senior Developer,Mary Smith,Terminated,Onsite,2014-10-01,2024-04-10,1.5,Masters,79655.73,12969.83,0.22,3.0,91.2,0.0,3,50,4,25,10,good,BANK OF AMERICA,checking,Daniel Lopez,792-638-1783,MARRIED,Indian,Shift 1,FT,13.0,WS-13-53,True,Aetna,High potential,2026-06-17 20:21:02
781,EMP-39277,Lisa,White,Lisa White,Non-Binary,18.0,2008-10-15,lisa.white@company.com,(618) 475-5887,3799 Oak Ave,BOSTON,MA,United States,46677,legal,Product Manager,Joseph Davis,active,remote,2012-11-07,,14.0,bachelor,94167.72,9595.68,0.32,1.0,95.3,0.0,1,68,1,17,2,satisfactory,TD Bank,checking,Susan Ramirez,844-712-1004,Single,British,Day,PT,,,False,Cigna,High potential,2026-07-12 20:21:02
782,EMP-60360,Richard,   Ramirez,Richard Ramirez,Male,40.0,1986-03-18,richard.ramirez@enterprise.org,429-328-4247,9574 Oak Ave,Seattle,wa,US,87560,IT,Systems Administrator,Nancy Thomas,On Leave,REMOTE,2021-09-08,,13.4,Masters,79486.79,15413.18,0.22,,99.5,16.6,10,19,2,29,5,Needs Improvement,bank of america,Savings,Margaret Clark,160-779-8536,Married,British,NIGHT,Contract,,,True,Blue Cross Blue Shield,Transferred from regional branch,2026-06-12 20:21:02
783,EMP-40475,Elizabeth,Moore,Elizabeth Moore,Female,53.0,1973-04-08,elizabeth.moore@enterprise.org,(696) 955-4078,1557 Washington Blvd,Chicago,IL,U.S.A.,21275,Legal,Data Analyst,Mary Robinson,Active,remote,2013-06-25,2023-08-01,5.8,Masters,77886.87,11215.27,0.24,,99.1,0.0,1,11,1,12,0,satisfactory,TD Bank,Checking,William Clark,118-361-1131,Married,German,day,Part-Time,,,True,Kaiser Permanente,Completed leadership onboarding,2026-06-28 20:21:02
784,EMP-29660,Joseph,Harris,Joseph Harris,Prefer Not to Say,32.0,1993-03-19,joseph.harris@corp.net,201-482-9934,5478 Park Ave,Seattle,wa,usa,50575,Engineering,Systems Administrator,Patricia Martinez,ACTIVE,hybrid,2014-08-30,2020-03-02,4.0,bachelor,62412.96,8009.19,0.32,3.0,91.3,3.7,10,48,4,7,2,good,Citibank,CHECKING,Charles Brown,966-687-3585,single,Indian,NIGHT,Full-Time,11.0,WS-11-74,False,Cigna,N/A,2026-06-08 20:21:02
785,EMP-48855,Sandra,Moore,Sandra Moore,Non-Binary,59.0,1967-05-18,sandra.moore@company.com,116-140-8575,2280 Oak Ave,philadelphia,PA,U.S.A.,42530,Marketing,Accountant,William Anderson,ACTIVE,Onsite,2015-12-10,2025-08-10,14.7,Master's,113407.35,13270.19,0.24,3.0,105.0,0.9,6,19,0,19,3,Excellent,Chase,Checking,Christopher Hernandez,549-796-3743,MARRIED,Mexican,Day,Part-Time,12.0,WS-12-96,False,Cigna,,2026-07-22 20:21:02
786,EMP-17229,Thomas,Taylor,Thomas Taylor,Male,23.0,2002-01-11,thomas.taylor@company.com,388-330-6022,  5183 Washington Blvd  ,Phoenix,AZ,usa,73961,Legal,HR Specialist,Thomas Lee,Terminated,remote,2017-05-16,,8.5,Bachelors,60619.87,5309.8,0.22,4.0,87.2,0.0,10,48,1,22,10,good,CHASE,Savings,Robert Ramirez,995-973-7523,Single,American,NIGHT,PT,,,True,Blue Cross Blue Shield,,2026-07-18 20:21:02
787,EMP-53727,Daniel,Martin,daniel martin,Male,51.0,1975-07-18, DANIEL.MARTIN@COMPANY.COM ,(668) 696-7514,6404 Main St,New York,ny,US,93098,Marketing,Product Manager,William Robinson,On Leave,Hybrid,2020-03-02,,13.9,BS,72852.9,13033.88,0.24,3.0,100.0,8.3,5,79,0,16,10,good,Citibank,Savings,Richard Miller,521-832-6041,Divorced,American,Day,FT,15.0,WS-15-47,False,UnitedHealth,,2026-07-30 20:21:02
788,EMP-64161,Barbara,Davis,Barbara Davis,Prefer Not to Say,50.0,1976-11-25,barbara.davis@corp.net,(166) 416-6606,7197 Maple Rd,Chicago,IL,U.S.A.,18497,Customer Support,Software Engineer,Nancy Rodriguez,Active,hybrid,2013-09-13,2023-02-09,13.7,MS,55532.42,7762.66,0.24,4.0,100.0,0.0,8,10,0,6,4,Needs Improvement,TD Bank,Savings,Susan Harris,896-386-4858,Divorced,Indian,NIGHT,Full-Time,12.0,WS-12-88,True,UnitedHealth,High potential,2026-07-29 20:21:02
789,EMP-60225,Betty,Miller,Betty Miller,PREFER NOT TO SAY,41.0,1984-08-13,betty.miller@corp.net,213-811-3766,2393 Park Ave,Seattle,WA,USA,,Engineering,Accountant,Patricia Taylor,ACTIVE,REMOTE,2015-10-24,,6.9,PhD,58521.29,7258.62,0.32,1.0,91.4,0.0,3,78,1,12,3,satisfactory,Wells Fargo,Savings,Lisa Miller,184-482-5050,Married,German,day,FT,,,True,UnitedHealth,Completed leadership onboarding,2026-08-03 20:21:02
790,EMP-45738,Daniel,Robinson,DANIEL ROBINSON,Prefer Not to Say,58.0,1968-03-15,daniel.robinson@corp.net,(766) 231-5755,6656 Oak Ave,Phoenix,az,USA,88366,Marketing,Systems Administrator,Betty Thompson,ACTIVE,hybrid,2021-11-06,2021-08-02,8.0,BS,90642.6,6422.76,0.22,4.0,91.0,14.3,4,50,4,28,1,Excellent,Wells Fargo,checking,David Jones,896-596-9871,Divorced,Mexican,Day,Contract,5.0,WS-05-69,True,UnitedHealth,Pending annual review,2026-07-31 20:21:02
791,EMP-10458,Barbara,Anderson,Barbara Anderson,Female,29.0,1997-08-15,barbara.anderson@company.com,872-337-5550,6146 Maple Rd,Seattle,WA,U.S.A.,82106,IT,Sales Executive,William Thomas,Terminated,Onsite,2019-03-24,2020-04-23,0.5,MS,86194.01,,0.32,2.0,95.9,3.6,8,56,0,13,9,Good,Capital One,Savings,Elizabeth Taylor,232-539-2919,MARRIED,German,NIGHT,Part-Time,1.0,WS-01-51,True,Kaiser Permanente,High potential,2026-08-03 20:21:02
792,EMP-72119,Christopher,Taylor,Christopher Taylor,Male,44.0,1981-07-01,christopher.taylor@company.com,(247) 300-6660,913 Oak Ave,Austin,TX,United States,86158,it,Sales Executive ,Jennifer Thomas,active,Remote,2020-02-06,2025-09-30,11.7,bachelor,55283.92,7842.23,0.24,2.0,93.6,0.0,3,38,0,22,0,satisfactory,Citibank,Checking,James Davis,646-206-9039,Divorced,American,Shift 2,PT,,,False,Cigna,High potential,2026-06-08 20:21:02
793,EMP-83667,Margaret,Jackson,margaret jackson,NON-BINARY,49.0,1976-07-10,margaret.jackson@corp.net,(686) 697-8482,1784 Washington Blvd,Seattle,wa,USA,86376,Marketing,Legal Counsel,Linda Thomas,Active,REMOTE,2012-06-24,2021-08-20,12.5,MS,47542.81,6093.6,0.22,2.0,96.8,7.0,9,54,5,20,1,Good,Wells Fargo,Savings,Margaret Clark,680-806-6566,MARRIED,British,Shift 2,Full-Time,,,False,Cigna,,2026-06-27 20:21:02
794,EMP-20939,Lisa,Lee,Lisa Lee,Prefer Not to Say,31.0,1995-10-02,lisa.lee@corp.net,(446) 871-2419,7208 Washington Blvd,Philadelphia,PA,U.S.A.,24446,Sales,Legal Counsel,Richard Brown,Active,Remote,2014-08-07,,0.5,High School,100805.22,14425.31,0.24,5.0,98.8,0.0,7,41,5,23,5,EXCELLENT,Citibank,savings,Christopher Gonzalez,661-222-5564,Married,Indian,Shift 1,Full-Time,,,True,Kaiser Permanente,,2026-07-29 20:21:02
795,EMP-10629,Mark,Wilson,Mark Wilson,Female,32.0,1994-08-06,MARK.WILSON@ENTERPRISE.ORG,613-223-8980,1165 Washington Blvd,Dallas,TX,US,55397,Marketing,Legal Counsel,Mary Lewis,Active,Hybrid,2020-03-26,2022-11-16,0.9,bachelor,,11626.53,0.15,5.0,91.8,0.0,1,53,4,15,6,Needs Improvement,CAPITAL ONE,CHECKING,Daniel Miller,295-187-7513,Married,Indian,Shift 2,Contract,1.0,WS-01-99,True,Blue Cross Blue Shield,N/A,2026-06-29 20:21:02
796,EMP-84302,James,Lee,JAMES LEE,PREFER NOT TO SAY,39.0,1987-03-29,JAMES.LEE@ENTERPRISE.ORG,719-266-1417,4839 Park Ave,Dallas,tx,usa,56841,Marketing,Data Analyst,Betty Clark,On Leave,hybrid,2019-06-14,,8.4,bachelor,101828.64,12151.56,0.22,4.0,91.5,0.0,8,80,5,28,8,good,TD Bank,Savings,Jennifer Johnson,,MARRIED,American,Shift 2,contract,7.0,WS-07-26,True,Kaiser Permanente,Transferred from regional branch,2026-06-24 20:21:02
797,EMP-91526,Christopher,Brown,Christopher Brown,Male,22.0,2004-05-29,CHRISTOPHER.BROWN@ENTERPRISE.ORG,816-915-1318,5755 Park Ave,New York,NY,United States,63909,hr,Marketing Specialist,Sarah Martinez,On Leave,REMOTE,2019-11-30,,2.2,Masters,74539.5,,0.15,,91.4,1.2,6,38,5,14,4,Needs Improvement,Citibank,checking,Robert Clark,457-352-8483,Married,Mexican,NIGHT,Full-Time,,,False,Cigna,Completed leadership onboarding,2026-07-13 20:21:02
798,EMP-29889,Betty,Rodriguez,Betty Rodriguez,Non-Binary,29.0,1996-01-10, betty.rodriguez@enterprise.org ,384-477-1956,  3765 Maple Rd ,Denver,CO,usa,23491,Finance,Support Agent,Michael Ramirez,ACTIVE,Remote,2020-01-12,,2.4,Bachelor's,80173.22,11575.86,0.32,3.0,96.1,3.6,3,55,0,11,5,satisfactory,Wells Fargo,savings,Sandra Ramirez,184-787-3097,Married,German,NIGHT,Full-Time,,,True,Aetna,High potential,2026-06-10 20:21:02
799,EMP-62305,Jessica,White,Jessica White,nON-bINARY,32.0,1993-03-21,jessica.white@enterprise.org,281-960-8548,4337 Park Ave,Philadelphia,pa,U.S.A.,41037,Sales,Data Analyst,Anthony Thompson,Terminated,remote,2017-09-06,,10.1,Bachelor's,81629.71,6458.21,0.15,2.0,95.7,11.5,9,65,0,19,0,EXCELLENT,Capital One,Checking,Anthony Thompson,999-948-6478,Divorced,German,Day,Part-Time,,,False,Blue Cross Blue Shield,Transferred from regional branch,2026-06-09 20:21:02
800,EMP-35563,Elizabeth, Smith  ,Elizabeth Smith,Non-Binary,38.0,1988-03-23,elizabeth.smith@corp.net,520-562-2691,3838 Maple Rd,Los Angeles,CA,USA,72856,Human Resources,Sales Executive,Betty Sanchez,Active,Remote,2012-02-17,,0.5,Masters,78209.79,5424.61,0.32,1.0,100.0,0.0,4,24,5,30,11,Good,Chase,CHECKING,Karen Anderson,263-167-2082,Married,Mexican,Night,FT,,,True,Kaiser Permanente,Completed leadership onboarding,2026-06-19 20:21:02
801,EMP-17280,Susan,Sanchez,Susan Sanchez,Male,34.0,1992-12-11, susan.sanchez@company.com ,217-131-5299,867 Maple Rd,san antonio,TX,United States,60733,Operations,Senior Developer,James Miller,Terminated,Hybrid,2016-09-20,2022-01-13,4.4,High School,82466.97,11220.02,0.15,2.0,96.6,1.5,9,69,4,5,7,good,Capital One,savings,Barbara Anderson,508-422-6109,Divorced,Mexican,Night,PT,10.0,WS-10-22,True,Aetna,Completed leadership onboarding,2026-07-14 20:21:02
802,EMP-99618,Linda,Rodriguez,Linda Rodriguez,Male,36.0,1990-06-06,linda.rodriguez@enterprise.org,248-267-4497,4844 Maple Rd,Austin,TX,U.S.A.,97510,Operations,Sales Executive,Richard Harris,active,hybrid,2018-12-17,,9.7,Masters,99060.96,14304.22,0.15,3.0,98.9,16.7,4,25,4,7,4,Excellent,cAPITAL oNE,savings,Margaret Martinez,218-884-3167,MARRIED,British,Shift 1,Contract,6.0,WS-06-91,False,Blue Cross Blue Shield,Pending annual review,2026-06-12 20:21:02
803,EMP-11375,Anthony,Wilson,Anthony Wilson,Prefer Not to Say,36.0,1990-09-19,anthony.wilson@company.com,(831) 590-6630,9638 Oak Ave,Houston,TX,USA,30735,IT,Legal Counsel,Michael Lewis,Active,Onsite,2021-12-03,,9.7,High School,95589.15,,0.15,4.0,99.4,11.3,5,53,1,19,8,Good,Citibank,savings,Jennifer Williams,823-871-7433,single,German,Night,Contract,4.0,WS-04-74,False,UnitedHealth,,2026-07-13 20:21:02
804,EMP-20916,Daniel,Ramirez,Daniel Ramirez,male,43.0,1982-08-06,daniel.ramirez@enterprise.org,191-228-3331,8337 Maple Rd,CHICAGO,IL,U.S.A.,36800,Engineering,Operations Manager,Sarah Jackson,ACTIVE,Remote,2012-07-13,2021-09-14,6.2,BS,70925.46,3967.38,0.24,1.0,100.0,18.9,10,56,0,30,10,good,Capital One,CHECKING,Jennifer Moore,824-518-8346,Single,German,Day,PT,,,False,UnitedHealth,Completed leadership onboarding,2026-06-28 20:21:02
805,EMP-96324,Susan,Garcia,susan garcia,MALE,26.0,1999-12-07,SUSAN.GARCIA@COMPANY.COM,(303) 542-5234,7082 Washington Blvd,San Antonio,tx,USA,66974,Engineering,Data Analyst,Jennifer Garcia,Terminated,hybrid,2017-11-02,2023-09-15,6.0,PhD,78573.89,14415.23,0.24,2.0,100.0,2.1,9,41,2,15,0,Excellent,Citibank,CHECKING,Elizabeth Sanchez,461-635-4416,Single,Indian,Night,Part-Time,9.0,WS-09-74,True,Kaiser Permanente,Pending annual review,2026-06-13 20:21:02
806,EMP-79740,Christopher,Moore,Christopher Moore,male,38.0,1988-11-25,CHRISTOPHER.MOORE@CORP.NET,851-300-1524,1791 Maple Rd,Philadelphia,pa,usa,22530,Marketing,Software Engineer,Jennifer Thomas,ACTIVE,Remote,2012-08-27,,17.0,Master's,57796.15,8523.48,0.15,4.0,100.0,17.6,8,60,5,22,8,EXCELLENT,Chase,CHECKING,Barbara Jackson,456-890-1405,Divorced,Canadian,Shift 1,PT,,,False,Blue Cross Blue Shield,N/A,2026-07-16 20:21:02
807,EMP-75461,   Patricia,Rodriguez,Patricia Rodriguez,Male,43.0,1983-09-17,PATRICIA.RODRIGUEZ@COMPANY.COM,567-747-1554,325 Maple Rd,AUSTIN,TX,US,62925,marketing,Operations Manager,Sandra Jackson,active,hybrid,2014-03-30,,12.2,BS,99363.89,18234.85,0.32,4.0,100.0,0.0,7,43,1,29,7,Good,Citibank,savings,Sarah Hernandez,310-800-8262,Divorced,Canadian,Shift 2,Full-Time,11.0,WS-11-24   ,False,Aetna,,2026-07-08 20:21:02
808,EMP-78439,Jessica,Martinez,Jessica Martinez,FEMALE,46.0,1979-05-06,JESSICA.MARTINEZ@COMPANY.COM,635-307-2920,4521 Main St,Denver,CO,USA,20704,Sales,Senior Developer,David Perez,On Leave,Onsite,2018-02-23,2022-02-12,6.4,Bachelors,63565.08,3824.12,0.22,3.0,96.7,0.0,1,63,0,23,2,good,Capital One,checking,Joseph Rodriguez,519-810-5720,Divorced,Canadian,NIGHT,Contract,11.0,WS-11-69 ,False,UnitedHealth,,2026-06-27 20:21:02
809,EMP-92031,Robert,Robinson,Robert Robinson,FEMALE,47.0,1978-08-30,robert.robinson@corp.net,620-520-4945,5841 Oak Ave,Houston,TX,US,57172,Engineering,Operations Manager,James Thompson,Terminated,hybrid,2019-03-24,,6.9,High School,96303.44,6814.68,0.15,2.0,100.0,3.2,7,70,5,13,9,Good,Chase,checking,Margaret Anderson,370-393-8466,Divorced,Canadian,Shift 2,contract,10.0,WS-10-31,True,Cigna,High potential,2026-06-16 20:21:02
810,EMP-26930,Linda, Perez ,Linda Perez,Prefer Not to Say,47.0,1979-07-20,linda.perez@enterprise.org,(724) 250-3445,9071 Main St,Chicago,il,U.S.A.,12736,Customer Support,Accountant,Mark Garcia,Active,Remote,2015-09-25,2022-07-12,4.4,BS,54548.29,10080.09,0.15,5.0,93.5,0.1,2,32,4,23,10,Needs Improvement,Wells Fargo,Savings,Nancy Garcia,296-229-3891,Divorced,Indian,Shift 2,Full-Time,,,False,Kaiser Permanente,,2026-07-23 20:21:02
811,EMP-29229,Sandra,Robinson,Sandra Robinson,Non-Binary,42.0,1983-07-02,sandra.robinson@enterprise.org,557-234-3528,8552 Park Ave,san diego,ca,US,93494,Legal,Marketing Specialist,Jennifer Perez,ACTIVE,remote,2016-07-01,,8.2,High School,46281.81,4846.22,0.22,4.0,88.4,0.0,1,6,3,26,0,satisfactory,Capital One,savings,Jessica Davis,864-780-7255,Divorced,Mexican,Shift 1,PT,,,False,Blue Cross Blue Shield,Completed leadership onboarding,2026-06-18 20:21:02
812,EMP-51573,Joseph,Clark,Joseph Clark,Prefer Not to Say,40.0,1985-02-08,joseph.clark@corp.net,398-900-1917,6322 Main St,Philadelphia,PA,usa,32120,OPERATIONS,Senior Developer,Mary Anderson,On Leave,Remote,2018-04-11,2023-12-17,0.5,Masters,95252.75,15541.02,0.15,4.0,94.2,7.0,1,10,3,28,11,EXCELLENT,CHASE,checking,Christopher Hernandez,500-565-8530,single,Canadian,Shift 1,Full-Time,,,True,Cigna,Completed leadership onboarding,2026-07-16 20:21:02
813,EMP-44134,Daniel,Martin,daniel martin,Prefer Not to Say,26.0,2000-05-14,daniel.martin@corp.net,340-118-3714,3689 Main St,Phoenix,AZ,United States,11272,Marketing,Legal Counsel,Patricia Harris,Active,hybrid,2012-05-29,2022-03-13,8.1,bachelor,79296.53,13958.13,0.15,2.0,92.2,0.0,4,56,5,12,1,Excellent,TD Bank,Checking,Margaret Harris,627-741-9936,MARRIED,Mexican,Shift 2,contract,6.0,WS-06-82,False,Aetna,Completed leadership onboarding,2026-06-10 20:21:02
814,EMP-73042,Thomas,Johnson,Thomas Johnson,pREFER nOT TO sAY,22.0,2004-10-06,thomas.johnson@company.com,675-524-4219,  6448 Park Ave  ,atlanta,ga,USA,15120,Product,Legal Counsel,Betty Ramirez,Active,Hybrid,2013-06-10,,16.7,Bachelors,102985.67,9207.79,0.22,3.0,93.1,0.0,2,64,5,6,8,good,Bank of America,checking,Jennifer Ramirez,234-265-8788,Married,Indian,NIGHT,Contract,3.0,WS-03-24,True,Aetna,,2026-07-18 20:21:02
815,EMP-39046,Elizabeth,Williams,Elizabeth Williams,Prefer Not to Say,43.0,1983-08-20,elizabeth.williams@enterprise.org,817-381-7674,6556 Maple Rd,New York,NY,US,67719,Engineering,Legal Counsel,Daniel Lee,On Leave,hybrid,2023-04-21,2024-10-15,5.6,MS,55091.93,7830.62,0.32,4.0,100.0,0.0,4,76,0,22,1,EXCELLENT,chase,savings,Betty Thompson,342-998-2915,MARRIED,Canadian,NIGHT,FT,4.0,WS-04-71,True,Cigna,Completed leadership onboarding,2026-07-22 20:21:02
816,EMP-34041,   Jennifer,Hernandez,Jennifer Hernandez,Non-Binary,21.0,2004-09-28,jennifer.hernandez@enterprise.org,(593) 264-8269,4854 Maple Rd,Dallas,TX,United States,98707,Legal,Data Analyst,James Wilson,Terminated,remote,2022-01-29,2022-12-04,6.6,Bachelors,76686.48,8158.53,0.32,5.0,100.0,0.0,7,10,4,9,5,satisfactory,Capital One,Savings,Sandra Smith,630-980-9089,MARRIED,American,Night,PT,,,True,Blue Cross Blue Shield,Pending annual review,2026-07-22 20:21:02
817,EMP-51427,Margaret,Robinson,Margaret Robinson,male,46.0,1980-02-03,margaret.robinson@corp.net,(304) 296-6192,4820 Maple Rd,sAN aNTONIO,TX,U.S.A.,98139,Operations,Legal Counsel,Lisa Lewis,Active,Hybrid,2014-12-22,,0.5,BS,74945.0,14767.06,0.15,2.0,95.1,25.3,7,55,5,19,8,Excellent,Chase,Checking,Jessica Garcia,372-151-4539,single,British,Day,Part-Time,8.0,WS-08-63,False,UnitedHealth,Completed leadership onboarding,2026-06-20 20:21:02
818,EMP-88048,Lisa,Gonzalez,LISA GONZALEZ,Non-Binary,33.0,,lisa.gonzalez@corp.net,458-355-9402,6214 Washington Blvd,PHILADELPHIA,PA,USA,99573,IT,Senior Developer,Sandra Lewis,active,remote,2020-02-26,2025-01-28,7.2,PhD,67588.34,12136.16,0.32,3.0,88.3,2.5,4,15,5,10,12,Excellent,Citibank,checking,Mark Martinez,683-928-6992,Single,Canadian,NIGHT,Full-Time,,,False,Kaiser Permanente,Pending annual review,2026-06-15 20:21:02
819,EMP-66091,Jessica,Anderson,Jessica Anderson,Female,42.0,1983-11-24, jessica.anderson@enterprise.org ,514-872-8910,730 Washington Blvd,San Jose,ca,U.S.A.,27855,Human Resources,Software Engineer,John Martinez,active,Hybrid,2018-10-23,,11.4,BS,77988.39,14578.33,0.32,,93.6,26.4,5,71,2,7,10,Good,Capital One,Savings,Sarah Davis,830-511-1556,Married,Mexican,Night,Contract,15.0,WS-15-18,False,Kaiser Permanente,Pending annual review,2026-06-18 20:21:02
820,EMP-16053,Barbara,Moore,Barbara Moore,nON-bINARY,28.0,1997-04-18,BARBARA.MOORE@CORP.NET,990-167-1546,3392 Main St,Dallas,tx,usa,42892,IT,Data Analyst,Susan Hernandez,Terminated,hybrid,2022-11-28,,7.1,Master's,35000.0,4231.91,0.32,5.0,95.9,4.7,7,65,5,6,9,good,WELLS FARGO,CHECKING,Sarah Harris,666-556-5683,single,Canadian,Night,Full-Time,8.0,WS-08-91,False,Cigna,N/A,2026-06-06 20:21:02
821,EMP-99355,Joseph,Smith,Joseph Smith,Non-Binary,52.0,1973-07-15,joseph.smith@enterprise.org,337-270-8641,5371 Washington Blvd,Seattle,wa,USA,71968,Human Resources,Support Agent,Richard Lewis,Terminated,REMOTE,2013-10-27,2024-02-14,12.0,BS,,9745.6,0.22,1.0,92.7,0.0,7,5,3,26,6,satisfactory,Wells Fargo,Savings,Betty Garcia,442-436-9826,MARRIED,Canadian,NIGHT,Part-Time,,,True,UnitedHealth,Transferred from regional branch,2026-07-26 20:21:02
822,EMP-56878,Betty,Martinez,Betty Martinez,Female,32.0,1994-02-08,betty.martinez@enterprise.org,814-887-2436,1450 Main St,New York,ny,U.S.A.,64805,human resources,Senior Developer,Richard Sanchez,ACTIVE,REMOTE,2013-07-23,,13.5,PhD,113088.67,18854.58,0.22,5.0,92.0,0.0,1,10,1,9,9,EXCELLENT,Wells Fargo,checking,Michael Anderson,699-260-8883,MARRIED,Indian,Shift 2,contract,,,False,Cigna,Pending annual review,2026-06-27 20:21:02
823,EMP-34895, Michael  ,Taylor,Michael Taylor,Non-Binary,,1976-08-14,michael.taylor@corp.net,(861) 431-1156,1659 Oak Ave,San Diego,CA,United States,39180,Customer Support,Accountant,Jessica Gonzalez,active,remote,2018-06-06,,,bachelor,70751.42,4647.53,0.24,5.0,100.0,45.0,10,71,1,11,9,satisfactory,Citibank,Savings,Christopher Jones,502-132-3610,Divorced,German,day,FT,,,True,UnitedHealth,N/A,2026-08-03 20:21:02
824,EMP-18916,Robert,Williams,ROBERT WILLIAMS,NON-BINARY,41.0,1984-12-10, robert.williams@company.com ,473-378-8995,4297 Maple Rd,New York,NY,US,86992,Sales,Data Analyst   ,Sarah Perez,ACTIVE,remote,2013-08-19,,7.9,MS,,5474.84,0.22,1.0,105.0,0.0,9,62,4,20,5,Excellent,chase,Checking,Thomas Martinez,421-406-3872,Divorced,German,Shift 2,contract,,,False,Aetna,Pending annual review,2026-06-05 20:21:02
825,EMP-94325,David,Sanchez,david sanchez,Prefer Not to Say,40.0,1985-05-28,david.sanchez@corp.net,955-133-8628,8168 Oak Ave,New York,ny,U.S.A.,53832,Marketing,Systems Administrator,Nancy Lewis,Active,Onsite,2022-05-13,2021-07-22,8.1,PhD,55492.68,3106.11,0.15,4.0,100.0,0.0,3,46,2,11,8,Excellent,Citibank,checking,Michael Moore,813-938-7466,Married,Canadian,Shift 1,Full-Time,7.0,WS-07-36,True,Aetna,Pending annual review,2026-07-31 20:21:02
826,EMP-44087,Mark,Wilson,Mark Wilson,Female,44.0,1981-12-01,mark.wilson@company.com,(698) 606-2722,4626 Maple Rd,boston,MA,USA,14699,Engineering,Software Engineer,Charles Lewis,active,Hybrid,2012-12-02,2024-08-01,5.2,Bachelors,95036.5,17910.79,0.32,5.0,92.5,0.0,9,38,1,10,5,Excellent,Citibank,CHECKING,Barbara Anderson,809-545-5804,Married,Mexican,Night,FT,8.0, WS-08-53 ,False,UnitedHealth,Transferred from regional branch,2026-06-11 20:21:02
827,EMP-34513,Matthew,Ramirez,Matthew Ramirez,NON-BINARY,27.0,1998-04-15, matthew.ramirez@corp.net ,(864) 122-4643,3711 Main St,Austin,TX,usa,16648,Marketing,Senior Developer,Richard Jones,Active,remote,2019-07-31,2022-04-15,4.1,PhD,79707.77,7542.94,0.32,4.0,88.4,3.4,7,40,4,16,8,Excellent,Citibank,savings,Barbara Martinez,744-914-7363,MARRIED,Mexican,Day,Contract,,,False,Blue Cross Blue Shield,Completed leadership onboarding,2026-07-04 20:21:02
828,EMP-76878,Sandra,Hernandez,Sandra Hernandez,Non-Binary,19.0,2007-08-04,SANDRA.HERNANDEZ@CORP.NET,739-121-8536,5787 Maple Rd,philadelphia,PA,USA,22697,Sales,Systems Administrator,Sarah Taylor,active,REMOTE,2020-07-19,2020-12-19,1.9,High School,35000.0,2086.7,0.32,2.0,94.6,1.1,3,53,4,11,10,EXCELLENT,Wells Fargo,Savings,Christopher Ramirez,161-499-1795,Single,American,Shift 2,PT,,,False,Blue Cross Blue Shield,N/A,2026-07-14 20:21:02
829,EMP-29945,Betty,Gonzalez,Betty Gonzalez,Non-Binary,27.0,1998-01-02,betty.gonzalez@corp.net,(935) 813-8763,6087 Park Ave,Denver,CO,usa,25784,Marketing,Accountant,Thomas Martin,active,hybrid,2013-05-18,,2.7,bachelor,56588.34,10259.01,0.15,1.0,92.5,15.3,4,8,0,21,11,good,TD Bank,Checking,Christopher Williams,606-647-4428,Divorced,British,Shift 1,Contract,10.0,WS-10-34 ,False,Cigna,High potential,2026-06-29 20:21:02
830,EMP-86044,Jessica,Miller,Jessica Miller,Male,41.0,1984-01-07,jessica.miller@enterprise.org,(669) 956-7301,6801 Park Ave,sEATTLE,WA,United States,34832,Customer Support,Accountant,Elizabeth Moore,active,remote,2014-12-31,2024-12-09,3.6,Masters,78621.25,8020.1,0.24,3.0,100.0,0.0,8,61,3,26,0,Excellent,Chase,Checking,Susan Harris,596-229-6500,MARRIED,Canadian,NIGHT,contract,,,False,UnitedHealth,N/A,2026-07-28 20:21:02
831,EMP-87168,Mary,Gonzalez,Mary Gonzalez,Male,43.0,,mary.gonzalez@company.com,601-205-1317,7380 Maple Rd,Austin,tx,US,34287,Legal,Sales Executive,William Jackson,Active,Hybrid,2023-09-12,2025-09-18,5.9,bachelor,80143.98,14800.51,0.22,,93.8,0.0,8,33,5,17,10,Needs Improvement,Chase,CHECKING,William Thomas,324-588-1155,single,German,NIGHT,FT,12.0,WS-12-52,True,Blue Cross Blue Shield,High potential,2026-08-04 20:21:02
832,EMP-93085,Robert,Miller,Robert Miller,fEMALE,38.0,1988-05-05,robert.miller@corp.net,467-955-1538,4030 Park Ave,denver,co,usa,59490,Sales,Accountant,David Taylor,Terminated,Hybrid,2013-08-03,2025-05-18,6.4,Master's,71713.3,4814.25,0.24,3.0,96.1,0.0,3,76,3,20,7,Excellent,Citibank,CHECKING,Elizabeth Ramirez,654-314-2453,MARRIED,Mexican,NIGHT,FT,2.0,WS-02-60,False,UnitedHealth,Pending annual review,2026-06-14 20:21:02
833,EMP-14546,Karen,Williams,Karen Williams,prefer not to say,28.0,1997-09-23,karen.williams@company.com,132-992-8022,5889 Main St,Philadelphia,PA,usa,65583,Sales,Software Engineer,Margaret Davis,Active,REMOTE,2017-07-26,,2.9,BS,47229.15,3892.86,0.24,4.0,87.0,7.9,3,19,5,11,0,Needs Improvement,Wells Fargo,Checking,David Jackson,518-857-6964,single,American,Night,Contract,,,True,UnitedHealth,,2026-06-14 20:21:02
834,EMP-86022,Anthony,Gonzalez,Anthony Gonzalez,Non-Binary,42.0,1983-04-14,anthony.gonzalez@corp.net,871-446-3614,1415 Washington Blvd,san jose,CA,USA,77460,Sales,Marketing Specialist,Joseph Taylor,active,REMOTE,2022-02-06,,,Bachelor's,64751.9,12714.01,0.24,3.0,90.5,7.0,7,77,3,26,1,Needs Improvement,TD Bank,Checking,Daniel Brown,837-685-8574,Single,British,Shift 1,Full-Time,,,True,Kaiser Permanente,Transferred from regional branch,2026-06-09 20:21:02
835,EMP-88849,Sarah,Lee,Sarah Lee,NON-BINARY,44.0,1981-05-15,sarah.lee@enterprise.org,(271) 954-3726,9368 Oak Ave,Dallas,TX,U.S.A.,13926,Engineering,Sales Executive,William Davis,Terminated,REMOTE,2014-08-13,,12.1,BS,55122.75,3057.95,0.22,5.0,97.1,7.9,10,58,1,17,12,Excellent,Chase,Checking,,545-547-8247,Divorced,German,Night,contract,,,False,Cigna,,2026-07-18 20:21:02
836,EMP-97916,Mary,Clark,Mary Clark,Female,35.0,1991-05-28,mary.clark@corp.net,778-180-9810,4727 Main St,Seattle,wa,U.S.A.,20548,Sales,Software Engineer,Mark Lee,On Leave,Onsite,2020-10-15,,4.3,Master's,64929.92,5879.69,0.22,4.0,94.5,3.2,9,68,3,6,11,Good,CITIBANK,savings,Jennifer Clark,386-609-7123,MARRIED,Indian,Day,contract,13.0,WS-13-16,False,UnitedHealth,,2026-07-18 20:21:02
837,EMP-77431,Linda,Sanchez,Linda Sanchez,MALE,34.0,1992-05-30,linda.sanchez@enterprise.org,440-336-3246,3527 Main St,Phoenix,AZ,United States,61215,IT,Accountant,Lisa Smith,Terminated,hybrid,2020-11-26,2024-02-29,7.4,Masters,67046.41,12075.9,0.22,4.0,89.1,29.5,4,57,0,19,1,Needs Improvement,Citibank,CHECKING,James Anderson,512-901-2904,Single,British,Shift 2,Contract,5.0,WS-05-51,False,Cigna,Completed leadership onboarding,2026-07-10 20:21:02
838,EMP-35562,Daniel,Moore,dANIEL mOORE,Female,42.0,1983-03-01,DANIEL.MOORE@COMPANY.COM,684-662-4047,9321 Oak Ave,atlanta,GA,usa,16022,HR,Sales Executive,Anthony Thompson,ACTIVE,Remote,2023-02-01,2023-11-22,5.3,Bachelor's,101295.6,7037.6,0.22,5.0,92.2,0.0,8,1,5,14,5,good,Wells Fargo,CHECKING,,841-583-5861,Single,American,Night,PT,,,True,Aetna,,2026-06-18 20:21:02
839,EMP-50913,Karen,Davis,Karen Davis,Female,49.0,1977-12-02,karen.davis@company.com,867-566-4255,4750 Washington Blvd,Seattle,wa,USA,20032,Customer Support,  Support Agent   ,Patricia Lee,On Leave,hybrid,2018-06-21,2021-09-11,0.6,BS,67391.85,5754.81,0.32,5.0,93.3,27.8,9,74,1,25,10,Excellent,CHASE,Checking,Nancy Moore,630-804-2229,single,Canadian,Night,Part-Time,12.0,WS-12-28,False,Cigna,Transferred from regional branch,2026-08-02 20:21:02
840,EMP-21881,Karen,Lewis,,Female,49.0,1976-09-13,karen.lewis@company.com,407-194-9125,809 Oak Ave,Dallas,tx,usa,27116,MARKETING,Operations Manager,,ACTIVE,Remote,2021-12-21,2021-12-17,10.4,bachelor,70949.52,,0.22,3.0,92.4,3.8,7,26,0,6,6,Excellent,Citibank,checking,Elizabeth Lewis,661-579-8668,MARRIED,Mexican,Shift 2,Full-Time,,,False,Kaiser Permanente,,2026-06-29 20:21:02
841,EMP-64662,Robert,White,Robert White,male,23.0,2002-11-13,robert.white@corp.net,(706) 750-3932,7943 Washington Blvd,houston,TX,USA,52599,Customer Support,Legal Counsel,Mary Martinez,On Leave,Onsite,2020-03-06,,14.6,Master's,80952.1,10191.71,0.24,1.0,89.6,16.8,3,6,2,20,3,EXCELLENT,Capital One,CHECKING,Sarah Clark,229-495-4675,MARRIED,British,Shift 1,Full-Time,4.0,WS-04-39,False,Blue Cross Blue Shield,Pending annual review,2026-07-31 20:21:02
842,EMP-17813,Michael,Thomas  ,Michael Thomas,Male,28.0,1998-11-17, michael.thomas@enterprise.org ,978-995-9696,4423 Main St,Houston,TX,USA,50842,Sales,Senior Developer,Sandra Brown,ACTIVE,hybrid,2023-04-13,2023-06-13,6.4,Master's,62713.54,5829.4,0.24,2.0,91.5,0.0,1,27,0,26,10,satisfactory,Wells Fargo,Checking,Thomas Brown,625-458-4869,single,Canadian,day,Part-Time,6.0,WS-06-78,False,Kaiser Permanente,Completed leadership onboarding,2026-07-19 20:21:02
843,EMP-41484,Joseph,Robinson,Joseph Robinson,Female,47.0,1978-12-28,joseph.robinson@corp.net,240-109-9706,8225 Park Ave,New York,NY,US,30051,CUSTOMER SUPPORT,HR Specialist,Lisa Rodriguez,Active,REMOTE,2016-03-27,2021-02-11,1.1,Bachelor's,107175.62,6075.55,0.15,4.0,99.1,0.0,1,0,3,19,12,EXCELLENT,TD Bank,Checking,,842-923-4611,single,Canadian,Shift 1,PT,,,False,Blue Cross Blue Shield,N/A,2026-06-24 20:21:02
844,EMP-41596,Betty,Martin,BETTY MARTIN,NON-BINARY,48.0,1978-07-14,betty.martin@company.com,756-786-1770,5574 Park Ave,nEW yORK,NY,usa,15913,Operations,Senior Developer,Nancy Taylor,Active,hybrid,2022-12-13,2025-10-17,5.7,BS,72001.19,7341.37,0.15,2.0,87.8,0.0,5,74,1,22,11,Needs Improvement,WELLS FARGO,Savings,Mark Thompson,392-602-8673,Married,Indian,NIGHT,PT,7.0,WS-07-88,True,Aetna,High potential,2026-06-12 20:21:02
845,EMP-20553,Anthony,Sanchez,,Non-Binary,32.0,1993-07-13,anthony.sanchez@company.com,668-214-6925,6475 Park Ave,Atlanta,GA,United States,48157,Legal,Accountant ,Karen Smith,Active,Onsite,2024-03-22,,10.5,Bachelors,100921.26,6420.74,0.24,1.0,89.5,0.3,9,55,1,7,6,Excellent,Wells Fargo,checking,Linda Johnson,408-367-8844,Divorced,American,day,Part-Time,15.0,WS-15-39,True,Blue Cross Blue Shield,Pending annual review,2026-06-24 20:21:02
846,EMP-21173,Charles,Lewis,charles lewis,Female,26.0,2000-05-11,charles.lewis@enterprise.org,(412) 545-9515, 7372 Oak Ave,Boston,MA,U.S.A.,39218,Finance,Marketing Specialist,Linda Lewis,On Leave,hybrid,2018-07-24,,13.7,Master's,77856.19,11099.42,0.15,2.0,92.1,0.0,9,12,4,16,10,Good,TD Bank,Checking,Anthony Hernandez,905-195-5147,MARRIED,Mexican,NIGHT,Part-Time,8.0,WS-08-38,False,Blue Cross Blue Shield,Transferred from regional branch,2026-06-23 20:21:02
847,EMP-46710,Jessica,Williams,Jessica Williams,Male,31.0,1994-05-28,jessica.williams@company.com,518-197-4807,7834 Main St,Houston,TX,United States,52154,Product,Systems Administrator,Mark Rodriguez,ACTIVE,Hybrid,2022-05-23,2021-03-29,1.1,Bachelors,64276.56,12038.11,0.22,2.0,93.7,24.2,9,46,5,8,10,Good,Chase,CHECKING,Matthew Clark,885-558-5556,single,British,Shift 1,FT,6.0,WS-06-84,True,Blue Cross Blue Shield,,2026-07-23 20:21:02
848,EMP-39742,Jessica,Clark,Jessica Clark,Non-Binary,37.0,1988-04-24, jessica.clark@enterprise.org ,(984) 159-6384,8935 Washington Blvd,Dallas,tx,United States,41421,Finance,Senior Developer,Jessica Martinez,ACTIVE,Hybrid,2016-06-27,,6.9,Master's,67562.84,,0.22,3.0,91.4,26.0,8,35,0,24,3,satisfactory,Capital One,CHECKING,Daniel Lewis,386-586-4217,MARRIED,German,Shift 1,FT,3.0,WS-03-23,False,Cigna,Pending annual review,2026-07-06 20:21:02
849,EMP-20625,Thomas,Moore,Thomas Moore,prefer not to say,44.0,1981-03-08,thomas.moore@enterprise.org,223-818-8497,9761 Maple Rd,Austin,TX,US,49121,Legal,Software Engineer,David Davis,On Leave,hybrid,2020-09-07,2025-02-12,4.0,MS,95067.66,10440.07,0.24,2.0,95.6,0.0,7,28,0,6,7,Needs Improvement,Capital One,Savings,Michael Thompson,889-943-2248,single,Canadian,NIGHT,contract,6.0,WS-06-63,True,Kaiser Permanente,,2026-06-17 20:21:02
850,EMP-23565,Lisa,Gonzalez,Lisa Gonzalez,pREFER nOT TO sAY,53.0,1972-04-29,lisa.gonzalez@enterprise.org,573-317-5896,132 Main St,Phoenix,AZ,US,68766,Sales,Systems Administrator,Charles Garcia,active,hybrid,2020-12-09,2021-02-10,20.1,MS,65595.13,12211.06,0.15,5.0,92.9,0.0,7,69,3,12,10,good,TD Bank,savings,Anthony Wilson,484-494-4773,Married,Indian,Night,FT,1.0,WS-01-12,False,Blue Cross Blue Shield,,2026-07-28 20:21:02
851,EMP-35657,Thomas,Davis,Thomas Davis,Female,35.0,1990-01-05, thomas.davis@corp.net ,972-756-9233,8562 Oak Ave,Seattle,WA,USA,18994,sales,HR Specialist,James Jones,Terminated,Onsite,2015-03-31,,11.0,Masters,101519.4,10983.42,0.32,3.0,91.7,4.1,7,50,3,10,6,Good,Citibank,checking,Sandra Miller,642-305-4229,Married,Canadian,NIGHT,contract,9.0, WS-09-43,False,Blue Cross Blue Shield,,2026-07-19 20:21:02
852,EMP-85498,Sarah,Lopez,Sarah Lopez,Non-Binary,47.0,1978-02-26,sarah.lopez@corp.net,429-407-8675,4488 Washington Blvd,chicago,IL,usa,28569,Product,Operations Manager,Mark Thomas,Terminated,Onsite,2021-08-18,2020-06-27,9.2,Bachelor's,44345.99,2523.41,0.32,5.0,94.0,13.6,1,6,1,10,0,EXCELLENT,TD Bank,savings,Elizabeth Harris,623-270-3236,Divorced,Canadian,Night,Full-Time,10.0,  WS-10-49  ,True,Blue Cross Blue Shield,Pending annual review,2026-06-08 20:21:02
853,EMP-13039,Jennifer,Lopez,Jennifer Lopez,male,36.0,1990-02-17,JENNIFER.LOPEZ@ENTERPRISE.ORG,(895) 498-6234,5067 Park Ave,San Antonio,TX,usa,13423,Finance,Legal Counsel,Margaret Thomas,On Leave,Remote,2013-05-01,2022-02-23,11.9,Bachelor's,80947.9,,0.15,3.0,94.5,5.9,6,67,4,24,4,good,Chase,CHECKING,Anthony Smith,689-846-9964,MARRIED,Canadian,Night,FT,,,True,UnitedHealth,,2026-07-29 20:21:02
854,EMP-39303,Nancy,Wilson,Nancy Wilson,Prefer Not to Say,18.0,2008-04-23,nancy.wilson@corp.net,(759) 921-8546,5610 Oak Ave,Denver,CO,USA,80959,CUSTOMER SUPPORT,Senior Developer,Anthony Martin,ACTIVE,Hybrid,2016-01-18,2025-01-23,7.2,Bachelors,77860.98,12581.73,0.32,2.0,99.2,14.4,5,11,2,26,3,Excellent,TD Bank,savings,Lisa Perez,725-419-5928,Single,British,Night,Part-Time,14.0,WS-14-28,True,Kaiser Permanente,,2026-07-11 20:21:02
855,EMP-32815,Daniel,Robinson,Daniel Robinson,Male,32.0,1993-06-21,daniel.robinson@company.com,(579) 422-8968,1885 Maple Rd,Houston,TX,US,19172,Marketing,HR Specialist,Robert Brown,On Leave,REMOTE,2015-06-14,,13.3,MS,98022.59,,0.24,2.0,93.9,4.5,7,66,2,8,7,Excellent,Citibank,Checking,Richard Jackson,602-929-6402,Married,Canadian,Shift 2,Part-Time,,,True,Blue Cross Blue Shield,N/A,2026-06-07 20:21:02
856,EMP-82282,Christopher,Harris,christopher harris,FEMALE,51.0,1974-07-31,christopher.harris@company.com,321-763-9425,4994 Oak Ave,San Antonio,TX,U.S.A.,45965,Finance,Data Analyst,Nancy Perez,Terminated,hybrid,2019-07-14,,11.6,bachelor,83586.82,,0.22,4.0,96.9,5.0,5,68,3,18,12,Good,TD Bank,Checking,Robert Taylor,518-720-6711,Married,American,Day,Full-Time,12.0,WS-12-86,True,Blue Cross Blue Shield,N/A,2026-07-10 20:21:02
857,EMP-71858,Daniel,Moore,Daniel Moore,MALE,36.0,1989-05-14,daniel.moore@corp.net,(376) 272-4480,4253 Washington Blvd,Dallas,TX,United States,51881,Customer Support,  Sales Executive,Thomas Lewis,Terminated,hybrid,2012-12-25,,5.2,bachelor,63913.24,8455.61,0.24,5.0,100.0,13.8,5,0,3,6,2,good,Capital One,Checking,Charles Lee,414-149-6658,Married,American,day,PT,10.0,  WS-10-89,True,Kaiser Permanente,High potential,2026-08-03 20:21:02
858,EMP-31337,Charles,Davis,Charles Davis,Male,51.0,1975-08-16,charles.davis@company.com,958-812-8354,6223 Oak Ave,San Jose,CA,United States,28337,Operations,Legal Counsel,Matthew Lee,ACTIVE,Onsite,2018-10-24,2024-09-26,1.0,Masters,86718.08,5600.07,0.15,1.0,91.3,7.9,5,34,2,25,8,Good,cHASE,checking,Matthew Wilson,118-794-2155,MARRIED,American,Day,FT,2.0,WS-02-41,False,Cigna,,2026-06-25 20:21:02
859,EMP-53890,Patricia,Thompson,Patricia Thompson,PREFER NOT TO SAY,31.0,1994-09-07, patricia.thompson@corp.net ,120-205-3592,3462 Maple Rd,Los Angeles,CA,usa,19089,Customer Support,Data Analyst,James Rodriguez,Active,REMOTE,2021-10-01,2024-10-06,3.3,PhD,72669.79,6832.34,0.22,4.0,100.0,0.0,10,36,4,28,1,good,Capital One,Savings,John Lewis,692-775-1027,single,American,Day,Contract,,,False,Kaiser Permanente,,2026-08-01 20:21:02
860,EMP-92350,Daniel,Garcia,dANIEL gARCIA,Prefer Not to Say,29.0,1996-04-01,daniel.garcia@corp.net,129-620-9474,3350 Park Ave,Seattle,wa,US,84876,Sales,Systems Administrator,Anthony Thomas,Active,Remote,2023-01-14,,0.5,BS,76195.36,11230.35,0.22,3.0,99.7,0.0,7,78,5,14,6,EXCELLENT,Wells Fargo,Savings,Sandra Anderson,479-127-7003,single,Mexican,Shift 1,contract,,,True,Cigna,Completed leadership onboarding,2026-07-23 20:21:02
861,EMP-46244,Linda,Lee,Linda Lee,MALE,27.0,1998-06-23,linda.lee@enterprise.org,(404) 159-5871,5262 Washington Blvd,Chicago,il,usa,19218,Engineering,Marketing Specialist,,Active,Hybrid,2022-05-21,2024-05-04,12.2,Bachelors,54281.78,5620.35,0.15,2.0,94.3,2.3,8,36,3,17,6,satisfactory,Capital One,savings,Jessica White,907-289-5999,Married,British,Night,FT,9.0,WS-09-49,True,Kaiser Permanente,Completed leadership onboarding,2026-07-09 20:21:02
862,EMP-23891,Robert,Harris,Robert Harris,Prefer Not to Say,47.0,1978-10-21,robert.harris@corp.net,516-823-2995,275 Maple Rd,Chicago,IL,USA,83272,mARKETING,Legal Counsel,Thomas Rodriguez,Active,remote,2015-08-01,,10.3,MS,51412.62,5590.88,0.32,3.0,95.9,13.0,2,45,1,21,0,satisfactory,Citibank,checking,Joseph Harris,216-530-7149,Single,German,Night,contract,,,True,Aetna,,2026-07-10 20:21:02
863,EMP-58650,Matthew,   Davis  ,Matthew Davis,Non-Binary,53.0,1973-10-27, matthew.davis@company.com ,918-679-7809,6061 Oak Ave,Houston,TX,U.S.A.,16294,engineering,Sales Executive,Lisa Sanchez,ACTIVE,remote,2020-07-20,2020-02-21,11.3,High School,37791.04,3679.26,0.24,2.0,99.3,10.5,6,67,5,21,3,Excellent,Bank of America,savings,Mary Garcia,521-655-7397,Single,Canadian,day,PT,,,True,Blue Cross Blue Shield,N/A,2026-06-27 20:21:02
864,EMP-61623,Sandra,Lopez,Sandra Lopez,Prefer Not to Say,34.0,1992-01-10,sandra.lopez@corp.net,922-188-2129,6467 Maple Rd,Philadelphia,pa,usa,35784,Sales,Accountant,Robert Wilson,On Leave,REMOTE,2018-01-06,2024-06-08,4.1,Bachelor's,82583.06,8205.73,0.15,4.0,100.0,5.0,1,47,3,21,7,good,citibank,Checking,Jessica Robinson,792-737-7240,Divorced,German,NIGHT,FT,,,,UnitedHealth,Transferred from regional branch,2026-07-26 20:21:02
865,EMP-69820,Karen,Thomas,Karen Thomas,female,49.0,1977-09-20,karen.thomas@corp.net,924-256-2731,5249 Park Ave,San Diego,CA,usa,81577,Marketing,Support Agent,Anthony Martinez,ACTIVE,REMOTE,2012-07-03,2025-11-10,7.6,Masters,92068.43,16906.07,0.24,4.0,93.2,0.9,7,57,4,24,7,satisfactory,Bank of America,checking,Sandra Wilson,764-121-3049,Married,Canadian,Shift 2,FT,,,True,Blue Cross Blue Shield,,2026-06-16 20:21:02
866,EMP-91197,Elizabeth,Harris,Elizabeth Harris,Prefer Not to Say,43.0,1983-01-28,elizabeth.harris@enterprise.org,(909) 961-2313,4461 Main St,Austin,TX,United States,24118,IT,Operations Manager,Christopher Clark,Active,remote,2019-02-02,2022-06-12,10.1,Masters,69400.13,,0.15,1.0,88.6,1.8,3,55,4,18,9,good,Citibank,savings,Margaret Taylor,952-344-4517,Married,Indian,Night,FT,,,True,Cigna,Transferred from regional branch,2026-07-23 20:21:02
867,EMP-65104,Charles,Taylor,charles taylor,Prefer Not to Say,41.0,1984-06-10,charles.taylor@company.com,753-408-8678,8996 Oak Ave,Denver,co,U.S.A.,86942,Sales,  Marketing Specialist,Jessica Perez,Active,Onsite,2021-09-05,2024-05-30,17.2,BS,51649.32,9591.32,0.24,3.0,97.6,2.4,7,68,2,24,2,Excellent,Bank of America,Checking,James Harris,913-454-8836,Divorced,German,Day,Contract,5.0,WS-05-27,True,Blue Cross Blue Shield,Pending annual review,2026-06-05 20:21:02
868,EMP-28864,James,Thompson,James Thompson,female,37.0,1988-10-14,james.thompson@enterprise.org,128-777-2980,1420 Washington Blvd,Denver,CO,USA,29246,Sales,Sales Executive,Mark Gonzalez,Terminated,REMOTE,2024-02-05,,6.8,Bachelor's,97336.68,10927.93,0.15,2.0,95.9,0.0,3,4,4,17,1,satisfactory,cHASE,Savings,Betty Smith,472-125-7241,MARRIED,Mexican,Shift 1,FT,,,True,Kaiser Permanente,,2026-08-04 20:21:02
869,EMP-98099,Matthew,Moore,Matthew Moore,Prefer Not to Say,30.0,1995-08-01,matthew.moore@enterprise.org,477-485-8032,6627 Oak Ave   ,Boston,MA,U.S.A.,33668,ENGINEERING,Systems Administrator,Charles Thomas,Active,Onsite,2016-05-10,,17.5,Master's,75986.17,,0.32,2.0,98.8,0.0,6,9,5,8,9,Excellent,Capital One,Checking,Karen Smith,741-622-2433,single,Canadian,day,Full-Time,10.0,WS-10-41 ,False,UnitedHealth,Pending annual review,2026-07-28 20:21:02
870,EMP-20250,Matthew,Moore,Matthew Moore,FEMALE,31.0,1995-06-07,matthew.moore@enterprise.org,628-419-3045,9618 Park Ave,NEW YORK,NY,US,34479,Sales,Senior Developer,William Sanchez,Active,hybrid,2020-12-20,2020-12-17,9.8,BS,81222.2,5697.05,0.32,4.0,85.6,8.3,2,70,1,28,8,Excellent,Wells Fargo,checking,Daniel Jackson,324-280-2218,single,Canadian,Shift 1,Contract,7.0,WS-07-17,True,Blue Cross Blue Shield,Transferred from regional branch,2026-06-30 20:21:02
871,EMP-64252,Patricia,Sanchez,,Prefer Not to Say,26.0,1999-08-18,patricia.sanchez@corp.net,(371) 258-1974,1069 Oak Ave,Atlanta,GA,usa,84542,IT,  Product Manager   ,Charles Garcia,ACTIVE,Hybrid,2021-08-27,2020-10-21,9.7,Bachelor's,104160.51,7448.45,0.22,4.0,87.5,35.0,7,62,0,17,11,good,Bank of America,Checking,Robert Jones,181-138-3713,Single,American,day,Part-Time,1.0,WS-01-80,,Kaiser Permanente,High potential,2026-07-21 20:21:02
872,EMP-93535,Patricia,Clark,Patricia Clark,Male,41.0,1984-09-10,patricia.clark@corp.net,335-154-8893,2437 Park Ave,Boston,ma,usa,71849,Operations,   Product Manager,Robert Ramirez,On Leave,hybrid,2020-12-13,2020-04-02,9.0,Bachelors,,16239.61,0.32,5.0,100.0,2.1,8,4,4,19,8,Good,Bank of America,CHECKING,Karen Williams,636-430-6052,Married,American,NIGHT,FT,11.0,WS-11-93,False,Blue Cross Blue Shield,Transferred from regional branch,2026-07-18 20:21:02
873,EMP-32340,Nancy,Davis,Nancy Davis,Non-Binary,49.0,1976-01-10,NANCY.DAVIS@CORP.NET,101-635-8423,9960 Park Ave,Phoenix,az,US,98371,Engineering,Product Manager,Anthony Clark,On Leave,remote,2023-03-07,,15.5,High School,70012.72,8225.93,0.22,3.0,100.0,7.5,2,1,5,8,12,good,BANK OF AMERICA,CHECKING,Thomas Jackson,591-361-5668,Married,American,Shift 2,PT,,,True,UnitedHealth,Completed leadership onboarding,2026-07-11 20:21:02
874,EMP-47679,Karen,Brown,KAREN BROWN,Prefer Not to Say,40.0,1985-07-05,karen.brown@company.com,(922) 731-1224,4906 Oak Ave,Los Angeles,ca,U.S.A.,31156,Product,Product Manager,Sandra Lee,active,remote,2016-06-16,2020-04-10,0.5,PhD,86062.98,8694.71,0.22,2.0,92.3,2.1,10,46,0,12,3,Excellent,Chase,savings,Lisa Martin,374-301-3185,Divorced,Indian,day,Part-Time,,,False,Cigna,Transferred from regional branch,2026-07-02 20:21:02
875,EMP-35576,Nancy,Robinson,Nancy Robinson,Male,36.0,1990-05-25,nancy.robinson@corp.net,(966) 213-7159,5920 Maple Rd,Seattle,WA,US,88526,Finance,Software Engineer,William Thomas,Terminated,remote,2018-09-21,2022-12-27,3.9,Masters,,6515.09,0.24,2.0,100.0,0.0,10,29,0,25,8,EXCELLENT,CHASE,CHECKING,Jessica Garcia,294-681-9905,Single,Canadian,Day,contract,,,True,Cigna,Completed leadership onboarding,2026-07-07 20:21:02
876,EMP-31545,Nancy,Miller,nancy miller,prefer not to say,42.0,1983-09-07,nancy.miller@corp.net,541-793-5435,625 Maple Rd,New York,NY,U.S.A.,19872,sales,Systems Administrator,Jessica Davis,Active,Onsite,2023-07-01,2023-05-21,0.5,Masters,86015.75,7187.14,0.24,3.0,94.0,0.0,4,54,3,26,0,Excellent,Bank of America,Checking,Jessica Lee,237-208-2929,Married,Mexican,day,Full-Time,4.0,WS-04-13,False,Aetna,,2026-06-08 20:21:02
877,EMP-94024,Thomas,Williams,Thomas Williams,Male,38.0,1987-09-07,thomas.williams@company.com,824-561-7618,4377 Washington Blvd,Dallas,TX,United States,45889,Finance,Marketing Specialist,Michael Ramirez,Active,Remote,2016-12-04,2020-06-20,12.1,Bachelors,98664.54,6399.79,0.22,2.0,90.7,0.4,1,15,1,25,8,satisfactory,Chase,Checking,Matthew Smith,239-701-6635,single,German,NIGHT,PT,,,True,UnitedHealth,High potential,2026-07-13 20:21:02
878,EMP-64539,Anthony,Wilson,Anthony Wilson,Female,18.0,2008-04-11,anthony.wilson@company.com,(428) 459-5304,5023 Washington Blvd,San Antonio,tx,U.S.A.,63024,Engineering,Marketing Specialist,Mark Harris,Terminated,Onsite,2015-06-16,,6.4,Master's,107867.56,11360.49,0.24,5.0,96.8,0.0,9,77,3,15,6,EXCELLENT,Capital One,CHECKING,Barbara Rodriguez,711-979-6142,MARRIED,Indian,Shift 2,Contract,6.0,WS-06-64,True,UnitedHealth,,2026-06-21 20:21:02
879,EMP-52972,Robert,Garcia,,Male,29.0,1996-06-17, ROBERT.GARCIA@ENTERPRISE.ORG ,570-239-4038,3170 Main St,New York,ny,United States,28013,Human Resources,Sales Executive,Lisa Taylor,Active,Onsite,2017-05-15,2021-09-02,7.8,PhD,75360.34,9341.17,0.32,1.0,97.4,9.5,9,75,2,11,11,satisfactory,Wells Fargo,Savings,David Moore,352-928-6216,MARRIED,Mexican,Shift 1,Full-Time,6.0,WS-06-44,True,Kaiser Permanente,,2026-07-17 20:21:02
880,EMP-40839,James,Moore,james moore,Non-Binary,37.0,1988-11-01,james.moore@company.com,681-987-7253,8059 Park Ave,San Jose,CA,US,23226,Customer Support,Legal Counsel,Betty Wilson,Active,REMOTE,2018-06-19,,0.5,Master's,59791.64,8911.88,0.32,3.0,94.4,1.1,5,60,3,28,8,EXCELLENT,Capital One,savings,Sarah Davis,155-463-2601,Married,British,Shift 1,Full-Time,,,True,UnitedHealth,N/A,2026-06-22 20:21:02
881,EMP-16932,Patricia,Robinson,patricia robinson,Female,33.0,1993-07-10,PATRICIA.ROBINSON@COMPANY.COM,(454) 405-9512,6472 Main St,New York,NY,US,34584,IT,Operations Manager,Betty Wilson,Active,Hybrid,2014-10-15,2020-08-08,11.2,Master's,75452.62,14675.64,0.15,3.0,88.0,0.0,3,28,1,7,9,satisfactory,BANK OF AMERICA,Savings,Nancy Williams,668-227-2925,Single,Canadian,day,FT,8.0,WS-08-34,True,Cigna,Completed leadership onboarding,2026-06-30 20:21:02
882,EMP-88825,Margaret,Clark,Margaret Clark,Prefer Not to Say,28.0,1998-03-03,margaret.clark@enterprise.org,942-300-2448,3788 Park Ave,San Antonio,TX,United States,48457,ENGINEERING,Marketing Specialist ,William Gonzalez,Terminated,REMOTE,2023-09-09,,9.0,High School,73418.65,6403.63,0.22,4.0,92.1,18.6,2,43,1,26,5,Needs Improvement,Wells Fargo,Savings,,,Single,American,NIGHT,PT,,,True,Kaiser Permanente,,2026-07-21 20:21:02
883,EMP-76518,Barbara,Hernandez,BARBARA HERNANDEZ,Male,32.0,1994-04-23, barbara.hernandez@enterprise.org ,(910) 529-3270,150 Maple Rd,Phoenix,AZ,usa,21769,operations,Systems Administrator,Christopher Ramirez,Active,REMOTE,2014-04-24,,0.5,PhD,73777.96,14239.88,0.24,4.0,92.2,8.6,4,11,3,20,12,Needs Improvement,chase,Savings,Joseph Garcia,519-452-7306,Married,Indian,Night,Contract,,,True,Kaiser Permanente,Transferred from regional branch,2026-06-26 20:21:02
884,EMP-17933,James,Harris,James Harris,female,19.0,2006-05-16,james.harris@enterprise.org,236-482-7069,1921 Main St,Denver,CO,US,75921,Sales,Product Manager,Jennifer Sanchez,active,hybrid,2015-05-01,,11.9,Masters,61427.14,9904.53,0.32,5.0,93.4,4.6,4,55,3,8,6,EXCELLENT,TD Bank,checking,Matthew Jackson,615-743-2234,single,Canadian,NIGHT,PT,12.0,WS-12-26,False,UnitedHealth,Completed leadership onboarding,2026-07-13 20:21:02
885,EMP-10417,Charles,Anderson,charles anderson,prefer not to say,40.0,1986-06-11,charles.anderson@enterprise.org,867-259-9130,4649 Maple Rd,New York,NY,United States,61102,Sales,Product Manager,Susan Ramirez,Active,Remote,2014-03-18,,6.4,Master's,80610.65,6030.58,0.15,3.0,100.0,12.1,9,9,1,11,6,satisfactory,Capital One,savings,Mary Taylor,277-337-3427,Divorced,American,Day,Part-Time,,,False,Aetna,N/A,2026-06-29 20:21:02
886,EMP-99437,Margaret,Martinez,margaret martinez,Male,46.0,1979-06-12,margaret.martinez@company.com,399-180-5544,4617 Maple Rd,Chicago,IL,usa,59033,Human Resources,Accountant,Michael Smith,Active,hybrid,2017-11-18,2025-02-08,0.9,PhD,51976.93,10071.12,0.15,4.0,80.8,14.2,6,42,5,26,1,good,Bank of America,savings,William Jones,321-544-1868,single,American,Shift 1,FT,15.0,WS-15-30,True,Aetna,Transferred from regional branch,2026-06-15 20:21:02
887,EMP-47227,David,Miller,David Miller,Prefer Not to Say,28.0,1997-04-11,david.miller@company.com,(631) 432-4682,  4576 Oak Ave  ,Dallas,TX,U.S.A.,24026,it,Systems Administrator,Charles Moore,On Leave,Hybrid,2024-12-02,2022-07-15,2.2,High School,92472.57,4929.3,0.32,5.0,94.8,9.4,10,15,3,20,1,good,Wells Fargo,Checking,Nancy Jackson,540-540-9065,MARRIED,Mexican,Shift 1,Full-Time,12.0,WS-12-64,True,Kaiser Permanente,N/A,2026-07-02 20:21:02
888,EMP-57960,Joseph,  Martin  ,JOSEPH MARTIN,Non-Binary,21.0,2005-08-22,JOSEPH.MARTIN@COMPANY.COM,(489) 794-9031,1011 Park Ave,Boston,ma,U.S.A.,25300,IT,Support Agent,Joseph Perez,On Leave,REMOTE,2019-02-05,,9.5,Bachelor's,93648.7,18358.54,0.24,2.0,92.9,8.2,7,75,4,16,7,EXCELLENT,Bank of America,CHECKING,Anthony Lopez,146-208-7921,Divorced,British,Day,contract,,,True,UnitedHealth,Completed leadership onboarding,2026-07-24 20:21:02
889,EMP-38990,Thomas,Harris,Thomas Harris,mALE,28.0,1997-10-30, thomas.harris@enterprise.org ,(505) 995-4014,2729 Oak Ave,Seattle,wa,U.S.A.,84427,Customer Support,Support Agent,Betty Smith,Terminated,Hybrid,2016-06-20,,8.2,PhD,102400.87,,0.32,4.0,86.8,0.8,1,46,4,20,3,EXCELLENT,Bank of America,Savings,Jessica Harris,907-945-1995,MARRIED,Canadian,Day,contract,7.0,WS-07-81,False,Cigna,High potential,2026-06-28 20:21:02
890,EMP-65016,Jessica,Jones,Jessica Jones,Male,42.0,1983-08-06,jessica.jones@corp.net,(873) 558-3394,9220 Oak Ave,New York,NY,U.S.A.,85798,legal,Legal Counsel,,Active,Hybrid,2015-10-09,2023-05-14,9.0,Masters,54606.09,3445.12,0.22,5.0,96.0,0.0,4,51,3,25,4,EXCELLENT,Chase,checking,Anthony Harris,,MARRIED,Mexican,Night,Full-Time,12.0,WS-12-75,True,UnitedHealth,,2026-07-16 20:21:02
891,EMP-80940,Margaret,Moore,Margaret Moore,Non-Binary,52.0,1974-07-17,margaret.moore@enterprise.org,928-826-7497,8181 Maple Rd,Dallas,TX,U.S.A.,99104,Sales,Product Manager,Mark Jones,Active,REMOTE,2020-12-09,2022-11-06,10.2,Master's,,10473.29,0.15,4.0,93.8,10.5,9,69,2,6,6,good,Chase,checking,Barbara Smith,543-784-1619,Married,German,Shift 1,contract,,,True,Blue Cross Blue Shield,High potential,2026-08-01 20:21:02
892,EMP-69808,Richard,  Garcia   ,Richard Garcia,Male,40.0,1985-07-04,richard.garcia@company.com,169-924-1569,3082 Park Ave,Atlanta,ga,United States,,Customer Support,Legal Counsel,Elizabeth Jones,active,remote,2014-10-07,2025-07-06,12.0,Masters,67077.08,10994.08,0.22,4.0,91.2,2.3,10,62,0,18,0,Good,Wells Fargo,Checking,Michael Anderson,394-849-6797,MARRIED,Mexican,Day,contract,,,False,Aetna,N/A,2026-06-11 20:21:02
893,EMP-92175,John,Rodriguez,JOHN RODRIGUEZ,Female,39.0,1986-11-16, john.rodriguez@corp.net ,327-969-5783,4441 Oak Ave,Chicago,IL,United States,17439,Sales,Operations Manager,Anthony Jones,On Leave,Onsite,2021-06-12,2023-04-06,9.5,Bachelors,51215.35,6409.52,0.24,2.0,100.0,2.0,6,54,2,18,6,Excellent,Capital One,CHECKING,Mary Clark,849-145-7318,Divorced,Indian,Shift 1,contract,10.0,WS-10-88,False,UnitedHealth,,2026-07-09 20:21:02
894,EMP-46741,Richard,Perez,Richard Perez,mALE,36.0,1989-04-16,richard.perez@corp.net,112-317-3720,4291 Maple Rd,Phoenix,az,usa,27799,Sales,Marketing Specialist,Robert Brown,Active,Onsite,2012-05-13,,16.1,Master's,86262.71,4868.27,0.15,5.0,88.4,0.4,5,51,4,6,5,Needs Improvement,TD BANK,Savings,Jessica Wilson,,single,Mexican,Night,Contract,2.0,WS-02-12,False,Kaiser Permanente,,2026-07-22 20:21:02
895,EMP-52394,William,Lewis,William Lewis,MALE,34.0,1991-11-02,WILLIAM.LEWIS@CORP.NET,674-440-6264,2474 Main St,New York,NY,USA,85150,IT,Senior Developer,Matthew Garcia,Active,REMOTE,2021-11-08,,0.5,Master's,67233.06,5547.25,0.15,5.0,93.5,2.3,4,16,4,6,10,Excellent,Bank of America,Savings,Sarah Miller,997-393-5382,MARRIED,American,Shift 2,PT,,,True,Cigna,,2026-07-01 20:21:02
896,EMP-25814,  Betty  ,Williams,Betty Williams,Male,33.0,1992-06-26,betty.williams@company.com,(142) 985-4344, 7659 Oak Ave,Philadelphia,PA,usa,19765,Finance,Marketing Specialist,Richard Gonzalez,Active,REMOTE,2014-06-30,2024-03-24,15.4,Bachelor's,67725.94,9405.17,0.24,1.0,105.0,0.4,5,53,5,8,11,Excellent,Chase,CHECKING,William Martin,363-562-7099,Married,Indian,Day,Full-Time,,,False,Blue Cross Blue Shield,Pending annual review,2026-07-23 20:21:02
897,EMP-58427,Linda,Miller,Linda Miller,Male,51.0,,linda.miller@company.com,245-444-6372,9251 Washington Blvd  ,Phoenix,az,usa,78312,Engineering,Software Engineer,Michael Johnson,Terminated,Onsite,2022-10-17,2022-10-21,6.9,High School,92191.7,18138.03,0.32,4.0,95.4,4.9,10,51,5,10,11,Needs Improvement,Citibank,CHECKING,Charles Anderson,601-123-2932,Married,American,Shift 1,Part-Time,14.0,WS-14-55,True,Aetna,Transferred from regional branch,2026-06-08 20:21:02
898,EMP-68318,Jennifer,Taylor,Jennifer Taylor,Male,36.0,1990-01-12, jennifer.taylor@enterprise.org ,575-388-5997,8995 Main St,San Diego,ca,US,54199,Finance,Operations Manager,William Ramirez,Active,Remote,2019-04-17,2024-07-20,8.8,Masters,78340.74,10872.92,0.22,5.0,97.1,0.0,7,25,4,27,2,Excellent,CAPITAL ONE,Savings,Charles Martinez,815-862-9229,single,British,Shift 1,Contract,,,False,Blue Cross Blue Shield,Pending annual review,2026-06-24 20:21:02
899,EMP-93326,Anthony,Robinson,Anthony Robinson,Female,43.0,1982-11-15,anthony.robinson@company.com,401-429-5663,8217 Main St,Dallas,TX,usa,55563,Human Resources,Data Analyst,Linda Gonzalez,ACTIVE,remote,2022-07-23,,7.1,High School,56773.29,5251.72,0.15,3.0,88.9,12.1,4,11,5,23,12,good,Chase,Savings,Barbara Taylor,236-799-9456,Divorced,German,Night,FT,,,True,Kaiser Permanente,High potential,2026-07-15 20:21:02
900,EMP-90192,Sandra,Williams,Sandra Williams,NON-BINARY,43.0,1983-11-22,sandra.williams@enterprise.org,554-483-7942,2133 Park Ave,Denver,co,US,,legal,HR Specialist,Joseph Harris,ACTIVE,Remote,2020-02-19,,5.1,BS,72356.61,,0.22,3.0,95.4,4.9,10,80,5,19,9,satisfactory,WELLS FARGO,savings,Christopher Garcia,,Divorced,Mexican,day,FT,,,True,UnitedHealth,,2026-06-23 20:21:02
901,EMP-91863,Thomas,Sanchez,Thomas Sanchez,Female,28.0,1998-05-10,thomas.sanchez@company.com,463-673-6237,723 Maple Rd,Atlanta,ga,United States,75796,Legal,   Operations Manager   ,Charles Gonzalez,Active,hybrid,2020-03-17,2022-08-23,2.6,MS,99243.17,7137.35,0.15,4.0,92.5,5.7,6,61,3,11,2,Needs Improvement,Wells Fargo,Checking,Richard Ramirez,172-996-6700,single,British,day,contract,7.0,WS-07-36,False,Blue Cross Blue Shield,Pending annual review,2026-07-20 20:21:02
902,EMP-77700,Susan,Perez,Susan Perez,Male,35.0,1991-05-30,susan.perez@company.com,(741) 664-7661,8525 Washington Blvd,Philadelphia,pa,U.S.A.,26141,Legal,Support Agent,James Harris,Terminated,REMOTE,2015-11-14,2025-01-21,,bachelor,97920.6,11899.14,0.24,5.0,91.1,5.0,1,77,3,6,6,Good,TD Bank,Checking,Margaret Thompson,173-755-3844,Married,British,Shift 2,Full-Time,,,True,UnitedHealth,Completed leadership onboarding,2026-06-12 20:21:02
903,EMP-44107,Christopher,Smith,Christopher Smith,female,27.0,1998-03-07,christopher.smith@company.com,708-459-4122,5396 Main St,LOS ANGELES,CA,U.S.A.,26700,Marketing,Software Engineer,Sarah Jackson,ACTIVE,remote,2013-09-06,2022-06-07,18.6,MS,58187.85,6990.13,0.15,4.0,98.7,0.6,1,53,2,5,5,EXCELLENT,Chase,Savings,Sarah White,947-814-2593,Divorced,American,Shift 2,PT,,,True,Kaiser Permanente,Transferred from regional branch,2026-06-13 20:21:02
904,EMP-35144,David,Davis,David Davis,Male,35.0,1990-06-10, david.davis@corp.net ,180-400-2703,6402 Maple Rd,Chicago,IL,United States,38723,Finance,Legal Counsel,Lisa Lee,On Leave,REMOTE,2024-04-01,,,MS,65904.11,13113.91,0.32,5.0,89.8,0.0,10,27,0,24,5,good,Capital One,savings,David Jackson,747-349-5143,MARRIED,British,day,Part-Time,,,True,Kaiser Permanente,N/A,2026-06-11 20:21:02
905,EMP-75826,William,Rodriguez,William Rodriguez,female,31.0,1995-05-01,william.rodriguez@enterprise.org,132-769-3449,8417 Oak Ave,Dallas,TX,USA,90757,Engineering,Legal Counsel,Sarah Brown,active,Remote,2022-08-08,2021-04-05,7.3,Masters,94155.83,11891.56,0.24,3.0,96.0,0.0,3,44,3,20,2,EXCELLENT,TD BANK,checking,John Lewis,681-379-6935,Married,Indian,Shift 1,PT,,,True,UnitedHealth,,2026-07-24 20:21:02
906,EMP-99185,Mark   ,Ramirez,Mark Ramirez,Prefer Not to Say,41.0,1984-04-19,mark.ramirez@enterprise.org,(477) 433-8038,1380 Maple Rd,Denver,CO,United States,56532,OPERATIONS,Software Engineer,Jessica Miller,On Leave,hybrid,2013-08-13,2020-06-16,2.5,PhD,57384.92,,0.22,3.0,100.0,12.1,6,74,1,11,5,Needs Improvement,WELLS FARGO,checking,Nancy Williams,688-380-1644,single,British,Shift 2,FT,3.0,WS-03-39,True,Kaiser Permanente,,2026-06-17 20:21:02
907,EMP-16156,Joseph,Gonzalez,Joseph Gonzalez,Non-Binary,39.0,1987-10-11, joseph.gonzalez@enterprise.org ,(328) 808-8176,7939 Oak Ave,Atlanta,GA,usa,58921,IT,Software Engineer,Sandra Thomas,Active,REMOTE,2022-07-13,,0.5,PhD,69363.95,,0.32,1.0,95.5,4.6,7,23,4,17,10,good,Capital One,Savings,Jessica Davis,636-677-1962,Divorced,Canadian,Shift 2,PT,,,False,UnitedHealth,N/A,2026-08-04 20:21:02
908,EMP-92638,Christopher,Lee,Christopher Lee,Non-Binary,37.0,1989-09-15, christopher.lee@company.com ,(947) 932-4759,2172 Main St,Houston,TX,US,52642,Sales,Legal Counsel,Susan Rodriguez,ACTIVE,Onsite,2018-05-09,,9.7,Bachelors,92826.07,8946.97,0.24,1.0,95.0,12.6,7,36,0,20,0,EXCELLENT,Chase,savings,Charles Smith,956-551-5354,Single,Canadian,NIGHT,Full-Time,7.0,WS-07-96,False,Kaiser Permanente,High potential,2026-07-01 20:21:02
909,EMP-52724,Susan,Jackson,Susan Jackson,Male,51.0,1975-06-04,susan.jackson@enterprise.org,588-437-4849,7668 Oak Ave,New York,NY,usa,88456,Product,Accountant,David Lewis,ACTIVE,remote,2013-05-23,,9.8,Bachelors,72385.26,7653.95,0.24,5.0,100.0,6.4,2,55,3,30,9,Excellent,cHASE,Checking,Lisa Martin,427-245-7648,Single,Mexican,Shift 2,FT,,,True,Cigna,Transferred from regional branch,2026-06-21 20:21:02
910,EMP-72202,Robert,Lewis,Robert Lewis,prefer not to say,41.0,1985-11-12,robert.lewis@company.com,(667) 192-4737,6390 Oak Ave,New York,NY,United States,94128,IT,Sales Executive,Lisa Lee,active,hybrid,2017-05-16,,7.5,Bachelor's,64704.35,8084.49,0.24,1.0,96.2,0.0,2,4,3,26,11,EXCELLENT,Capital One,CHECKING,Betty Williams,193-641-4321,MARRIED,German,day,FT,6.0,WS-06-34,False,UnitedHealth,,2026-07-31 20:21:02
911,EMP-83588,Jessica,Moore,Jessica Moore,MALE,37.0,1988-06-19,jessica.moore@corp.net,(638) 717-2303,   1193 Oak Ave ,Chicago,IL,United States,81606,engineering,Support Agent,Sandra Sanchez,On Leave,REMOTE,2020-01-17,2022-07-19,13.6,PhD,76722.22,14768.82,0.24,,91.3,5.4,3,4,3,9,12,Good,Capital One,Checking,Michael Thomas,698-406-2304,Married,American,day,PT,,,False,UnitedHealth,Pending annual review,2026-07-27 20:21:02
912,EMP-59083,David,Martinez,dAVID mARTINEZ,Non-Binary,35.0,1990-09-23,david.martinez@company.com,(422) 640-8064,3598 Main St,BOSTON,ma,United States,23046,MARKETING,Data Analyst,Daniel Davis,Active,hybrid,2021-06-06,2020-08-09,9.6,Bachelor's,79461.82,12808.52,0.22,2.0,100.0,0.0,10,3,4,22,3,satisfactory,td bank,savings,Charles Jackson,324-311-1765,Single,Canadian,day,contract,10.0,WS-10-20,False,Blue Cross Blue Shield,,2026-06-08 20:21:02
913,EMP-76867,Robert,Moore,Robert Moore,Male,19.0,2006-07-28,robert.moore@corp.net,655-354-7049,8696 Washington Blvd,Dallas,tx,U.S.A.,87722,Engineering,Legal Counsel,Mary Garcia,On Leave,Hybrid,2018-02-17,,8.6,Master's,97923.57,12675.88,0.32,3.0,94.5,3.6,10,23,5,29,7,EXCELLENT,Bank of America,savings,Sandra Lopez,248-915-3505,Divorced,Mexican,day,PT,1.0,WS-01-21,False,Kaiser Permanente,Pending annual review,2026-07-23 20:21:02
914,EMP-94862,Nancy,Martin,Nancy Martin,Prefer Not to Say,35.0,1990-04-20,nancy.martin@company.com,(448) 383-6314,2923 Washington Blvd,Houston,TX,United States,44154,legal,  Systems Administrator   ,Richard Wilson,ACTIVE,Hybrid,2018-11-10,2024-05-12,6.8,Masters,94727.53,5569.76,0.24,4.0,91.4,6.4,2,32,0,10,2,satisfactory,Bank of America,checking,Mark Clark,527-111-7176,MARRIED,British,Shift 1,Part-Time,3.0,WS-03-85,,UnitedHealth,N/A,2026-08-03 20:21:02
915,EMP-45563,Sarah,Taylor,Sarah Taylor,Prefer Not to Say,32.0,1993-04-22,sarah.taylor@enterprise.org,233-542-4499,694 Park Ave,Denver,CO,USA,72446,Marketing,Software Engineer,Barbara Martin,active,Onsite,2022-06-07,2024-10-01,5.6,Masters,84195.61,,0.32,1.0,94.1,0.0,4,26,1,29,4,Excellent,TD BANK,savings,Lisa Jones,598-816-5730,single,German,Night,Full-Time,9.0,WS-09-74,,Aetna,,2026-06-13 20:21:02
916,EMP-98934,Mary,Brown,Mary Brown,pREFER nOT TO sAY,24.0,2001-03-27,mary.brown@corp.net,444-580-8761,624 Maple Rd,Dallas,tx,United States,,hr,Support Agent,Jennifer Thomas,Active,hybrid,2018-10-21,,7.7,High School,73022.17,9842.2,0.32,3.0,99.9,12.4,3,59,0,25,5,satisfactory,Chase,Checking,Charles Rodriguez,857-651-3297,Married,British,Night,PT,5.0,WS-05-65,False,Kaiser Permanente,Completed leadership onboarding,2026-07-10 20:21:02
917,EMP-93465,Sarah,Harris,Sarah Harris,Prefer Not to Say,40.0,1985-11-15,SARAH.HARRIS@ENTERPRISE.ORG,566-709-4311,8946 Main St,Los Angeles,CA,U.S.A.,26783,Product,Data Analyst,Lisa Brown,Active,Remote,2016-12-02,2025-01-24,5.5,Bachelors,58072.81,3800.83,0.24,5.0,92.1,0.0,5,24,1,12,5,Needs Improvement,Chase,Savings,Mark Taylor,428-875-6558,MARRIED,British,Day,Full-Time,,,False,Blue Cross Blue Shield,Completed leadership onboarding,2026-07-04 20:21:02
918,EMP-87416,Daniel,Taylor,DANIEL TAYLOR,Prefer Not to Say,33.0,1993-02-03,daniel.taylor@corp.net,605-650-4189,9628 Park Ave,San Antonio,tx,usa,84319,Operations,Systems Administrator,James Thomas,ACTIVE,REMOTE,2023-06-22,2022-09-23,9.8,Bachelors,121981.52,19952.65,0.22,,91.4,0.0,6,19,5,27,6,Good,Citibank,checking,Sandra Hernandez,297-844-3917,Divorced,American,Shift 1,Contract,,,False,Kaiser Permanente,Transferred from regional branch,2026-07-17 20:21:02
919,EMP-75647,Betty,Moore,Betty Moore,Non-Binary,33.0,,betty.moore@corp.net,(917) 326-8418,4757 Oak Ave,Boston,MA,United States,96432,human resources,Product Manager,Jennifer Perez,Active,REMOTE,2024-05-20,2020-05-10,7.7,MS,82915.98,9360.45,0.24,2.0,96.3,5.7,3,19,0,20,2,EXCELLENT,Wells Fargo,CHECKING,,493-105-3905,Married,British,Shift 2,contract,,,True,Blue Cross Blue Shield,Pending annual review,2026-06-19 20:21:02
920,EMP-35002,Joseph,Moore,Joseph Moore,Female,20.0,2006-01-06,joseph.moore@company.com,(987) 878-1120,2196 Maple Rd,New York,NY,United States,87656,Engineering,Data Analyst  ,Mary Rodriguez,Active,remote,2017-09-17,,21.2,MS,92864.89,6016.64,0.15,5.0,93.7,0.0,3,73,2,6,1,EXCELLENT,Bank of America,Savings,Mark White,871-930-2983,MARRIED,German,NIGHT,Part-Time,,,False,Kaiser Permanente,High potential,2026-07-24 20:21:02
921,EMP-74868,Linda   , Hernandez ,Linda Hernandez,nON-bINARY,34.0,,linda.hernandez@corp.net,909-283-9850,5403 Main St,Los Angeles,CA,United States,91137,Human Resources,Operations Manager,Betty Williams,Active,Onsite,2014-05-19,2021-02-24,11.7,Masters,88543.63,7203.08,0.32,4.0,95.9,0.0,1,38,5,22,8,Excellent,Chase,checking,Richard Jones,130-744-1419,Married,German,Night,contract,8.0,WS-08-34,False,Kaiser Permanente,Pending annual review,2026-07-27 20:21:02
922,EMP-58922,Christopher,  White,Christopher White,Male,38.0,1987-03-15,christopher.white@company.com,418-923-5440,9545 Washington Blvd,seattle,wa,US,36495,Finance,Systems Administrator,Margaret Johnson,Active,Onsite,2020-11-18,2025-09-18,10.8,High School,40165.93,6993.65,0.15,2.0,93.1,31.9,5,5,2,5,2,good,Chase,savings,Margaret Taylor,427-802-1995,single,German,NIGHT,Part-Time,3.0,WS-03-53,False,Kaiser Permanente,High potential,2026-07-17 20:21:02
923,EMP-53558,Anthony,Lee,Anthony Lee,Non-Binary,40.0,1985-12-16,anthony.lee@enterprise.org,963-595-3385,1660 Maple Rd,sAN jOSE,CA,U.S.A.,39205,Customer Support,Legal Counsel,Michael Smith,Active,remote,2022-03-05,2022-03-18,2.5,Bachelors,55289.21,4226.59,0.15,5.0,90.2,5.2,7,33,2,24,8,EXCELLENT,Bank of America,Checking,David Moore,547-465-6973,single,German,Shift 1,contract,,,True,UnitedHealth,High potential,2026-06-09 20:21:02
924,EMP-48883,Matthew,Thompson,Matthew Thompson,Female,,1996-01-16,matthew.thompson@enterprise.org,(638) 315-2185,4767 Park Ave,BOSTON,MA,U.S.A.,45374,Finance,Accountant,Christopher Jackson,Terminated,remote,2018-08-21,,8.7,MS,70895.43,3582.12,0.24,,89.1,7.1,8,68,5,26,6,satisfactory,WELLS FARGO,savings,Michael Moore,,Divorced,German,day,Part-Time,,,False,Blue Cross Blue Shield,High potential,2026-07-03 20:21:02
925,EMP-87472,Lisa,Lewis,Lisa Lewis,Prefer Not to Say,29.0,1997-01-12,lisa.lewis@corp.net,(796) 402-4167,1391 Maple Rd,Houston,TX,USA,,Customer Support,Sales Executive,Charles Martinez,Active,remote,2021-12-08,2023-10-25,2.4,BS,69873.19,5539.26,0.32,2.0,92.3,34.0,2,50,0,30,6,Good,Citibank,checking,Mark Anderson,113-506-4483,Divorced,British,day,FT,,,True,Blue Cross Blue Shield,High potential,2026-06-13 20:21:02
926,EMP-63580,Joseph,Jackson,Joseph Jackson,Prefer Not to Say,36.0,1989-10-18,joseph.jackson@corp.net,452-525-4041,4760 Washington Blvd,Seattle,WA,U.S.A.,47971,Marketing,Accountant,Mary Brown,On Leave,REMOTE,2021-07-13,2020-07-03,10.2,Masters,91938.93,9213.93,0.15,4.0,95.7,0.1,5,78,5,22,10,satisfactory,Chase,savings,Patricia Taylor,491-408-9093,MARRIED,German,Shift 1,FT,,,False,Blue Cross Blue Shield,Pending annual review,2026-06-09 20:21:02
927,EMP-36568,Nancy,Garcia,Nancy Garcia,Female,38.0,1988-10-04,nancy.garcia@enterprise.org,545-528-8488,8104 Oak Ave,Houston,tx,USA,74856,Marketing,Senior Developer,John Rodriguez,On Leave,remote,2019-11-28,2025-04-07,10.8,MS,112132.95,20709.45,0.15,2.0,92.6,13.2,5,43,5,19,2,Good,TD Bank,Checking,Joseph Wilson,835-288-7925,MARRIED,German,Day,Full-Time,,,False,Cigna,Transferred from regional branch,2026-06-30 20:21:02
928,EMP-42015,Michael, Taylor   ,Michael Taylor,Prefer Not to Say,,1968-07-16,michael.taylor@corp.net,436-188-9774,9416 Washington Blvd,Houston,TX,usa,50315,Operations,Sales Executive,Charles Williams,active,Remote,2012-04-20,2024-12-10,19.4,High School,51479.6,6862.0,0.15,3.0,93.3,0.0,7,9,3,17,10,satisfactory,TD BANK,Checking,Richard Miller,638-457-4175,single,American,NIGHT,Full-Time,,,False,Blue Cross Blue Shield,Transferred from regional branch,2026-08-04 20:21:02
929,EMP-51219,Betty,Lee,Betty Lee,Prefer Not to Say,63.0,1962-09-17,BETTY.LEE@COMPANY.COM,(570) 168-4530,9407 Oak Ave,Dallas,TX,usa,46867,Sales,Sales Executive,Sarah Lewis,active,REMOTE,2012-07-09,,7.8,bachelor,79884.22,15515.91,0.24,2.0,87.4,11.9,8,66,1,14,5,satisfactory,TD Bank,Savings,,213-241-9468,single,Canadian,Shift 2,PT,,,False,Blue Cross Blue Shield,,2026-06-17 20:21:02
930,EMP-36038,Betty,Moore,Betty Moore,Non-Binary,40.0,1986-10-10, betty.moore@company.com ,376-309-2957,5371 Washington Blvd,Boston,MA,United States,41276,Marketing, Product Manager  ,Jessica Martinez,active,Onsite,2016-11-30,2024-10-06,,High School,43582.37,6175.68,0.32,1.0,100.0,14.8,6,29,0,26,0,good,Citibank,Checking,,,MARRIED,Indian,Shift 2,Contract,5.0,WS-05-39,False,Kaiser Permanente,Pending annual review,2026-06-05 20:21:02
931,EMP-95882,Sandra,Thomas,Sandra Thomas,Non-Binary,34.0,1992-03-11,sandra.thomas@enterprise.org,(868) 813-2290,  3046 Oak Ave,Boston,ma,USA,76026,Marketing,Software Engineer,Susan Martin,Active,Hybrid,2012-08-22,,2.3,BS,57976.74,4166.81,0.24,5.0,85.4,0.0,9,42,0,25,1,satisfactory,Citibank,CHECKING,Lisa Davis,174-932-2068,Married,German,Shift 2,FT,9.0,WS-09-54,True,UnitedHealth,,2026-06-06 20:21:02
932,EMP-73238,Susan,Robinson,susan robinson,Male,37.0,1988-01-15,susan.robinson@corp.net,(542) 969-5403,8590 Oak Ave,Houston,TX,U.S.A.,69108,Sales,Sales Executive,William Garcia,Active,hybrid,2023-06-25,2025-05-17,15.6,BS,82108.64,11266.22,0.15,3.0,100.0,4.2,10,33,5,21,9,Needs Improvement,bank of america,Checking,Thomas Harris,,single,British,NIGHT,Part-Time,10.0,WS-10-39,False,Cigna,,2026-08-03 20:21:02
933,EMP-43045,   Jennifer  ,Thomas,Jennifer Thomas,Non-Binary,32.0,1993-08-10, jennifer.thomas@corp.net ,322-520-4789,6444 Washington Blvd,Phoenix,AZ,USA,43774,Legal,   Legal Counsel,Barbara Sanchez,Active,Hybrid,2023-07-18,,11.5,Bachelor's,75504.22,3850.6,0.24,5.0,87.3,3.0,2,5,2,21,7,good,Capital One,CHECKING,Lisa Rodriguez,167-662-5580,single,British,NIGHT,FT,2.0,WS-02-43  ,False,Blue Cross Blue Shield,High potential,2026-07-09 20:21:02
934,EMP-35431,Mark,Jones,Mark Jones,MALE,18.0,2008-11-30,mark.jones@enterprise.org,443-592-7284,560 Oak Ave,San Antonio,TX,usa,22642,Finance,Legal Counsel,Barbara Lewis,Terminated,REMOTE,2023-05-17,2023-05-07,11.0,Bachelor's,76437.62,7812.88,0.32,5.0,97.4,19.9,3,68,4,25,0,Needs Improvement,Bank of America,savings,Patricia Smith,528-111-3693,MARRIED,Mexican,Day,Contract,,,False,Aetna,Pending annual review,2026-06-15 20:21:02
935,EMP-34047,Robert,Rodriguez,Robert Rodriguez,MALE,40.0,1986-08-11,robert.rodriguez@corp.net,166-615-7034,7334 Washington Blvd,LOS ANGELES,CA,usa,60310,Customer Support,Accountant,Karen Sanchez,ACTIVE,hybrid,2022-06-03,2024-06-03,2.5,Bachelor's,79676.96,12913.22,0.22,5.0,100.0,12.7,5,4,1,18,10,satisfactory,Chase,Savings,David Perez,850-655-8611,Married,British,NIGHT,Contract,1.0,WS-01-75,False,Blue Cross Blue Shield,N/A,2026-07-12 20:21:02
936,EMP-92382,William,Robinson,William Robinson,Non-Binary,30.0,1996-06-17,william.robinson@corp.net,760-317-3131,3422 Washington Blvd,Austin,tx,United States,32701,Sales,  Legal Counsel,Charles Johnson,Active,Onsite,2023-09-07,,6.8,bachelor,35000.0,4803.18,0.22,1.0,90.5,20.2,5,35,5,21,12,Excellent,Capital One,Checking,,420-251-9364,Single,American,day,Full-Time,7.0,WS-07-30,False,UnitedHealth,Pending annual review,2026-07-31 20:21:02
937,EMP-92354,Nancy,Sanchez,Nancy Sanchez,Female,45.0,1981-09-16, nancy.sanchez@corp.net ,458-366-7014,8216 Main St,Atlanta,GA,usa,67721,legal,Software Engineer,Sandra Robinson,ACTIVE,Hybrid,2022-11-05,2023-12-18,6.5,High School,73803.48,14230.8,0.24,4.0,97.5,3.9,2,60,5,29,1,satisfactory,TD Bank,CHECKING,Barbara Ramirez,757-513-2751,single,Mexican,Day,PT,9.0,WS-09-72,True,Kaiser Permanente,High potential,2026-06-08 20:21:02
938,EMP-66274,Robert,Davis,Robert Davis,prefer not to say,57.0,1968-03-21,robert.davis@enterprise.org,109-150-1304,  9459 Maple Rd   ,Phoenix,AZ,USA,15039,Marketing,Software Engineer,Sandra Wilson,Active,Hybrid,2021-06-27,2020-12-03,9.4,PhD,93791.59,7128.26,0.22,4.0,90.5,0.5,2,35,3,5,1,Excellent,Citibank,checking,Mark Wilson,818-260-3110,MARRIED,Canadian,Night,FT,3.0,WS-03-16,True,Blue Cross Blue Shield,N/A,2026-06-13 20:21:02
939,EMP-75444,   Susan,Davis,SUSAN DAVIS,mALE,36.0,1990-12-06,SUSAN.DAVIS@ENTERPRISE.ORG,(457) 616-4058,7417 Park Ave,Austin,TX,US,79398,Sales,Operations Manager,Karen Taylor,Active,hybrid,2016-11-09,,5.4,PhD,47828.52,7856.48,0.22,2.0,89.6,6.8,6,39,0,29,3,Needs Improvement,citibank,checking,Elizabeth Sanchez,916-443-5871,Divorced,Canadian,Night,Contract,2.0,WS-02-35,True,Blue Cross Blue Shield,Pending annual review,2026-07-16 20:21:02
940,EMP-86529,Karen,Brown,Karen Brown,Prefer Not to Say,27.0,1999-08-02,karen.brown@enterprise.org,100-382-6134,4719 Oak Ave,Denver,CO,U.S.A.,58461,Marketing,HR Specialist,Betty Robinson,active,Hybrid,2016-07-05,2022-11-13,5.1,PhD,48581.49,3306.49,0.32,5.0,84.4,8.6,4,53,4,10,0,EXCELLENT,CAPITAL ONE,Savings,Barbara Thompson,482-341-6111,Single,Canadian,day,FT,15.0,WS-15-12,False,Kaiser Permanente,,2026-07-19 20:21:02
941,EMP-14603,John,Miller,John Miller,Prefer Not to Say,49.0,1976-08-15,john.miller@enterprise.org,(438) 837-4992,8036 Park Ave,Los Angeles,ca,US,13362,Customer Support,Sales Executive,Karen Smith,Active,Remote,2019-05-28,2021-10-22,12.9,Bachelors,59418.15,3643.16,0.15,1.0,96.0,11.3,2,79,5,16,3,good,Bank of America,Checking,Joseph Thomas,368-106-9592,MARRIED,Indian,Shift 1,contract,,,True,Blue Cross Blue Shield,N/A,2026-07-17 20:21:02
942,EMP-52253,Lisa,Williams,Lisa Williams,Female,39.0,1987-04-18,lisa.williams@company.com,(935) 665-9981,8147 Maple Rd,San Antonio,tx,U.S.A.,22581,Operations,HR Specialist,Nancy Miller,On Leave,Hybrid,2019-10-13,2024-07-24,4.7,Bachelor's,58514.33,10471.82,0.22,,98.4,0.0,3,21,0,18,4,good,bank of america,savings,Jessica Garcia,613-346-7827,MARRIED,German,Shift 1,contract,2.0,WS-02-13,True,Aetna,Completed leadership onboarding,2026-06-22 20:21:02
943,EMP-10598,Jennifer,Wilson,Jennifer Wilson,mALE,36.0,1990-10-06,jennifer.wilson@company.com,187-816-8236,5751 Washington Blvd,San Diego,CA,United States,65603,Product,HR Specialist,David Thompson,active,Hybrid,2015-02-07,2020-06-15,14.0,Bachelor's,66151.54,4369.14,0.22,1.0,93.3,30.6,9,7,0,25,2,Excellent,cHASE,Savings,Lisa Harris,910-933-7804,Married,American,Day,Full-Time,1.0,WS-01-66,False,Blue Cross Blue Shield,Completed leadership onboarding,2026-08-01 20:21:02
944,EMP-14513,Charles,  Robinson,Charles Robinson,Non-Binary,50.0,1976-12-11,charles.robinson@enterprise.org,(946) 265-6629,8352 Washington Blvd,New York,ny,United States,53450,Operations,Product Manager,Michael Jackson,On Leave,Remote,2024-07-04,,0.5,Bachelor's,53898.21,10411.13,0.15,5.0,95.6,0.0,2,32,3,27,8,Needs Improvement,Chase,checking,Matthew Wilson,679-457-4725,Divorced,Mexican,NIGHT,Part-Time,,,False,Blue Cross Blue Shield,Pending annual review,2026-06-09 20:21:02
945,EMP-39863,Susan,White,Susan White,Male,28.0,1998-12-01,susan.white@corp.net,924-892-2147,3236 Washington Blvd,Atlanta,ga,usa,45407,Customer Support,Sales Executive,John Brown,Active,remote,2022-08-28,,4.0,PhD,66528.03,6927.35,0.32,2.0,88.2,0.0,7,13,0,14,2,EXCELLENT,bank of america,Savings,Sandra Thompson,339-675-7398,MARRIED,American,Shift 1,PT,,,False,Blue Cross Blue Shield,Completed leadership onboarding,2026-06-10 20:21:02
946,EMP-95435,Betty,Moore,Betty Moore,Male,28.0,1997-09-24,betty.moore@enterprise.org,(637) 201-5235,4395 Maple Rd,Phoenix,az,U.S.A.,88927,Product,Accountant,Barbara Brown,ACTIVE,REMOTE,2014-05-30,2022-07-23,11.5,bachelor,48852.6,9141.23,0.24,1.0,87.0,0.0,10,20,3,19,7,satisfactory,CITIBANK,checking,Sarah Martin,946-762-7743,single,American,Day,Full-Time,,,True,Aetna,Completed leadership onboarding,2026-07-03 20:21:02
947,EMP-68311,John,Sanchez,John Sanchez,Female,31.0,1995-08-12,john.sanchez@enterprise.org,405-149-1848,5525 Main St,San Jose,CA,United States,45636,Product,Software Engineer,,Terminated,REMOTE,2012-08-03,2022-01-17,11.7,Master's,71061.56,12737.62,0.32,2.0,92.7,0.0,1,33,0,23,0,Excellent,Wells Fargo,savings,Nancy Harris,607-558-3239,single,Mexican,NIGHT,FT,,,True,Blue Cross Blue Shield,N/A,2026-06-14 20:21:02
948,EMP-35518,Matthew,Johnson,Matthew Johnson,Prefer Not to Say,,1988-06-24,matthew.johnson@enterprise.org,(560) 872-5812, 6298 Maple Rd,Seattle,WA,US,,Sales,Accountant,Robert Wilson,active,Onsite,2013-11-01,,0.5,Bachelor's,84894.11,14522.55,0.22,1.0,96.9,18.6,8,73,2,27,12,good,Wells Fargo,Checking,Lisa Harris,714-904-8348,Single,American,Shift 2,PT,8.0,WS-08-41,False,Kaiser Permanente,N/A,2026-07-26 20:21:02
949,EMP-96358,Michael,Brown,,Male,51.0,1974-03-22, michael.brown@enterprise.org ,705-805-4229,8029 Washington Blvd,Seattle,WA,USA,76486,Operations,Accountant,Anthony Gonzalez,On Leave,Onsite,2022-02-08,,2.8,Master's,67072.09,12328.4,0.24,5.0,94.2,12.1,9,20,3,13,0,Needs Improvement,Bank of America,checking,Elizabeth Miller,287-629-9551,Divorced,Mexican,day,Full-Time,1.0,WS-01-75,True,Cigna,,2026-07-20 20:21:02
950,EMP-51084,Jessica ,Jackson,Jessica Jackson,male,37.0,1988-07-27,jessica.jackson@corp.net,(103) 208-3007,3028 Park Ave,Chicago,IL,U.S.A.,94956,Sales,Product Manager,Karen Harris,Active,REMOTE,2023-02-02,2024-04-11,7.5,bachelor,99405.66,15611.24,0.32,2.0,89.6,14.5,6,63,0,22,2,good,wELLS fARGO,savings,,642-366-7704,single,British,Shift 2,Contract,,,False,Aetna,Completed leadership onboarding,2026-06-06 20:21:02
951,EMP-85927,  John  ,Lee,John Lee,MALE,47.0,1978-06-15,john.lee@corp.net,408-176-6267,2085 Oak Ave,Philadelphia,PA,United States,18566,IT,Operations Manager,Thomas Robinson,Terminated,hybrid,2013-01-26,,5.1,BS,65686.1,7550.82,0.22,1.0,86.1,13.0,2,27,2,5,10,satisfactory,Bank of America,savings,Thomas Harris,394-938-5718,single,Mexican,Night,FT,8.0,WS-08-71,False,UnitedHealth,N/A,2026-06-05 20:21:02
952,EMP-85011,Sandra,Hernandez,Sandra Hernandez,Non-Binary,44.0,1982-12-05,sandra.hernandez@enterprise.org,194-589-9190,9766 Maple Rd,Los Angeles,CA,U.S.A.,34285,Operations,Support Agent,Anthony Garcia,Active,Onsite,2018-12-16,,2.2,Master's,90094.67,17202.42,0.24,4.0,96.0,0.0,4,11,3,22,0,Needs Improvement,Chase,CHECKING,Jennifer Rodriguez,733-749-8765,single,German,Shift 2,Contract,4.0,WS-04-26,True,Kaiser Permanente,,2026-07-14 20:21:02
953,EMP-89591,Charles,Johnson,Charles Johnson,Non-Binary,42.0,1983-10-30,charles.johnson@company.com,(337) 842-5417,1854 Washington Blvd,San Antonio,TX,usa,80764,Legal, Data Analyst,James Robinson,Active,Onsite,2024-08-09,,4.8,BS,41778.33,4593.46,0.24,3.0,97.5,6.4,10,2,0,20,5,Excellent,WELLS FARGO,Checking,John Anderson,125-399-4901,MARRIED,American,Shift 1,Full-Time,3.0,WS-03-70,True,UnitedHealth,Pending annual review,2026-06-09 20:21:02
954,EMP-78270,Jessica,Martin,Jessica Martin,Male,46.0,1980-05-29,jessica.martin@corp.net,384-768-1741,6435 Oak Ave,New York,ny,United States,92601,Finance,Systems Administrator,Mary White,Active,Hybrid,2020-06-15,2021-07-21,0.5,Masters,78404.04,7280.52,0.22,2.0,99.8,10.0,9,31,5,12,3,Good,TD Bank,savings,Mary Harris,802-788-4552,Married,German,Shift 2,Contract,7.0,WS-07-22,False,UnitedHealth,Completed leadership onboarding,2026-06-07 20:21:02
955,EMP-19386,Anthony,Anderson,Anthony Anderson,Male,31.0,1994-03-27,anthony.anderson@corp.net,(984) 775-3330,7265 Oak Ave,PHOENIX,AZ,U.S.A.,88970,fINANCE,Senior Developer,Robert Smith,Active,REMOTE,2022-12-28,2020-05-27,8.1,BS,74052.59,8229.18,0.24,1.0,87.1,0.0,10,39,2,13,11,Good,Bank of America,CHECKING,Mark Lee,327-600-3405,Married,Canadian,Night,Part-Time,,,False,Aetna,,2026-07-12 20:21:02
956,EMP-68640,Christopher,Lee,Christopher Lee,Female,28.0,1997-03-20,christopher.lee@enterprise.org,530-358-6674,5867 Washington Blvd  ,San Antonio,TX,usa,22269,Human Resources,Accountant,Linda Davis,Active,hybrid,2020-05-04,,5.2,Master's,35000.0,3351.69,0.15,2.0,95.2,3.0,8,24,5,9,0,satisfactory,TD Bank,Savings,Mary Williams,566-333-9848,Married,German,Shift 2,Full-Time,13.0,WS-13-60,False,Blue Cross Blue Shield,,2026-07-09 20:21:02
957,EMP-47200,Sarah,Moore,Sarah Moore,Prefer Not to Say,27.0,1998-04-11,sarah.moore@corp.net,182-188-1294,3501 Park Ave,Chicago,IL,U.S.A.,,IT,Product Manager,Robert Martin,Terminated,Hybrid,2023-03-25,2022-02-21,7.5,BS,62940.7,11888.77,0.15,4.0,96.6,0.0,4,76,5,17,9,EXCELLENT,Chase,savings,Richard Martinez,882-213-2210,single,British,NIGHT,contract,14.0,WS-14-42,False,Aetna,Pending annual review,2026-06-16 20:21:02
958,EMP-59133,Sandra,Robinson,sandra robinson,male,44.0,1981-07-23, sandra.robinson@enterprise.org ,890-981-9705,1424 Oak Ave,Phoenix,AZ,U.S.A.,45047,MARKETING,Software Engineer,Michael Moore,ACTIVE,hybrid,2016-12-20,,10.9,Bachelors,66797.48,12143.0,0.22,2.0,96.4,0.0,2,2,5,24,7,Excellent,TD Bank,CHECKING,Karen Lee,829-644-3808,Single,American,Day,Contract,13.0,WS-13-22,False,UnitedHealth,Transferred from regional branch,2026-08-03 20:21:02
959,EMP-46897,Nancy,Lee  ,Nancy Lee,Prefer Not to Say,48.0,1977-02-03, nancy.lee@enterprise.org ,908-825-5562,4005 Oak Ave,cHICAGO,il,US,43887,Legal,HR Specialist,Barbara Smith,On Leave,Remote,2016-05-25,,10.2,PhD,112179.55,11875.95,0.24,3.0,99.9,6.1,2,63,5,14,11,Needs Improvement,Bank of America,Checking,Margaret Williams,546-831-9396,single,Canadian,NIGHT,Full-Time,,,False,Aetna,Pending annual review,2026-06-23 20:21:02
960,EMP-51434,Jessica,Lopez,Jessica Lopez,Prefer Not to Say,32.0,1993-08-05,jessica.lopez@corp.net,(429) 943-8236,3902 Maple Rd,Dallas,tx,United States,27862,Finance,Accountant,Sandra Harris,On Leave,Hybrid,2013-09-15,,8.2,Masters,61550.29,4380.41,0.24,4.0,96.1,5.7,8,53,0,28,12,good,Chase,Savings,Barbara Brown,343-409-3825,MARRIED,British,Night,PT,9.0,WS-09-75,True,Kaiser Permanente,High potential,2026-07-29 20:21:02
961,EMP-67051,Karen,Wilson,Karen Wilson,Female,41.0,1985-07-22,karen.wilson@corp.net,556-946-7949,1976 Oak Ave,Austin,TX,usa,99671,Operations,Senior Developer,Richard Wilson,On Leave,REMOTE,2015-07-15,2024-02-14,0.5,Bachelors,83068.74,16039.5,0.32,3.0,91.1,0.0,9,23,2,27,4,Good,Citibank,checking,Elizabeth Sanchez,,Married,Indian,NIGHT,FT,,,True,Aetna,Completed leadership onboarding,2026-07-02 20:21:02
962,EMP-20136,Linda,Thomas,linda thomas,Non-Binary,32.0,1993-11-17, linda.thomas@corp.net ,969-945-8786,9121 Oak Ave,Chicago,IL,U.S.A.,16223,Engineering,Marketing Specialist,Mary Robinson,On Leave,REMOTE,2012-05-25,2021-01-12,10.2,Bachelor's,76575.55,13954.73,0.24,1.0,100.0,6.3,1,54,1,20,1,Needs Improvement,chase,Savings,John Martin,391-382-9900,single,Indian,NIGHT,FT,,,False,Cigna,Pending annual review,2026-06-15 20:21:02
963,EMP-99601,Mary,Perez,MARY PEREZ,non-binary,40.0,1985-11-23,mary.perez@enterprise.org,379-268-2059,9191 Washington Blvd,Denver,CO,United States,79284,Engineering,Software Engineer,David Rodriguez,Active,remote,2016-08-07,2025-04-28,4.1,bachelor,78142.56,11583.67,0.24,3.0,95.9,9.8,4,55,0,17,2,EXCELLENT,Bank of America,savings,Mary Jones,,Married,Indian,Night,FT,,,False,Blue Cross Blue Shield,,2026-06-24 20:21:02
964,EMP-67963,Susan,Smith,Susan Smith,prefer not to say,33.0,1993-08-28,susan.smith@corp.net,292-380-5395,1499 Maple Rd,San Jose,ca,usa,34475,Legal,Legal Counsel,Susan Lee,Active,Hybrid,2019-06-22,2023-06-01,4.9,Bachelor's,86518.09,7711.48,0.15,5.0,94.3,9.4,1,29,3,12,4,EXCELLENT,Capital One,savings,Mark Williams,679-323-3020,Married,Canadian,Shift 2,Part-Time,5.0,WS-05-51,True,UnitedHealth,Completed leadership onboarding,2026-07-24 20:21:02
965,EMP-60625,William,Rodriguez,William Rodriguez,Non-Binary,43.0,1982-12-03,william.rodriguez@corp.net,726-211-6925,8074 Park Ave,San Antonio,TX,USA,22516,IT,Software Engineer,Nancy White,Active,Remote,2019-09-18,2020-09-11,12.1,BS,81486.8,10564.5,0.22,3.0,92.3,3.2,2,39,3,6,6,good,Wells Fargo,checking,Mary Sanchez,893-790-1309,Single,German,day,contract,,,False,Cigna,N/A,2026-07-07 20:21:02
966,EMP-10917,Christopher,Martinez,,Prefer Not to Say,24.0,2001-11-14,christopher.martinez@company.com,244-966-7089,8323 Main St,Los Angeles,CA,United States,24316,Sales,HR Specialist,Sandra Perez,Active,remote,2022-11-30,2021-05-16,14.1,High School,81417.53,7418.43,0.15,3.0,94.2,0.2,9,4,0,28,10,satisfactory,Bank of America,savings,Anthony Jones,557-204-5368,Married,American,Night,PT,,,True,UnitedHealth,Transferred from regional branch,2026-06-19 20:21:02
967,EMP-75975,Elizabeth,Williams,Elizabeth Williams,Female,48.0,1978-12-15,elizabeth.williams@company.com,(128) 577-9390,2197 Main St,Los Angeles,ca,US,96793,Customer Support,HR Specialist,Michael Brown,Active,Remote,2017-01-15,,12.7,Masters,84746.1,15571.83,0.15,3.0,100.0,10.4,9,65,5,12,1,satisfactory,bank of america,Checking,David Clark,450-992-6078,Married,Mexican,Shift 1,Contract,,,True,Kaiser Permanente,Completed leadership onboarding,2026-07-22 20:21:02
968,EMP-80221,Joseph,Thompson,joseph thompson,Non-Binary,41.0,1985-06-24,JOSEPH.THOMPSON@ENTERPRISE.ORG,698-270-1854,1096 Washington Blvd,Boston,MA,usa,88446,Operations,Operations Manager,William Johnson,On Leave,Remote,2023-06-08,2020-12-25,3.6,High School,64169.82,12228.92,0.22,5.0,94.6,4.5,1,58,3,9,1,Needs Improvement,Capital One,Checking,Susan Wilson,458-758-1915,single,British,Shift 1,Part-Time,,,False,Blue Cross Blue Shield,High potential,2026-07-08 20:21:02
969,EMP-99489,Mark,Thomas,Mark Thomas,Non-Binary,43.0,1982-04-06, mark.thomas@corp.net ,(516) 704-9473,1992 Park Ave,Los Angeles,CA,United States,33626,marketing,Software Engineer,Nancy Rodriguez,Active,REMOTE,2017-12-23,2025-04-01,12.4,Bachelor's,61633.1,6882.29,0.24,,94.7,5.6,10,20,0,30,7,Excellent,Citibank,savings,Richard Hernandez,921-584-2888,Divorced,Indian,Night,PT,,,True,Blue Cross Blue Shield,Completed leadership onboarding,2026-07-09 20:21:02
970,EMP-51096,John,Anderson,John Anderson,Female,45.0,1981-05-11, john.anderson@corp.net ,452-727-4588,   1317 Main St,Los Angeles,ca,US,91878,Operations,Senior Developer,Thomas Robinson,Active,Remote,2013-11-13,,7.7,Master's,47208.02,2546.35,0.15,1.0,100.0,0.0,5,43,5,23,3,Needs Improvement,Citibank,CHECKING,Sandra Robinson,634-773-5957,Divorced,German,Shift 1,FT,,,True,Cigna,Pending annual review,2026-06-08 20:21:02
971,EMP-99024,Mary,Smith,Mary Smith,Non-Binary,30.0,1995-02-06,mary.smith@enterprise.org,112-848-8461,7092 Park Ave,San Diego,CA,United States,18362,Sales,Sales Executive,Joseph Lopez,Active,Onsite,2012-12-25,2024-08-07,8.2,High School,73637.22,8579.9,0.22,4.0,96.2,0.0,10,8,1,16,5,Excellent,CAPITAL ONE,savings,Barbara Miller,939-607-5098,Divorced,American,Day,contract,15.0,WS-15-52,False,Cigna,Transferred from regional branch,2026-07-17 20:21:02
972,EMP-85712,Anthony,Garcia,Anthony Garcia,Female,18.0,2007-06-02,ANTHONY.GARCIA@COMPANY.COM,838-174-3234,3287 Park Ave,Chicago,IL,US,51020,human resources,Accountant,Patricia Martinez,ACTIVE,hybrid,2013-04-04,,6.3,Bachelors,97496.74,16967.04,0.24,5.0,100.0,0.0,9,25,1,14,9,Good,CHASE,CHECKING,Daniel Wilson,,Married,British,day,Full-Time,2.0,WS-02-63,True,Cigna,Completed leadership onboarding,2026-07-07 20:21:02
973,EMP-70722,Susan,Jones,Susan Jones,Female,28.0,1998-04-18,susan.jones@corp.net,(763) 699-3233,6725 Park Ave,San Diego,ca,USA,61579,Operations,Accountant,Nancy Anderson,Active,hybrid,2020-03-11,2025-02-23,12.6,Bachelor's,59771.4,4917.0,0.22,3.0,93.1,10.7,5,39,1,8,3,Excellent,CAPITAL ONE,checking,Sandra Gonzalez,530-612-4041,Married,German,NIGHT,Part-Time,10.0,WS-10-14,,Kaiser Permanente,N/A,2026-06-06 20:21:02
974,EMP-98003,Joseph   ,Martinez,Joseph Martinez,Male,39.0,1987-09-12,joseph.martinez@enterprise.org,360-670-2332, 7500 Main St,Philadelphia,PA,usa,11844,Marketing, Support Agent,Elizabeth Johnson,active,remote,2017-08-09,2021-11-30,5.6,BS,39376.83,7765.82,0.32,5.0,83.8,0.8,2,27,0,20,3,good,CITIBANK,CHECKING,Daniel Gonzalez,212-692-8202,single,Mexican,Shift 2,PT,,,True,Cigna,,2026-06-17 20:21:02
975,EMP-45499,John,Wilson,John Wilson,prefer not to say,47.0,1978-06-15,john.wilson@company.com,(843) 243-2395,411 Park Ave,Denver,CO,usa,30146,Human Resources,Marketing Specialist,Karen Jones,Active,Remote,2021-09-03,2024-08-23,10.6,PhD,65673.92,6039.49,0.24,1.0,87.4,0.0,7,65,3,12,7,EXCELLENT,Chase,CHECKING,Nancy Ramirez,614-567-8930,Divorced,Mexican,NIGHT,PT,,,True,Cigna,Transferred from regional branch,2026-06-19 20:21:02
976,EMP-29043,Nancy,Lopez,Nancy Lopez,Male,41.0,1985-11-12,nancy.lopez@enterprise.org,(220) 423-2108,1190 Main St,Los Angeles,ca,usa,18680,Operations,Product Manager,Richard Perez,Active,REMOTE,2024-09-17,2022-05-21,0.5,MS,70749.97,10202.58,0.22,4.0,100.0,4.2,3,55,5,18,12,good,Citibank,Checking,William Robinson,306-448-3241,MARRIED,German,Shift 1,Part-Time,,,False,Cigna,High potential,2026-06-08 20:21:02
977,EMP-63227,Robert,Harris,Robert Harris,Non-Binary,,1996-11-18,robert.harris@company.com,502-897-1726,2451 Park Ave,Seattle,WA,usa,25422,Customer Support,Software Engineer,Mary Williams,active,REMOTE,2012-04-26,2020-10-20,8.5,MS,84614.89,15215.69,0.24,1.0,100.0,2.1,3,55,1,12,7,Good,Chase,checking,Michael Jones,837-529-1164,single,Mexican,Shift 1,FT,,,True,Blue Cross Blue Shield,,2026-07-02 20:21:02
978,EMP-36823,Joseph,Clark,Joseph Clark,Prefer Not to Say,33.0,1992-05-27,joseph.clark@company.com,(436) 485-6009,1836 Maple Rd,New York,NY,US,74903,Finance,Software Engineer,Jessica Thompson,Active,Hybrid,2020-04-17,2020-03-10,5.6,PhD,77480.9,6880.72,0.22,5.0,91.9,18.3,10,50,2,10,4,satisfactory,Chase,Savings,Richard Lopez,431-181-2222,single,American,Day,contract,3.0,WS-03-27,False,Cigna,,2026-06-26 20:21:02
979,EMP-30559,Susan,Gonzalez,Susan Gonzalez,Male,50.0,1976-11-04,susan.gonzalez@enterprise.org,821-498-6907,4995 Washington Blvd,Seattle,WA,USA,96109,Human Resources,Accountant,Richard Moore,Active,remote,2018-03-04,2021-11-29,9.4,High School,51857.67,6370.81,0.24,3.0,88.3,9.1,10,37,5,7,3,Needs Improvement,Chase,CHECKING,Mary Taylor,243-830-9530,Married,British,NIGHT,contract,,,False,Blue Cross Blue Shield,N/A,2026-08-02 20:21:02
980,EMP-86898,Michael,Robinson,Michael Robinson,nON-bINARY,45.0,1981-10-05,MICHAEL.ROBINSON@ENTERPRISE.ORG,813-282-1742,811 Park Ave  ,San Antonio,TX,usa,18994,Human Resources,Software Engineer ,Betty Ramirez,active,Hybrid,2015-05-24,2024-12-31,15.0,Bachelor's,106147.54,6336.25,0.24,2.0,97.6,11.2,7,64,4,5,12,Needs Improvement,Chase,checking,Sandra Martin,259-489-1453,Single,German,NIGHT,PT,6.0,WS-06-47,False,Blue Cross Blue Shield,Pending annual review,2026-06-13 20:21:02
981,EMP-83309,Patricia,Brown,Patricia Brown,Prefer Not to Say,32.0,1994-06-01,patricia.brown@corp.net,873-677-8327,5779 Washington Blvd,Philadelphia,PA,usa,78653,Sales,Accountant,Margaret Jones,Active,hybrid,2024-02-20,,2.2,Bachelors,92001.59,12816.7,0.22,5.0,97.1,32.9,7,11,1,17,1,Good,chase,Checking,Michael Thomas,750-971-3430,Married,American,day,FT,15.0,WS-15-88,False,Cigna,,2026-07-15 20:21:02
982,EMP-68621,Sandra,Williams,sANDRA wILLIAMS,Female,26.0,2000-03-02,sandra.williams@enterprise.org,(388) 954-6524,9595 Maple Rd,San Diego,CA,USA,82191,Engineering,Operations Manager,Mary Lopez,active,Remote,2014-11-15,,10.3,MS,112344.48,7875.56,0.15,1.0,100.0,0.0,9,59,0,12,3,EXCELLENT,Bank of America,savings,Sandra Thomas,739-863-7880,MARRIED,Indian,NIGHT,Full-Time,,,False,Blue Cross Blue Shield,High potential,2026-06-26 20:21:02
983,EMP-96651,John,Smith,John Smith,PREFER NOT TO SAY,45.0,1981-06-23,john.smith@company.com,(307) 364-4326,919 Main St,Phoenix,az,USA,92142,Legal,Software Engineer,Sarah Davis,ACTIVE,Hybrid,2018-04-19,,12.9,PhD,87754.39,10042.9,0.24,2.0,97.2,3.4,3,64,3,28,3,good,Capital One,Savings,William Perez,165-926-6961,single,British,Day,contract,7.0,WS-07-55,False,UnitedHealth,Pending annual review,2026-06-12 20:21:02
984,EMP-13378,   Barbara,  Martinez   ,bARBARA mARTINEZ,Prefer Not to Say,24.0,2001-09-10,barbara.martinez@company.com,798-258-5562,2036 Maple Rd,Boston,ma,usa,35167,Legal,Senior Developer,Elizabeth Garcia,Active,Hybrid,2014-12-19,,13.3,BS,51109.54,8272.9,0.32,1.0,96.4,12.5,10,79,2,16,1,Excellent,chase,Savings,Christopher Ramirez,538-888-9867,single,Canadian,Shift 1,PT,5.0,WS-05-22  ,False,UnitedHealth,N/A,2026-06-05 20:21:02
985,EMP-74154,Mary,Martin,Mary Martin,non-binary,,1993-07-23,mary.martin@company.com,(235) 855-4143,1029 Oak Ave,Dallas,TX,US,45629,Sales,HR Specialist,Barbara Jackson,Active,remote,2013-08-29,2022-01-20,4.7,Bachelors,92278.93,8418.06,0.24,5.0,94.9,2.4,8,65,1,9,10,Needs Improvement,Wells Fargo,CHECKING,Patricia Harris,685-857-3044,single,Indian,Day,Contract,,,True,Blue Cross Blue Shield,Completed leadership onboarding,2026-06-28 20:21:02
986,EMP-39508,Lisa,Wilson,lISA wILSON,Non-Binary,42.0,1983-09-28,lisa.wilson@enterprise.org,163-161-6205,2750 Oak Ave,Phoenix,az,USA,64718,Finance,Product Manager,Christopher Martinez,ACTIVE,hybrid,2020-01-19,2022-06-27,5.1,bachelor,92622.93,10527.71,0.24,2.0,95.0,1.6,4,60,3,25,4,Excellent,Bank of America,savings,John Gonzalez,361-347-6635,Divorced,British,NIGHT,contract,7.0,WS-07-27,False,Kaiser Permanente,N/A,2026-07-13 20:21:02
987,EMP-80969,Thomas,Hernandez,Thomas Hernandez,mALE,25.0,2001-04-15,thomas.hernandez@enterprise.org,986-668-6478,2126 Main St,Houston,TX,USA,17164,mARKETING,Data Analyst,Patricia Ramirez,On Leave,Onsite,2022-02-23,2023-12-31,11.4,PhD,84437.25,12820.1,0.22,5.0,90.6,0.0,2,18,3,15,12,Excellent,TD Bank,Checking,Mary Lewis,920-973-9953,MARRIED,Indian,Day,Full-Time,6.0,WS-06-42,True,Aetna,Transferred from regional branch,2026-08-01 20:21:02
988,EMP-81011,Sandra,Gonzalez,SANDRA GONZALEZ,Female,52.0,1974-01-23,sandra.gonzalez@company.com,494-382-8035,7160 Maple Rd,San Jose,CA,US,83805,finance,Marketing Specialist,Thomas Lopez,Active,Remote,2020-04-04,2020-12-24,10.7,Bachelors,64845.33,11992.55,0.22,3.0,85.7,0.0,10,51,3,9,7,Excellent,Wells Fargo,savings,James Williams,,Divorced,Mexican,day,Part-Time,,,True,Aetna,Completed leadership onboarding,2026-07-15 20:21:02
989,EMP-87689,Karen,Davis,Karen Davis,pREFER nOT TO sAY,40.0,1985-12-26,karen.davis@enterprise.org,566-112-4087,7346 Park Ave,Boston,MA,United States,72329,Operations,Accountant,Mark Brown,Terminated,REMOTE,2024-12-05,,7.8,Master's,54385.74,3438.9,0.24,4.0,89.8,0.0,10,34,4,28,7,EXCELLENT,Capital One,Checking,Susan Jones,739-477-4794,Divorced,American,Shift 1,PT,,,False,Cigna,Completed leadership onboarding,2026-06-29 20:21:02
990,EMP-84213,William,Brown,William Brown,Male,46.0,1979-01-21,william.brown@enterprise.org,166-587-6821,3870 Park Ave,Boston,ma,US,92105,Customer Support,Sales Executive ,Sarah Jackson,On Leave,Remote,2022-09-01,2020-07-26,0.5,PhD,81285.66,9843.27,0.22,2.0,94.1,3.1,9,26,5,17,3,EXCELLENT,Bank of America,CHECKING,Robert Taylor,637-852-8031,Divorced,Canadian,NIGHT,FT,,,True,Kaiser Permanente,Transferred from regional branch,2026-07-20 20:21:02
991,EMP-61402,Robert,White,Robert White,non-binary,44.0,1981-02-10,robert.white@enterprise.org,647-922-9373,5758 Main St,dallas,TX,U.S.A.,40464,Human Resources,Operations Manager,,Active,remote,2024-04-18,2022-04-16,9.3,MS,88155.26,15486.95,0.32,5.0,94.7,11.3,10,32,4,8,7,good,Wells Fargo,checking,Thomas Lewis,621-233-4608,Single,Indian,NIGHT,Part-Time,,,False,Kaiser Permanente,High potential,2026-06-24 20:21:02
992,EMP-25592,Thomas,Robinson,Thomas Robinson,Female,28.0,1997-08-31, THOMAS.ROBINSON@ENTERPRISE.ORG ,(243) 939-6026,4264 Main St,Austin,tx,U.S.A.,56893,marketing,Marketing Specialist,,Active,Remote,2019-11-13,2021-11-23,5.0,Master's,63533.2,9338.65,0.22,5.0,93.6,0.0,4,0,1,6,7,Needs Improvement,Bank of America,Checking,Anthony Lee,366-251-5512,single,American,Night,contract,,,False,Cigna,Transferred from regional branch,2026-06-23 20:21:02
993,EMP-96565,Patricia,Ramirez,PATRICIA RAMIREZ,Prefer Not to Say,51.0,1974-02-22,patricia.ramirez@corp.net,512-346-2307,1644 Maple Rd,Los Angeles,ca,United States,16537,Engineering,Software Engineer,Anthony Wilson,On Leave,REMOTE,2014-04-10,,6.2,High School,52128.81,4525.2,0.24,3.0,97.7,1.0,2,61,5,20,8,EXCELLENT,Citibank,Checking,Lisa Rodriguez,586-525-6948,Divorced,Indian,Day,FT,,,False,UnitedHealth,High potential,2026-06-10 20:21:02
994,EMP-51032,Mary,Perez,mary perez,MALE,33.0,1992-03-11,mary.perez@corp.net,615-290-1107,2182 Maple Rd,New York,ny,USA,26309,IT,Support Agent,,Active,Remote,2023-06-22,2025-10-23,13.4,BS,84928.0,6405.85,0.22,4.0,100.0,0.0,9,72,2,11,4,Excellent,Wells Fargo,Checking,Jessica Johnson,929-824-6190,Single,German,Night,Full-Time,,,False,UnitedHealth,Pending annual review,2026-06-29 20:21:02
995,EMP-91121,  Linda,Ramirez,Linda Ramirez,Non-Binary,49.0,1976-03-11, linda.ramirez@company.com ,(225) 151-1074,9463 Washington Blvd,San Antonio,tx,United States,64840,IT,Legal Counsel ,Susan Sanchez,Terminated,Remote,2018-10-25,2024-02-09,13.7,Masters,47242.63,6201.72,0.32,1.0,98.8,0.4,5,66,4,27,6,Good,Bank of America,checking,Matthew Gonzalez,338-209-9751,Single,British,day,PT,,,,Kaiser Permanente,Pending annual review,2026-06-24 20:21:02
996,EMP-92744,Jennifer,Gonzalez,Jennifer Gonzalez,Male,47.0,,JENNIFER.GONZALEZ@ENTERPRISE.ORG,(212) 151-2105,4006 Oak Ave,Austin,TX,usa,33955,LEGAL,Systems Administrator,Sarah Ramirez,Terminated,hybrid,2020-12-08,2022-08-16,7.4,bachelor,99353.96,10745.77,0.22,5.0,96.3,47.8,6,68,2,6,7,Excellent,Wells Fargo,CHECKING,James Robinson,797-662-6810,Married,British,Shift 2,PT,13.0,WS-13-76,False,UnitedHealth,Completed leadership onboarding,2026-06-27 20:21:02
997,EMP-72095,Mary,Williams,Mary Williams,Female,43.0,1982-02-10,mary.williams@corp.net,767-928-3566,3939 Washington Blvd,New York,NY,US,78784,it,Operations Manager,Linda Hernandez,active,Remote,2024-03-20,,3.6,PhD,89849.18,10581.9,0.24,3.0,91.8,1.1,1,78,0,9,11,good,td bank,savings,Michael Lewis,282-152-7708,Married,Indian,Night,Contract,,,False,Blue Cross Blue Shield,Transferred from regional branch,2026-06-17 20:21:02
998,EMP-66220,Jessica,Rodriguez,Jessica Rodriguez,Female,39.0,1987-03-22,jessica.rodriguez@corp.net,446-554-7680,227 Main St,Atlanta,ga,United States,64968,Customer Support, Accountant,Lisa Rodriguez,Terminated,Remote,2023-11-27,2025-01-14,8.4,PhD,105470.51,10991.95,0.22,3.0,88.2,0.0,4,71,2,13,8,Excellent,Bank of America,CHECKING,Charles Smith,582-164-1601,single,Mexican,Day,contract,,,True,Kaiser Permanente,Transferred from regional branch,2026-07-01 20:21:02
999,EMP-37649,Charles,Perez,Charles Perez,Non-Binary,20.0,2006-05-27,CHARLES.PEREZ@COMPANY.COM,(323) 876-9310,8780 Washington Blvd,Phoenix,AZ,U.S.A.,42985,Human Resources,Legal Counsel,Linda Jones,Active,Hybrid,2014-04-14,2023-09-08,0.5,MS,96382.89,7551.66,0.24,1.0,91.1,27.5,10,31,4,28,9,Needs Improvement,Bank of America,Savings,Michael Anderson,598-309-4764,MARRIED,American,Shift 1,PT,3.0,WS-03-88,False,Kaiser Permanente,High potential,2026-07-02 20:21:02
1000,EMP-80287,James,Hernandez,James Hernandez,Non-Binary,41.0,1984-07-06,james.hernandez@company.com,(139) 384-9584,834 Maple Rd,san diego,CA,U.S.A.,80893,IT,HR Specialist,Mark Lee,On Leave,Remote,2016-05-21,2025-02-08,10.9,bachelor,72990.49,13829.35,0.15,1.0,105.0,3.1,7,1,2,23,1,Needs Improvement,Chase,CHECKING,,439-566-8336,Single,Mexican,Day,contract,,,True,Blue Cross Blue Shield,Pending annual review,2026-07-25 20:21:02
1001,EMP-64662,Robert,White,Robert White,male,23.0,2002-11-13,robert.white@corp.net,(706) 750-3932,7943 Washington Blvd,houston,TX,USA,52599,Customer Support,Legal Counsel,Mary Martinez,On Leave,Onsite,2020-03-06,,14.6,Master's,80952.1,10191.71,0.24,1.0,89.6,16.8,3,6,2,20,3,EXCELLENT,Capital One,CHECKING,Sarah Clark,229-495-4675,MARRIED,British,Shift 1,Full-Time,4.0,WS-04-39,False,Blue Cross Blue Shield,Pending annual review,2026-07-31 20:21:02
1002,EMP-47227,David,Miller,David Miller,Prefer Not to Say,28.0,1997-04-11,david.miller@company.com,(631) 432-4682,  4576 Oak Ave  ,Dallas,TX,U.S.A.,24026,it,Systems Administrator,Charles Moore,On Leave,Hybrid,2024-12-02,2022-07-15,2.2,High School,92472.57,4929.3,0.32,5.0,94.8,9.4,10,15,3,20,1,good,Wells Fargo,Checking,Nancy Jackson,540-540-9065,MARRIED,Mexican,Shift 1,Full-Time,12.0,WS-12-64,True,Kaiser Permanente,N/A,2026-07-02 20:21:02
1003,EMP-96925,Richard,Ramirez,Richard Ramirez,PREFER NOT TO SAY,34.0,1991-10-28,richard.ramirez@company.com,351-661-3539,3687 Oak Ave,Austin,tx,United States,67718,mARKETING,Marketing Specialist,James Ramirez,active,remote,2021-04-18,2022-02-26,2.1,High School,90918.13,13100.24,0.32,3.0,100.0,1.7,5,55,2,16,3,Good,Capital One,Savings,David Ramirez,819-352-9819,Single,Mexican,NIGHT,FT,,,False,Kaiser Permanente,Pending annual review,2026-06-20 20:21:02
1004,EMP-51219,Betty,Lee,Betty Lee,Prefer Not to Say,63.0,1962-09-17,BETTY.LEE@COMPANY.COM,(570) 168-4530,9407 Oak Ave,Dallas,TX,usa,46867,Sales,Sales Executive,Sarah Lewis,active,REMOTE,2012-07-09,,7.8,bachelor,79884.22,15515.91,0.24,2.0,87.4,11.9,8,66,1,14,5,satisfactory,TD Bank,Savings,,213-241-9468,single,Canadian,Shift 2,PT,,,False,Blue Cross Blue Shield,,2026-06-17 20:21:02
1005,EMP-15284,Michael,Martinez,Michael Martinez,Prefer Not to Say,32.0,1993-10-05,michael.martinez@company.com,231-893-4694,7807 Washington Blvd,Philadelphia,PA,USA,89731,Legal,Senior Developer,Matthew Lopez,ACTIVE,Remote,2015-09-25,2023-11-22,20.8,Master's,63715.05,,0.15,5.0,95.9,8.7,9,10,5,28,12,EXCELLENT,Wells Fargo,savings,William Rodriguez,734-501-6992,Single,Indian,Day,contract,,,False,Blue Cross Blue Shield,High potential,2026-06-28 20:21:02
1006,EMP-99157,John,Lee,John Lee,Male,39.0,1987-12-25,john.lee@enterprise.org,(462) 232-2323,7864 Main St,Phoenix,az,USA,66846,Operations,Software Engineer,Nancy Moore,Active,Onsite,2016-01-17,,,Master's,92773.26,6171.22,0.15,5.0,92.4,3.3,6,53,4,20,2,Needs Improvement,Citibank,savings,Anthony Brown,564-538-9167,single,Indian,NIGHT,contract,13.0,WS-13-24,False,Cigna,Pending annual review,2026-07-10 20:21:02
1007,EMP-90573,Joseph,Lee,Joseph Lee,Male,44.0,1981-09-16,joseph.lee@corp.net,186-760-8475,9201 Main St,Boston,ma,U.S.A.,85856,Sales,Software Engineer,Christopher Sanchez,On Leave,Hybrid,2023-06-09,,0.5,Bachelor's,60369.73,7902.39,0.32,,89.9,3.6,10,24,1,23,2,good,Chase,checking,William Smith,333-628-6144,single,American,Night,Full-Time,12.0,WS-12-69,True,Aetna,,2026-07-18 20:21:02
1008,EMP-80387,William,Taylor,William Taylor,Non-Binary,55.0,1970-03-26,william.taylor@corp.net,817-697-5526,4991 Washington Blvd,Philadelphia,PA,US,52130,it,Marketing Specialist,Robert Lewis,ACTIVE,REMOTE,2020-06-04,2024-02-05,14.9,PhD,49154.75,8263.87,0.32,4.0,98.4,0.0,5,48,3,6,11,Needs Improvement,TD Bank,savings,Jessica Jones,451-145-3100,Single,American,NIGHT,Contract,,,True,Blue Cross Blue Shield,Completed leadership onboarding,2026-07-18 20:21:02
1009,EMP-28767,Christopher,Anderson,Christopher Anderson,Female,25.0,2001-12-30,christopher.anderson@corp.net,274-797-6673,1994 Park Ave,Chicago,IL,usa,58266,LEGAL,Sales Executive,Thomas Ramirez,Active,Hybrid,2014-01-29,,11.0,Masters,105615.02,17395.1,0.24,2.0,100.0,1.6,5,14,3,8,5,Needs Improvement,Wells Fargo,CHECKING,Joseph Miller,,Married,Indian,day,PT,1.0,WS-01-38,True,Blue Cross Blue Shield,Completed leadership onboarding,2026-06-13 20:21:02
1010,EMP-96898,Betty,Robinson,,pREFER nOT TO sAY,44.0,1982-12-28,betty.robinson@enterprise.org,(303) 612-8503,8773 Maple Rd,Dallas,tx,United States,61563,Engineering,Sales Executive,Elizabeth Davis,Terminated,Hybrid,2013-05-22,2024-05-04,14.8,Bachelors,66333.93,12760.49,0.24,4.0,96.0,17.3,10,80,5,12,6,Excellent,Capital One,checking,Sandra Martin,655-234-4387,MARRIED,Mexican,NIGHT,Part-Time,14.0,WS-14-27,True,Aetna,Completed leadership onboarding,2026-06-07 20:21:01
record_id,employee_id,first_name,last_name,full_name,gender,age,date_of_birth,email,phone_number,address,city,state,country,postal_code,department,job_title,manager_name,employment_status,work_location,hire_date,last_promotion_date,years_experience,education_level,salary,annual_bonus,tax_rate,performance_score,attendance_percentage,overtime_hours,project_count,training_hours,certification_count,vacation_days,sick_days,employee_rating,bank_name,account_type,emergency_contact,emergency_phone,marital_status,nationality,shift,contract_type,office_floor,workstation_id,laptop_assigned,insurance_provider,remarks,last_updated
1,EMP-93810,Patricia,Smith,PATRICIA SMITH,Male,,1983-04-06,patricia.smith@corp.net,818-658-7873,2715 Washington Blvd,Houston,tx,USA,30379,CUSTOMER SUPPORT,   Support Agent,Mary White,Active,remote,2013-10-07,2024-01-21,7.3,Bachelor's,87953.77,7404.37,0.15,2.0,100.0,1.7,6,20,2,16,3,satisfactory,Wells Fargo,Checking,Karen Lee,846-350-3677,Divorced,German,NIGHT,PT,,,True,Blue Cross Blue Shield,Pending annual review,2026-06-14 20:21:01
2,EMP-51347,   Richard  ,Rodriguez,Richard Rodriguez,PREFER NOT TO SAY,40.0,1986-07-29,richard.rodriguez@corp.net,324-241-9348,2604 Oak Ave,SAN DIEGO,ca,USA,65333,Product,Product Manager,Sarah Ramirez,ACTIVE,hybrid,2014-07-27,2022-12-28,13.1,Master's,63382.44,7302.59,0.24,5.0,92.4,0.0,5,64,4,11,2,Good,Bank of America,CHECKING,Sandra Smith,600-119-2832,Divorced,Canadian,Day,Part-Time,15.0,WS-15-82,True,Blue Cross Blue Shield,Transferred from regional branch,2026-07-27 20:21:01
3,EMP-96474,Jessica,Moore,Jessica Moore,Female,32.0,1994-11-19,jessica.moore@enterprise.org,(165) 446-1344,1263 Main St,San Jose,CA,USA,14117,Human Resources,Product Manager,Robert White,Terminated,REMOTE,2022-08-08,,3.4,MS,35000.0,2258.89,0.32,4.0,99.8,3.4,2,7,3,28,5,EXCELLENT,Bank of America,CHECKING,Joseph Jones,385-573-5092,Single,Indian,day,Full-Time,,,True,Kaiser Permanente,High potential,2026-06-06 20:21:01
4,EMP-40982,Jennifer,Wilson,jennifer wilson,prefer not to say,27.0,1999-04-11,jennifer.wilson@corp.net,835-598-3536,8983 Main St,Houston,TX,U.S.A.,17492,Legal,Legal Counsel,Thomas Williams,Active,REMOTE,2013-07-10,2022-08-21,9.6,bachelor,56839.52,3180.81,0.24,3.0,87.9,0.0,7,16,5,25,4,good,Wells Fargo,Checking,James Anderson,676-202-2200,MARRIED,British,Night,Contract,,,True,UnitedHealth,N/A,2026-06-12 20:21:01
5,EMP-81200,Daniel,Martinez,daniel martinez,Non-Binary,52.0,1973-05-18,daniel.martinez@company.com,(315) 834-6617,8104 Maple Rd,Houston,TX,U.S.A.,16658,Product,   Software Engineer ,Lisa Anderson,On Leave,REMOTE,2012-03-20,,6.9,BS,76350.56,13375.8,0.22,4.0,87.9,9.0,1,45,1,26,3,satisfactory,Chase,CHECKING,Mark Ramirez,735-867-3532,Married,Canadian,Night,FT,,,True,UnitedHealth,,2026-06-10 20:21:01
6,EMP-42527,William,Garcia,William Garcia,FEMALE,39.0,1986-12-25,william.garcia@company.com,385-985-2137,8885 Maple Rd,Denver,CO,usa,25118,Sales,  Marketing Specialist  ,Susan Martin,Active,remote,2024-12-06,,5.4,MS,,11895.73,0.22,3.0,99.7,1.0,10,40,5,8,11,Good,Capital One,savings,David Gonzalez,667-230-4143,single,German,NIGHT,Part-Time,,,False,Blue Cross Blue Shield,N/A,2026-07-08 20:21:01
7,EMP-86019,Karen,Lee,Karen Lee,Female,31.0,1995-11-11,KAREN.LEE@ENTERPRISE.ORG,(417) 330-4262,1293 Washington Blvd,chicago,il,usa,92544,Product,Accountant,Daniel Smith,active,Onsite,2021-07-14,,17.3,High School,74730.06,9984.75,0.15,4.0,89.7,0.3,9,76,2,29,7,Needs Improvement,TD Bank,savings,Anthony Robinson,262-861-8777,Married,German,Shift 1,PT,8.0,WS-08-90,False,UnitedHealth,Pending annual review,2026-07-15 20:21:01
8,EMP-80798,John,Jones,John Jones,Prefer Not to Say,35.0,1991-03-02,john.jones@enterprise.org,120-977-7232,6965 Park Ave,san diego,CA,usa,81582,Marketing,Marketing Specialist,James Gonzalez,ACTIVE,remote,2015-09-14,2021-06-06,9.9,High School,,5422.16,0.15,1.0,100.0,7.3,1,33,3,15,3,good,Wells Fargo,savings,William Harris,531-358-2341,MARRIED,American,Shift 1,Part-Time,,,True,Blue Cross Blue Shield,High potential,2026-07-23 20:21:01
9,EMP-12671,Karen,Jones,Karen Jones,Prefer Not to Say,24.0,2001-06-21,karen.jones@corp.net,(418) 210-1420,   6598 Oak Ave,Atlanta,GA,usa,49529,IT,Operations Manager,Barbara Moore,Active,Onsite,2023-05-07,2020-02-21,9.0,PhD,89769.33,17425.85,0.32,2.0,95.9,0.9,5,78,4,29,7,good,Citibank,CHECKING,William Hernandez,950-188-5569,Married,Indian,day,PT,11.0,WS-11-58,False,Aetna,,2026-06-14 20:21:01
10,EMP-43862,David,Rodriguez,david rodriguez,female,27.0,1999-05-16,david.rodriguez@company.com,911-117-2524,9628 Maple Rd,Phoenix,AZ,US,79588,Operations,Senior Developer,Elizabeth Rodriguez,ACTIVE,Remote,2019-01-28,,0.5,BS,90474.01,14547.38,0.24,1.0,92.3,4.4,5,1,5,22,2,Good,Chase,CHECKING,Elizabeth Thompson,753-989-9042,Single,Mexican,Shift 1,FT,,,False,Aetna,High potential,2026-06-10 20:21:01
11,EMP-72616,Patricia   ,Clark  ,Patricia Clark,Prefer Not to Say,41.0,1984-08-19,patricia.clark@enterprise.org,539-412-1986,3557 Maple Rd,San Jose,ca,United States,30585,OPERATIONS,Software Engineer,Daniel Martin,Active,Remote,2018-06-18,2025-02-02,0.5,bachelor,81481.68,13703.12,0.22,4.0,93.1,0.0,5,18,0,6,2,Good,Capital One,CHECKING,Sandra Martinez,579-805-5982,Divorced,Mexican,day,FT,,,False,Blue Cross Blue Shield,,2026-06-27 20:21:01
12,EMP-42816,James,Williams,James Williams,Male,31.0,1994-10-03,james.williams@company.com,285-699-8141,5800 Washington Blvd,Austin,TX,usa,97835,Finance,Senior Developer,Nancy Gonzalez,Terminated,Onsite,2022-03-14,,11.1,Bachelor's,95619.99,10578.08,0.15,5.0,99.7,14.8,10,63,5,19,12,EXCELLENT,Bank of America,Savings,Sandra Martinez,,MARRIED,Canadian,NIGHT,Part-Time,5.0,WS-05-80,True,Blue Cross Blue Shield,Completed leadership onboarding,2026-07-04 20:21:01
13,EMP-48254,Thomas,Thompson,Thomas Thompson,Female,35.0,1991-06-05,thomas.thompson@company.com,524-448-9318,9716 Park Ave,Phoenix,az,US,74178,Legal,Sales Executive,Matthew Moore,Active,Remote,2017-05-10,2022-08-14,4.9,MS,44836.93,7250.39,0.32,4.0,100.0,0.7,3,63,0,9,8,Needs Improvement,Wells Fargo,savings,Patricia Taylor,115-839-3361,Married,American,Shift 2,Contract,,,False,Cigna,,2026-06-22 20:21:01
14,EMP-79942,Richard,Hernandez,Richard Hernandez,mALE,26.0,1999-10-22,RICHARD.HERNANDEZ@CORP.NET,820-993-2646,853 Maple Rd,San Diego,ca,USA,48452,pRODUCT,Legal Counsel,Nancy Sanchez,Active,Onsite,2020-07-30,2022-09-13,2.0,BS,91250.52,13293.9,0.15,4.0,100.0,0.0,8,44,4,14,10,good,TD Bank,checking,Michael Gonzalez,209-342-7248,MARRIED,British,NIGHT,Contract,1.0,WS-01-94,True,Blue Cross Blue Shield,Transferred from regional branch,2026-06-12 20:21:01
15,EMP-47512,Matthew,Sanchez,Matthew Sanchez,Non-Binary,37.0,1989-11-06,matthew.sanchez@company.com,416-907-8222,4935 Maple Rd,New York,NY,USA,33021,Operations,Sales Executive,Sandra Rodriguez,Active,remote,2018-08-14,2023-10-19,13.0,PhD,82232.72,5847.86,0.32,5.0,91.8,0.0,9,15,3,16,10,satisfactory,TD Bank,savings,Anthony Lee,210-791-4830,MARRIED,Mexican,Shift 1,PT,,,True,Cigna,Completed leadership onboarding,2026-07-09 20:21:01
16,EMP-25292,Robert,Johnson,ROBERT JOHNSON,Female,41.0,1985-12-14,robert.johnson@enterprise.org,770-201-9017,6170 Oak Ave,San Jose,CA,USA,40947,Human Resources,Systems Administrator,Richard Rodriguez,Active,remote,2014-01-20,2020-03-28,15.7,Master's,74283.48,5117.28,0.15,5.0,100.0,7.4,6,18,4,5,4,Excellent,Bank of America,Savings,Patricia Perez,234-115-6869,Married,Mexican,Shift 1,Full-Time,,,True,Aetna,Completed leadership onboarding,2026-07-28 20:21:01
17,EMP-18330,Jessica,Anderson,Jessica Anderson,Male,34.0,1992-11-05, jessica.anderson@enterprise.org ,967-511-7984,1304 Main St,AUSTIN,TX,usa,29442,Sales,Operations Manager,David Gonzalez,Terminated,Hybrid,2022-03-05,2024-10-28,7.7,Bachelor's,46624.99,6883.6,0.22,4.0,100.0,7.1,8,51,3,28,1,Good,Citibank,checking,Barbara Jones,585-168-2494,Single,Indian,Day,contract,12.0,WS-12-57,True,Kaiser Permanente,Transferred from regional branch,2026-07-28 20:21:01
18,EMP-63845,Barbara,Ramirez,Barbara Ramirez,Non-Binary,35.0,1991-08-15,barbara.ramirez@company.com,(965) 669-7022,9290 Park Ave,Los Angeles,CA,usa,94239,IT,Senior Developer,Jennifer Rodriguez,Active,Hybrid,2019-11-15,,9.8,MS,104557.88,16849.02,0.15,5.0,92.4,2.6,6,39,5,15,12,Needs Improvement,CAPITAL ONE,Checking,Robert Garcia,150-790-2336,single,Indian,day,FT,7.0,WS-07-44,True,Blue Cross Blue Shield,N/A,2026-06-28 20:21:01
19,EMP-73783,Thomas,Perez,thomas perez,Female,35.0,1990-05-21, thomas.perez@enterprise.org ,279-232-7229,1280 Washington Blvd,Dallas,TX,US,15544,Legal,Sales Executive,Charles Gonzalez,On Leave,Hybrid,2014-08-01,2023-08-23,5.9,PhD,85028.97,15982.51,0.15,2.0,100.0,0.0,5,43,1,15,12,Excellent,Chase,Checking,Thomas Taylor,894-457-6752,Married,Canadian,Day,Part-Time,5.0,WS-05-35,True,Blue Cross Blue Shield,Pending annual review,2026-06-25 20:21:01
20,EMP-74764,Joseph,Harris,Joseph Harris,Non-Binary,40.0,1985-06-04,joseph.harris@enterprise.org,(157) 460-9312, 6141 Maple Rd   ,Los Angeles,CA,USA,60394,Operations,Senior Developer,Joseph Robinson,ACTIVE,Remote,2019-03-18,2025-08-15,9.6,Bachelors,102437.24,17582.84,0.15,5.0,95.9,22.6,8,67,4,24,2,Good,Wells Fargo,savings,Susan Harris,712-153-6482,Single,Mexican,NIGHT,FT,,,False,Kaiser Permanente,Pending annual review,2026-06-28 20:21:01
21,EMP-96980,Robert,Robinson,Robert Robinson,Male,30.0,1995-12-03,robert.robinson@corp.net,639-195-7937,3609 Maple Rd,Dallas,TX,United States,73736,Finance,Marketing Specialist,Patricia Taylor,active,hybrid,2023-10-23,,6.4,BS,67157.84,4911.78,0.22,4.0,87.7,17.0,8,78,2,29,11,good,Bank of America,checking,Margaret Sanchez,955-298-7026,MARRIED,Indian,Shift 2,Contract,13.0,WS-13-58,False,Aetna,Transferred from regional branch,2026-07-19 20:21:01
22,EMP-16839,Christopher,Thomas,Christopher Thomas,Male,18.0,2007-10-07,CHRISTOPHER.THOMAS@CORP.NET,327-936-8391,6595 Park Ave,Atlanta,ga,USA,60615,Customer Support,Sales Executive,Anthony Thompson,active,Remote,2015-02-01,,9.7,PhD,67089.67,4751.22,0.32,,93.6,0.0,3,70,5,24,8,good,Chase,Savings,,529-754-8489,single,Mexican,day,Full-Time,,,True,UnitedHealth,,2026-06-29 20:21:01
23,EMP-64600,Jennifer,Perez,Jennifer Perez,Male,42.0,1984-10-12, jennifer.perez@enterprise.org ,453-346-2698,826 Maple Rd,Denver,CO,United States,94252,Legal,Product Manager,Margaret Jones,active,remote,2012-10-29,,7.2,bachelor,79298.78,7718.89,0.32,5.0,84.9,12.1,5,45,0,25,5,Good,Chase,savings,Mark Gonzalez,495-447-4060,single,British,day,Contract,,,True,Blue Cross Blue Shield,,2026-06-13 20:21:01
24,EMP-33652,Sarah,  Martinez,Sarah Martinez,Prefer Not to Say,40.0,1985-12-28,sarah.martinez@enterprise.org,176-787-7655,610 Oak Ave,Philadelphia,PA,United States,98878,eNGINEERING,Accountant,Barbara Lopez,Terminated,Onsite,2015-06-10,2024-02-28,7.6,Bachelor's,36624.58,4739.92,0.24,2.0,94.9,0.0,9,49,4,8,4,Good,TD Bank,CHECKING,Elizabeth Thompson,602-304-3009,Single,Indian,Night,contract,8.0,WS-08-21,False,Blue Cross Blue Shield,Transferred from regional branch,2026-06-08 20:21:01
25,EMP-49315,Betty,Garcia,Betty Garcia,FEMALE,38.0,1987-05-23,betty.garcia@enterprise.org,922-664-3126,7942 Park Ave,San Jose,ca,usa,63665,hr,Systems Administrator ,Mark Clark,ACTIVE,REMOTE,2016-01-30,2021-06-12,20.3,Bachelors,71152.78,9087.3,0.22,3.0,96.5,1.6,9,36,0,13,3,satisfactory,Capital One,checking,Karen Moore,756-272-3526,MARRIED,German,day,Contract,,,True,Blue Cross Blue Shield,,2026-06-29 20:21:01
26,EMP-44688,Christopher,Miller,Christopher Miller,Non-Binary,41.0,1984-09-07,christopher.miller@corp.net,261-550-7809,5221 Maple Rd,San Diego,CA,United States,55268,Finance,Legal Counsel,David Davis,Active,remote,2017-07-23,,8.0,MS,90345.94,10183.81,0.22,3.0,89.3,0.0,3,63,4,19,7,Good,citibank,savings,Thomas Anderson,,Divorced,Indian,day,contract,,,False,Blue Cross Blue Shield,High potential,2026-06-09 20:21:01
27,EMP-44664,Lisa,Lopez,Lisa Lopez,Female,30.0,1996-01-31,lisa.lopez@corp.net,221-231-2584,6090 Oak Ave,San Antonio,TX,U.S.A.,76731,engineering,HR Specialist,Margaret Thomas,Active,REMOTE,2023-07-25,,11.9,Master's,58963.44,11709.69,0.24,5.0,100.0,10.0,10,38,3,5,5,Good,TD BANK,savings,Charles Martinez,842-993-1436,Divorced,German,day,PT,,,True,Kaiser Permanente,,2026-06-25 20:21:01
28,EMP-91230,Matthew,Clark,Matthew Clark,MALE,43.0,1983-03-05,matthew.clark@corp.net,582-993-2020,7937 Park Ave,sEATTLE,wa,US,32699,Operations,Sales Executive,Betty White,active,hybrid,2017-12-05,2022-02-26,19.0,Masters,55189.27,4621.0,0.24,3.0,92.2,0.4,8,44,4,30,11,Good,wELLS fARGO,CHECKING,Richard Lewis,938-453-3399,Divorced,German,Day,Contract,15.0,WS-15-66,False,Kaiser Permanente,N/A,2026-06-21 20:21:01
29,EMP-45601,Robert,Brown,Robert Brown,Female,55.0,1971-02-28,ROBERT.BROWN@ENTERPRISE.ORG,(663) 261-7666,3367 Maple Rd,Austin,TX,usa,94659,Human Resources,Senior Developer,Sandra Johnson,Active,remote,2015-12-11,2020-05-28,12.4,MS,75182.89,5860.26,0.24,,93.2,0.0,6,36,3,25,8,Needs Improvement,Citibank,Savings,Betty Taylor,297-928-2845,single,German,Shift 1,contract,,,,UnitedHealth,N/A,2026-06-17 20:21:01
30,EMP-35318,Jennifer,Martin,Jennifer Martin,Male,44.0,1981-05-24,jennifer.martin@company.com,373-437-5947,3971 Main St,San Jose,ca,US,71000,Product,Senior Developer,Daniel Brown,Active,Hybrid,2016-12-14,,1.9,BS,85726.72,17001.81,0.32,5.0,90.4,4.9,10,10,4,19,8,satisfactory,WELLS FARGO,CHECKING,Patricia Johnson,617-307-9792,Divorced,Mexican,Shift 2,Full-Time,11.0,WS-11-36,False,Kaiser Permanente,,2026-07-06 20:21:01
31,EMP-27294,Thomas,Wilson   ,,Non-Binary,30.0,1996-08-15, thomas.wilson@enterprise.org ,170-583-1519,6235 Washington Blvd,Phoenix,AZ,usa,59479,oPERATIONS,  Sales Executive   ,,Active,Hybrid,2022-05-20,2024-10-03,6.4,bachelor,91270.34,9302.63,0.15,1.0,88.8,17.0,1,30,1,7,1,Needs Improvement,Chase,Checking,,549-339-9843,Single,Canadian,day,Contract,4.0,WS-04-83,False,Aetna,Completed leadership onboarding,2026-07-09 20:21:01
32,EMP-49387,William,Johnson,William Johnson,Prefer Not to Say,51.0,1974-12-19,william.johnson@corp.net,518-252-5913,3792 Maple Rd,San Antonio,TX,United States,28920,Engineering,Support Agent,Robert Gonzalez,Active,Hybrid,2013-10-09,2024-02-28,20.7,bachelor,68510.18,7301.49,0.15,1.0,94.0,22.8,9,27,3,11,5,Good,Chase,Savings,Lisa Brown,872-590-4974,Married,Indian,Night,PT,6.0,WS-06-46,False,UnitedHealth,Transferred from regional branch,2026-07-06 20:21:01
33,EMP-22924,Margaret,White,Margaret White,prefer not to say,40.0,,margaret.white@corp.net,256-300-6404,9121 Maple Rd,Houston,TX,usa,74044,Legal,Senior Developer,Jennifer Jones,On Leave,Remote,2024-02-28,2020-08-28,11.9,Bachelor's,50260.99,7550.83,0.32,2.0,88.4,12.9,1,27,4,19,5,EXCELLENT,Capital One,CHECKING,Sandra Thomas,116-106-9719,Single,American,day,contract,,,False,UnitedHealth,High potential,2026-06-21 20:21:01
34,EMP-98346,Susan,Sanchez,Susan Sanchez,FEMALE,44.0,1981-12-29,susan.sanchez@enterprise.org,349-813-4700,1631 Washington Blvd,Phoenix,AZ,USA,82443,Engineering,Data Analyst,Susan Lee,Terminated,Onsite,2023-11-05,2022-07-30,14.1,PhD,79525.77,15000.46,0.24,5.0,99.2,0.1,6,2,1,23,2,satisfactory,Citibank,checking,Jennifer Jackson,954-969-7375,MARRIED,British,Shift 2,contract,3.0,WS-03-98,False,Cigna,Pending annual review,2026-07-14 20:21:01
35,EMP-89320,Matthew,Martin,matthew martin,Non-Binary,40.0,1985-08-22,matthew.martin@enterprise.org,187-890-5839,2626 Washington Blvd,Denver,co,US,93086,Product,  Data Analyst,William Brown,Active,remote,2022-01-24,2025-09-29,4.4,Bachelors,112315.49,14952.89,0.24,,97.4,10.6,9,31,4,21,2,satisfactory,Citibank,checking,Elizabeth Rodriguez,164-271-8121,Divorced,Indian,Day,Contract,,,False,Cigna,Transferred from regional branch,2026-07-06 20:21:01
36,EMP-24021,Robert  ,Martinez,Robert Martinez,Female,45.0,1981-12-12,ROBERT.MARTINEZ@ENTERPRISE.ORG,852-811-9044,6537 Maple Rd,San Jose,CA,US,83905,Operations,   Legal Counsel,Margaret Martinez,Active,remote,2023-03-14,,3.2,Masters,59976.41,9433.42,0.15,4.0,89.3,13.7,9,53,4,6,12,Good,TD Bank,CHECKING,Karen Lee,211-887-5067,Divorced,Canadian,NIGHT,PT,,,True,Cigna,N/A,2026-07-08 20:21:01
37,EMP-23886,James,Brown,James Brown,Female,47.0,1979-11-27,JAMES.BROWN@CORP.NET,402-525-2406,5210 Maple Rd,Los Angeles,CA,US,37114,Customer Support,Product Manager,Joseph Hernandez,Active,hybrid,2014-07-31,,10.1,Bachelor's,91441.2,6826.37,0.22,5.0,100.0,1.0,8,29,3,25,2,Excellent,TD Bank,savings,James White,302-560-8037,Married,Canadian,Shift 1,contract,13.0,WS-13-18,True,Aetna,,2026-06-23 20:21:01
38,EMP-74157,Thomas,Lee,THOMAS LEE,Non-Binary,24.0,2002-11-21,thomas.lee@enterprise.org,420-220-4908,8469 Washington Blvd,PHOENIX,AZ,United States,28070,Product,Systems Administrator,Sandra Lee,Active,REMOTE,2015-09-28,2021-07-28,4.1,PhD,92573.47,16647.33,0.32,2.0,93.8,10.0,8,52,5,20,6,satisfactory,Citibank,Checking,Charles Smith,325-399-1535,MARRIED,British,Night,FT,,,False,Blue Cross Blue Shield,Transferred from regional branch,2026-06-16 20:21:01
39,EMP-81186,Anthony,Lopez,Anthony Lopez,Female,38.0,1988-10-31, anthony.lopez@enterprise.org ,(982) 936-2425,3538 Park Ave,San Diego,ca,United States,89988,Finance,Accountant,Margaret Johnson,Terminated,Hybrid,2024-01-31,,15.3,Masters,69706.86,6280.69,0.15,2.0,100.0,2.2,5,16,5,9,3,Excellent,TD Bank,Savings,Matthew Clark,601-245-5402,single,Indian,Day,contract,13.0,WS-13-21,False,UnitedHealth,,2026-07-15 20:21:01
40,EMP-86278,James,Ramirez,James Ramirez,Non-Binary,28.0,1998-02-12,james.ramirez@enterprise.org,390-445-9967,  893 Main St,sAN jOSE,CA,US,30707,Engineering,Support Agent,Daniel Robinson,ACTIVE,Hybrid,2015-07-26,2023-01-27,12.9,Master's,75839.6,8022.05,0.22,1.0,94.3,1.9,4,54,5,7,11,EXCELLENT,Chase,Checking,Robert Jackson,,Divorced,American,Shift 2,contract,3.0,WS-03-71 ,True,UnitedHealth,Pending annual review,2026-06-13 20:21:01
41,EMP-27451,Christopher,Perez,,Female,35.0,1991-10-06,christopher.perez@enterprise.org,(202) 243-3017,5252 Oak Ave,San Jose,CA,usa,94491,Operations,Senior Developer,,active,hybrid,2018-10-07,,11.6,bachelor,84464.75,7967.67,0.22,4.0,94.6,33.1,2,67,0,16,5,Excellent,Citibank,CHECKING,Susan Lopez,276-881-8717,Single,American,day,Full-Time,1.0,WS-01-43,True,Cigna,Transferred from regional branch,2026-06-20 20:21:01
42,EMP-75673,Matthew,Wilson,Matthew Wilson,Female,33.0,1993-06-07,matthew.wilson@company.com,954-765-2083,1048 Oak Ave,Phoenix,AZ,United States,89800,FINANCE,Senior Developer,James Garcia,Active,REMOTE,2023-08-08,2022-11-27,11.9,BS,95911.42,17361.79,0.15,1.0,93.3,3.8,5,73,5,7,7,good,Capital One,savings,Betty Jackson,261-361-2685,Single,Canadian,NIGHT,PT,,,True,Blue Cross Blue Shield,,2026-06-07 20:21:01
43,EMP-29671,Jennifer,   Robinson  ,Jennifer Robinson,Non-Binary,40.0,1986-01-17,jennifer.robinson@corp.net,147-510-2129,5462 Main St,Atlanta,ga,US,11044,Sales,Marketing Specialist,Linda Anderson,On Leave,Remote,2024-04-04,2022-10-01,1.8,MS,,10296.92,0.15,,96.9,8.4,5,13,1,21,3,good,Citibank,Savings,Daniel Rodriguez,337-965-9515,Divorced,Indian,NIGHT,Full-Time,,,True,Cigna,High potential,2026-08-01 20:21:01
44,EMP-67014,Nancy,Jones,Nancy Jones,Non-Binary,40.0,1985-03-18,nancy.jones@company.com,(268) 560-8635,7504 Maple Rd,Philadelphia,PA,United States,25717,Sales,Senior Developer,Michael Clark,Active,Onsite,2017-07-26,2024-06-11,4.0,Masters,96148.47,,0.32,4.0,95.3,0.0,2,17,0,5,0,Excellent,Bank of America,savings,Barbara Perez,760-186-5240,Single,American,Day,Part-Time,15.0,WS-15-92,True,UnitedHealth,,2026-07-25 20:21:01
45,EMP-85220,Susan,Clark,Susan Clark,nON-bINARY,46.0,1979-10-14,susan.clark@company.com,(402) 610-7750,6375 Oak Ave,Atlanta,ga,US,94233,Operations,Legal Counsel,Richard Sanchez,On Leave,REMOTE,2022-11-14,,13.3,Master's,55819.84,4296.59,0.22,1.0,100.0,0.0,8,67,2,29,9,Excellent,BANK OF AMERICA,Savings,William Moore,854-157-4594,single,British,Night,Part-Time,,,True,UnitedHealth,,2026-06-05 20:21:01
46,EMP-84403,Charles,Jones,Charles Jones,Prefer Not to Say,47.0,1978-02-08, charles.jones@company.com ,439-728-4300,1075 Main St,dENVER,CO,US,28566,Operations,Data Analyst,Nancy Gonzalez,Active,Hybrid,2019-03-27,,5.0,MS,81088.98,15739.32,0.22,5.0,96.3,24.4,4,75,1,17,4,satisfactory,TD Bank,Savings,Lisa Smith,686-500-1530,Divorced,Mexican,Night,contract,10.0,WS-10-23,True,Blue Cross Blue Shield,Pending annual review,2026-07-15 20:21:01
47,EMP-32005,Christopher,Lewis,Christopher Lewis,Non-Binary,43.0,1982-09-13,christopher.lewis@enterprise.org,(495) 548-7875,5854 Park Ave,Chicago,IL,usa,72847,IT,Systems Administrator,Joseph Williams,Active,Hybrid,2012-06-13,,27.3,Bachelor's,86417.81,15830.85,0.15,5.0,100.0,12.1,10,61,5,5,6,satisfactory,Bank of America,savings,Jennifer Johnson,310-294-7705,MARRIED,British,NIGHT,Contract,5.0,WS-05-40  ,True,Blue Cross Blue Shield,,2026-06-25 20:21:01
48,EMP-88671,Jessica ,Miller,Jessica Miller,Prefer Not to Say,40.0,1985-04-04,JESSICA.MILLER@ENTERPRISE.ORG,556-145-5313,9344 Main St,San Diego,ca,US,97486,Customer Support,Support Agent,Charles Davis,active,remote,2023-09-20,2025-04-28,8.9,bachelor,51948.69,3212.68,0.15,5.0,87.5,1.0,10,18,0,29,7,Excellent,Bank of America,Savings,Robert Johnson,799-545-4308,Married,Mexican,Shift 1,Contract,,,True,Kaiser Permanente,,2026-06-11 20:21:01
49,EMP-46202,Thomas,   Anderson  ,tHOMAS aNDERSON,Male,33.0,1992-04-13,thomas.anderson@corp.net,(770) 597-8750,6681 Main St,New York,NY,U.S.A.,53449,Engineering,Marketing Specialist,James Hernandez,Active,Hybrid,2018-04-15,2021-02-06,8.4,bachelor,121293.17,23789.58,0.24,3.0,85.7,0.0,8,27,3,28,7,Needs Improvement,Wells Fargo,CHECKING,Margaret Garcia,826-618-7609,MARRIED,Mexican,Day,Part-Time,4.0,WS-04-35,True,Blue Cross Blue Shield,N/A,2026-07-18 20:21:01
50,EMP-58280,Anthony,Anderson,anthony anderson,Non-Binary,44.0,1982-05-01,anthony.anderson@enterprise.org,(950) 805-2480,3611 Oak Ave,phoenix,az,U.S.A.,98826,Product,   Systems Administrator,Margaret Smith,Terminated,Hybrid,2018-03-05,2024-03-22,0.5,PhD,65561.36,7867.67,0.32,5.0,100.0,1.4,6,71,5,24,9,Good,Wells Fargo,savings,John Hernandez,755-432-5536,Divorced,Canadian,Night,PT,13.0,WS-13-40,False,Aetna,,2026-07-17 20:21:01
51,EMP-44003,Sandra,Wilson,Sandra Wilson,Female,53.0,1973-12-03,sandra.wilson@enterprise.org,965-274-3967,9259 Oak Ave,PHOENIX,az,US,53992,Marketing,Senior Developer,Susan Sanchez,Active,Hybrid,2018-08-05,2021-04-27,8.6,Bachelor's,85991.53,6808.94,0.32,5.0,88.6,0.9,3,25,2,18,9,good,Bank of America,Savings,Matthew Williams,746-281-6134,Single,Indian,Shift 1,Part-Time,13.0,WS-13-31,True,Blue Cross Blue Shield,Pending annual review,2026-06-25 20:21:01
52,EMP-66283,Richard,Wilson,Richard Wilson,Non-Binary,38.0,1988-06-27,richard.wilson@corp.net,(998) 452-6113,2836 Main St,CHICAGO,IL,US,49085,Legal,Operations Manager,Susan Lewis,Active,Hybrid,2022-12-29,,4.7,MS,,9860.36,0.22,1.0,98.2,12.9,1,48,5,13,12,Needs Improvement,capital one,Checking,Nancy Brown,120-149-2897,single,American,day,Contract,8.0,WS-08-99,True,Blue Cross Blue Shield,Completed leadership onboarding,2026-06-26 20:21:01
53,EMP-89381,Daniel,Jones,Daniel Jones,NON-BINARY,38.0,1987-07-23,daniel.jones@enterprise.org,519-402-3627, 5516 Oak Ave   ,New York,NY,usa,74763,HUMAN RESOURCES,Senior Developer,Elizabeth Rodriguez,Active,Remote,2012-11-19,2024-01-15,10.2,Master's,95960.39,6466.31,0.15,1.0,91.9,0.0,6,56,4,13,11,EXCELLENT,Wells Fargo,Savings,Patricia Gonzalez,567-378-7319,single,Indian,NIGHT,Part-Time,,,True,Blue Cross Blue Shield,Pending annual review,2026-06-07 20:21:01
54,EMP-87430,Jessica,Sanchez,Jessica Sanchez,Male,33.0,1992-05-13,JESSICA.SANCHEZ@ENTERPRISE.ORG,(367) 770-6148,9357 Oak Ave,New York,NY,U.S.A.,97797,Operations,Senior Developer,Susan Perez,On Leave,Hybrid,2020-08-18,,0.5,Bachelors,,11326.36,0.32,4.0,100.0,1.9,4,42,2,6,8,Excellent,Capital One,savings,Anthony Davis,554-920-8341,single,Indian,Shift 1,Full-Time,8.0,WS-08-93,True,Kaiser Permanente,Transferred from regional branch,2026-06-09 20:21:01
55,EMP-76628,Sarah,Miller,Sarah Miller,Female,33.0,1993-09-26,sarah.miller@corp.net,(877) 774-4633,9073 Park Ave,New York,NY,US,23935,Finance,Senior Developer,Susan Brown,Active,Remote,2014-09-16,2024-05-28,4.7,bachelor,110309.08,7298.59,0.15,4.0,97.0,10.8,8,0,4,28,0,Needs Improvement,Citibank,savings,Sandra Taylor,281-808-3845,Married,American,Shift 2,contract,,,False,Cigna,,2026-06-07 20:21:01
56,EMP-42537,William,Gonzalez,wILLIAM gONZALEZ,Prefer Not to Say,41.0,1985-06-08,william.gonzalez@corp.net,666-747-4560,2273 Oak Ave,Houston,TX,US,93476,Human Resources,Operations Manager,Nancy Thompson,ACTIVE,REMOTE,2018-05-31,2024-09-26,16.3,High School,48463.36,5191.91,0.15,2.0,100.0,2.8,5,18,0,27,12,Good,Bank of America,Checking,Barbara Clark,730-988-4675,MARRIED,Indian,Night,PT,,,False,Blue Cross Blue Shield,,2026-06-15 20:21:01
57,EMP-99803, David  ,Moore,David Moore,Non-Binary,50.0,1976-09-09,david.moore@corp.net,(799) 176-4063,7120 Maple Rd,Chicago,il,USA,27048,sales,Product Manager,Robert Johnson,Active,REMOTE,2013-02-20,2023-05-18,4.5,High School,83876.39,14058.08,0.22,2.0,98.9,0.0,9,68,3,7,5,Excellent,Bank of America,checking,Barbara Martinez,870-733-9691,MARRIED,German,Day,Full-Time,,,False,Kaiser Permanente,Transferred from regional branch,2026-08-02 20:21:01
58,EMP-99463,Mark,Hernandez,Mark Hernandez,non-binary,28.0,1998-01-19, mark.hernandez@corp.net ,297-428-9419,8836 Main St,Los Angeles,ca,U.S.A.,37627,Marketing,Support Agent,Michael Moore,ACTIVE,remote,2013-08-13,2021-09-21,,Master's,,2134.55,0.24,5.0,89.9,1.9,7,49,3,25,6,good,wells fargo,Checking,Sarah Smith,733-164-1745,Single,British,day,Full-Time,,,False,UnitedHealth,,2026-07-07 20:21:01
59,EMP-59992,Richard,Clark,rICHARD cLARK,Prefer Not to Say,18.0,2007-10-30,richard.clark@company.com,987-846-7113,784 Main St,New York,NY,USA,61653,human resources,Senior Developer,Barbara Miller,ACTIVE,REMOTE,2015-03-12,,1.5,Masters,105861.35,8172.89,0.15,5.0,100.0,0.0,2,32,0,11,11,Needs Improvement,Citibank,checking,Robert Perez,202-391-2143,Divorced,Indian,Shift 2,Contract,,,False,Aetna,Transferred from regional branch,2026-06-14 20:21:01
60,EMP-51462,Susan,Garcia,Susan Garcia,Female,36.0,1990-05-07,susan.garcia@enterprise.org,(761) 721-2343,3318 Maple Rd,Boston,MA,U.S.A.,92132,Human Resources,  Systems Administrator ,Sandra Johnson,Terminated,REMOTE,2022-08-03,2021-08-31,5.7,bachelor,76170.18,10545.01,0.22,4.0,100.0,19.4,1,30,4,26,2,Needs Improvement,Bank of America,Savings,Charles Jackson,249-853-8921,Single,Canadian,Shift 2,Part-Time,,,True,Aetna,High potential,2026-07-02 20:21:01
61,EMP-57349,Richard,Thomas,Richard Thomas,Male,28.0,1997-10-08,richard.thomas@enterprise.org,487-474-2275,8560 Washington Blvd,Dallas,TX,United States,55224,Legal,Software Engineer,Robert Anderson,Active,REMOTE,2018-04-19,,10.3,Master's,78981.19,13627.67,0.32,3.0,92.0,0.3,4,75,1,25,6,EXCELLENT,bank of america,CHECKING,Charles Garcia,624-140-3406,Divorced,Canadian,day,FT,,,True,UnitedHealth,High potential,2026-06-27 20:21:01
62,EMP-71789,Betty,Thomas,Betty Thomas,Female,44.0,1981-06-21,betty.thomas@enterprise.org,(487) 494-3166,6977 Oak Ave,los angeles,CA,U.S.A.,33255,IT,Legal Counsel,Patricia Williams,Active,REMOTE,2024-02-04,2024-11-02,8.6,Master's,37052.46,5730.03,0.32,4.0,100.0,10.3,10,12,3,9,4,good,Bank of America,Checking,Elizabeth Martin,,Single,Mexican,day,Full-Time,,,True,Aetna,Completed leadership onboarding,2026-07-09 20:21:01
63,EMP-57483,Patricia,Jones,Patricia Jones,Non-Binary,59.0,1967-02-11,patricia.jones@enterprise.org,(672) 668-8925,2362 Main St,Phoenix,AZ,usa,68536,FINANCE,Legal Counsel,David Sanchez,ACTIVE,hybrid,2013-03-02,,0.5,Bachelors,71964.3,12484.97,0.32,1.0,97.9,0.0,1,49,3,24,10,Needs Improvement,Wells Fargo,CHECKING,Mary Harris,,MARRIED,British,Night,Full-Time,13.0,WS-13-86,True,Blue Cross Blue Shield,N/A,2026-08-04 20:21:01
64,EMP-30636,John,Rodriguez,John Rodriguez,Male,40.0,1985-04-03,john.rodriguez@corp.net,935-383-4707,9519 Main St,San Jose,CA,usa,63363,OPERATIONS,Marketing Specialist,Patricia Sanchez,Active,REMOTE,2024-11-22,,4.9,MS,70837.55,11723.27,0.32,4.0,92.5,18.6,5,8,3,25,12,Excellent,TD Bank,checking,Susan Lopez,109-817-5314,Single,Indian,NIGHT,contract,,,False,Aetna,,2026-07-22 20:21:01
65,EMP-85197,William,Garcia,William Garcia,fEMALE,31.0,1994-09-29,william.garcia@company.com,897-209-2964,208 Park Ave,ATLANTA,GA,usa,73214,Customer Support,Operations Manager,Jessica Garcia,Terminated,Hybrid,2020-12-03,,6.2,Bachelors,94040.22,10671.34,0.15,5.0,100.0,21.0,8,15,5,21,7,Good,td bank,Savings,Richard Jackson,470-727-5254,Divorced,Canadian,Shift 1,FT,10.0,WS-10-53,False,Cigna,Completed leadership onboarding,2026-07-12 20:21:01
66,EMP-62506,William,Anderson,William Anderson,Male,46.0,1980-07-22,WILLIAM.ANDERSON@ENTERPRISE.ORG,584-925-1159,8848 Maple Rd,Chicago,il,U.S.A.,49326,it,Data Analyst,Mary Miller,On Leave,hybrid,2014-02-27,2023-10-02,11.1,Master's,58420.1,11086.77,0.15,4.0,92.2,13.9,4,73,4,25,10,Needs Improvement,Bank of America,checking,Barbara Hernandez,599-893-8322,single,Mexican,Shift 1,FT,11.0,WS-11-28,False,Kaiser Permanente,Transferred from regional branch,2026-06-07 20:21:01
67,EMP-19351,John,Garcia,John Garcia,Prefer Not to Say,20.0,2006-01-07,john.garcia@corp.net,(123) 228-4844,3550 Oak Ave,Austin,TX,USA,22524,Legal,Software Engineer,Thomas Harris,Active,Hybrid,2015-06-26,,1.9,MS,61615.95,5367.33,0.22,2.0,100.0,0.0,6,41,3,19,8,Good,Capital One,CHECKING,Jennifer Jackson,746-866-8126,MARRIED,British,Shift 1,FT,9.0,WS-09-39,False,Cigna,N/A,2026-08-04 20:21:01
68,EMP-10012,Thomas,Clark,Thomas Clark,Prefer Not to Say,53.0,1972-01-10,thomas.clark@enterprise.org,293-521-8161,6299 Oak Ave,San Antonio,TX,usa,65343,Operations,Operations Manager,Nancy Rodriguez,ACTIVE,REMOTE,2018-01-11,2020-10-07,5.8,Masters,66841.69,7907.47,0.32,2.0,96.3,23.3,1,23,0,14,4,Excellent,TD Bank,Checking,Linda Williams,605-322-6601,single,British,Shift 2,contract,,,True,Aetna,High potential,2026-07-10 20:21:01
69,EMP-19356,Sarah,Thomas,Sarah Thomas,MALE,51.0,1974-09-12,sarah.thomas@enterprise.org,(852) 889-2539,5213 Maple Rd,Dallas,tx,usa,15529,Operations,Marketing Specialist,Elizabeth Miller,Active,hybrid,2016-11-19,2022-08-24,8.1,Master's,,14994.06,0.32,,93.4,4.9,8,76,1,16,12,EXCELLENT,Bank of America,Checking,Nancy Martin,877-740-1983,Married,German,day,Full-Time,3.0,WS-03-72,False,Cigna,Completed leadership onboarding,2026-06-21 20:21:01
70,EMP-59514,Barbara,White,Barbara White,Non-Binary,35.0,1991-08-04,barbara.white@enterprise.org,713-981-3627,8973 Maple Rd,Los Angeles,CA,US,93627,Finance,Operations Manager,Matthew Martin,ACTIVE,Onsite,2024-02-02,2022-02-16,4.9,PhD,113246.35,8280.54,0.32,3.0,100.0,0.0,3,22,0,11,1,good,BANK OF AMERICA,CHECKING,Christopher Clark,,Married,Mexican,NIGHT,Full-Time,1.0,WS-01-36,True,Blue Cross Blue Shield,N/A,2026-06-05 20:21:01
71,EMP-64519,Anthony,   Lopez,Anthony Lopez,Female,20.0,2005-08-25,ANTHONY.LOPEZ@COMPANY.COM,283-671-7802,7615 Washington Blvd,SEATTLE,WA,US,31864,Operations,Sales Executive,Sarah Martin,Active,Hybrid,2024-05-03,2023-08-22,5.8,MS,99098.46,11355.52,0.22,5.0,89.0,14.0,5,46,3,19,6,EXCELLENT,td bank,checking,Karen Smith,409-106-5920,Married,British,Day,contract,14.0,WS-14-45,True,Cigna,N/A,2026-07-19 20:21:01
72,EMP-58114,Mark,Jackson,Mark Jackson,Female,44.0,1982-05-10,mark.jackson@corp.net,(757) 407-1612,5578 Maple Rd,Seattle,WA,USA,66925,Human Resources,Systems Administrator,Sandra Smith,ACTIVE,remote,2013-03-19,,11.1,High School,74755.06,7402.6,0.22,1.0,90.5,0.6,10,73,4,7,3,good,Wells Fargo,Savings,Robert Hernandez,685-863-1807,Divorced,American,Shift 2,PT,,,False,Aetna,Pending annual review,2026-07-23 20:21:01
73,EMP-73944,Richard,Lee,Richard Lee,female,18.0,2007-11-28,RICHARD.LEE@CORP.NET,456-295-6254,2873 Maple Rd,Philadelphia,pa,US,67961,legal,Accountant,Barbara Jones,active,Onsite,2014-07-09,2022-09-22,16.9,BS,68818.15,,0.15,3.0,99.0,0.0,9,27,1,22,8,Good,Capital One,Savings,Daniel Thompson,,Married,American,Shift 1,Part-Time,13.0,WS-13-99,True,Blue Cross Blue Shield,High potential,2026-07-18 20:21:01
74,EMP-96898,Betty,Robinson,,pREFER nOT TO sAY,44.0,1982-12-28,betty.robinson@enterprise.org,(303) 612-8503,8773 Maple Rd,Dallas,tx,United States,61563,Engineering,Sales Executive,Elizabeth Davis,Terminated,Hybrid,2013-05-22,2024-05-04,14.8,Bachelors,66333.93,12760.49,0.24,4.0,96.0,17.3,10,80,5,12,6,Excellent,Capital One,checking,Sandra Martin,655-234-4387,MARRIED,Mexican,NIGHT,Part-Time,14.0,WS-14-27,True,Aetna,Completed leadership onboarding,2026-06-07 20:21:01
75,EMP-30715,David,Williams,David Williams,Female,33.0,1993-02-27,david.williams@enterprise.org,856-380-3489,4472 Park Ave,Denver,co,USA,40266,Marketing, Sales Executive   ,Jessica Thompson,Active,remote,2023-01-08,2021-11-01,9.2,Bachelors,46038.31,8992.31,0.32,2.0,88.0,16.8,2,22,3,24,7,satisfactory,Wells Fargo,Savings,Susan Gonzalez,722-852-7232,single,Mexican,NIGHT,PT,,,True,Cigna,,2026-08-02 20:21:01
76,EMP-42207,Thomas,Moore,Thomas Moore,MALE,31.0,1994-11-08,thomas.moore@enterprise.org,155-806-9470,1581 Park Ave,aTLANTA,GA,usa,86735,oPERATIONS,Support Agent,James Garcia,ACTIVE,Remote,2022-03-13,,14.8,BS,35000.0,2398.61,0.32,3.0,100.0,23.7,9,78,1,17,8,good,Chase,checking,Charles Ramirez,253-266-3369,Single,Indian,Shift 1,Contract,,,False,Aetna,High potential,2026-07-23 20:21:01
77,EMP-10463,Karen,Harris,Karen Harris,Male,37.0,1988-08-10,karen.harris@enterprise.org,106-350-9967,901 Oak Ave,Phoenix,AZ,United States,95626,Finance,Systems Administrator,Karen Martinez,Active,Onsite,2014-06-11,2021-12-31,3.0,Masters,74629.74,11472.61,0.22,4.0,93.6,0.0,5,41,2,17,1,good,CAPITAL ONE,savings,Robert Brown,381-437-9635,Married,German,Night,PT,1.0,WS-01-23,True,Kaiser Permanente,Completed leadership onboarding,2026-06-27 20:21:01
78,EMP-51482,William,Taylor,William Taylor,Prefer Not to Say,41.0,1985-05-19,william.taylor@corp.net,(221) 124-8616,6893 Washington Blvd ,Austin,TX,United States,11480,Sales,Data Analyst,Thomas Moore,Active,Onsite,2019-06-23,,3.9,Bachelors,85386.93,6754.31,0.32,4.0,100.0,32.7,8,68,2,19,12,good,td bank,CHECKING,Elizabeth Jackson,,MARRIED,German,Shift 1,Contract,2.0,WS-02-29,True,Cigna,Completed leadership onboarding,2026-07-25 20:21:01
79,EMP-84839,Karen,Gonzalez,Karen Gonzalez,Non-Binary,23.0,2002-03-30,karen.gonzalez@company.com,637-409-3867,1617 Washington Blvd,Los Angeles,ca,United States,73263,Finance,Product Manager,Thomas Martinez,Active,Onsite,2023-07-30,2021-06-27,3.8,Bachelors,68135.98,10700.87,0.15,3.0,97.3,33.0,2,42,3,6,1,Needs Improvement,TD Bank,Checking,Charles Harris,314-428-4285,Divorced,Mexican,Shift 1,FT,11.0,WS-11-25,True,Blue Cross Blue Shield,Transferred from regional branch,2026-07-29 20:21:01
80,EMP-37076,Sarah,Lopez,Sarah Lopez,FEMALE,40.0,1985-12-13,SARAH.LOPEZ@COMPANY.COM,208-492-1881,9811 Washington Blvd,Los Angeles,ca,U.S.A.,50952,Marketing,Systems Administrator,John Robinson,On Leave,REMOTE,2014-12-15,,8.1,PhD,76953.52,7430.54,0.32,4.0,91.1,34.8,10,33,2,17,2,satisfactory,TD Bank,checking,,586-215-6758,Married,British,Shift 1,PT,,,True,Cigna,Completed leadership onboarding,2026-07-15 20:21:01
81,EMP-82895,Christopher,Williams,Christopher Williams,Female,60.0,1966-01-29,christopher.williams@company.com,545-680-6606,9507 Washington Blvd,Dallas,tx,USA,88128,OPERATIONS,Product Manager,Richard Williams,ACTIVE,REMOTE,2020-07-01,,10.0,Bachelors,66361.16,11450.95,0.15,2.0,100.0,0.0,10,73,3,11,3,satisfactory,Wells Fargo,checking,Sandra Robinson,452-191-1133,MARRIED,Indian,Night,Contract,,,True,Kaiser Permanente,,2026-07-13 20:21:01
82,EMP-24378,Betty,Martinez,Betty Martinez,Non-Binary,50.0,1976-03-21,BETTY.MARTINEZ@CORP.NET,963-468-7835,2300 Main St  ,Chicago,IL,United States,96235,FINANCE,Systems Administrator,Betty Anderson,ACTIVE,REMOTE,2021-07-19,2025-02-04,17.1,High School,72781.36,7839.08,0.32,,99.9,9.7,9,34,3,22,9,Good,Chase,CHECKING,Jessica Thompson,694-593-2311,MARRIED,British,Shift 2,PT,,,True,Kaiser Permanente,High potential,2026-06-25 20:21:01
83,EMP-96997,Nancy,Williams,Nancy Williams,Non-Binary,,1997-04-09,nancy.williams@enterprise.org,917-401-5738,9335 Maple Rd,chicago,IL,US,16765,Sales,Operations Manager,John Ramirez,Active,Remote,2018-04-20,,5.0,Bachelor's,35000.0,6528.19,0.32,3.0,92.4,8.8,8,23,4,6,5,EXCELLENT,Bank of America,Savings,Anthony Thomas,522-888-7277,single,German,NIGHT,Part-Time,,,True,UnitedHealth,High potential,2026-06-17 20:21:01
84,EMP-25203,Mary,Garcia,Mary Garcia,Female,18.0,2008-04-30, mary.garcia@corp.net ,559-491-6172,5897 Washington Blvd,Dallas,tx,U.S.A.,95467,Customer Support,Data Analyst,Charles Gonzalez,ACTIVE,hybrid,2017-06-03,2022-03-09,9.8,BS,86426.95,,0.15,1.0,99.9,1.8,6,28,5,14,4,Excellent,chase,Checking,Mary Martin,955-322-2995,Single,American,day,Part-Time,7.0,WS-07-94,True,Aetna,N/A,2026-06-23 20:21:01
85,EMP-19924,Christopher,Anderson,Christopher Anderson,Non-Binary,24.0,2001-10-11,christopher.anderson@enterprise.org,(932) 371-3915,6532 Oak Ave,SAN DIEGO,CA,United States,24212,Product,Systems Administrator,Mary Williams,ACTIVE,Hybrid,2021-12-31,,17.2,Bachelors,98588.8,14757.84,0.24,4.0,92.7,43.6,8,61,3,17,11,EXCELLENT,Capital One,savings,Daniel Clark,224-680-9770,Divorced,British,NIGHT,Contract,7.0,WS-07-17,True,UnitedHealth,High potential,2026-06-17 20:21:01
86,EMP-48005,Christopher,Miller,Christopher Miller,Non-Binary,40.0,1986-03-25, christopher.miller@company.com ,344-600-7369,8848 Washington Blvd,Los Angeles,CA,usa,12151,Engineering,Senior Developer   ,Thomas Anderson,active,REMOTE,2015-05-05,2022-08-12,2.5,Bachelors,81818.44,,0.15,2.0,94.6,0.0,1,39,0,19,9,Excellent,CAPITAL ONE,Checking,Patricia Thomas,730-325-2033,single,British,NIGHT,contract,,,False,Kaiser Permanente,Transferred from regional branch,2026-06-12 20:21:01
87,EMP-37948,Matthew,Johnson,mATTHEW jOHNSON,PREFER NOT TO SAY,40.0,1985-06-18, matthew.johnson@corp.net ,727-485-3584,3039 Main St,New York,ny,USA,87821,Product,Product Manager,Michael Jones,Terminated,remote,2021-03-29,,9.4,Bachelors,35000.0,5515.29,0.15,3.0,105.0,0.0,2,67,0,24,5,Needs Improvement,Capital One,Savings,William Johnson,915-252-8772,Married,German,Day,Full-Time,,,False,Cigna,N/A,2026-06-14 20:21:01
88,EMP-69394,Mary,Brown,Mary Brown,Prefer Not to Say,36.0,1989-08-29,mary.brown@corp.net,433-335-2804,3376 Washington Blvd,Philadelphia,pa,usa,19637,legal,Support Agent,Sandra Martin,On Leave,Hybrid,2015-01-22,2022-03-06,7.7,Masters,80187.79,5539.51,0.15,3.0,96.5,81.7,3,43,1,14,9,Excellent,TD Bank,Savings,Charles Moore,188-521-9548,Married,Mexican,Shift 2,FT,5.0,WS-05-11,True,Cigna,Transferred from regional branch,2026-06-06 20:21:01
89,EMP-87564,Robert, Robinson   ,robert robinson,Prefer Not to Say,38.0,1987-04-11,ROBERT.ROBINSON@COMPANY.COM,516-323-3174,360 Washington Blvd,Philadelphia,PA,USA,31207,IT,Software Engineer,Joseph Harris,ACTIVE,remote,2016-02-24,2024-02-26,8.2,Bachelors,65998.69,3999.84,0.24,,98.1,0.0,10,69,4,30,3,satisfactory,Chase,checking,Lisa Robinson,790-472-1844,Divorced,Indian,day,Full-Time,,,False,Kaiser Permanente,,2026-07-22 20:21:01
90,EMP-28141,David,Davis,David Davis,Female,27.0,1998-11-25,david.davis@enterprise.org,(481) 453-8412,8814 Park Ave,San Diego,CA,usa,69241,hr,  Data Analyst ,Patricia Garcia,ACTIVE,Remote,2023-02-17,,7.3,Bachelors,77405.91,15127.92,0.22,4.0,97.6,2.6,5,24,0,5,12,Excellent,Capital One,savings,Charles Hernandez,905-434-8965,MARRIED,Mexican,Shift 2,FT,,,False,UnitedHealth,Pending annual review,2026-07-21 20:21:01
91,EMP-73470,Barbara,Martinez,Barbara Martinez,NON-BINARY,48.0,1978-12-27,barbara.martinez@corp.net,(424) 688-3072,668 Maple Rd,San Diego,ca,U.S.A.,29391,Operations,Legal Counsel,Sandra Smith,On Leave,Remote,2022-04-10,2021-10-01,,High School,58442.14,5826.22,0.32,3.0,93.5,11.1,3,72,5,19,5,satisfactory,Chase,Checking,Robert Perez,415-125-7580,Married,Indian,Shift 1,Full-Time,,,False,Aetna,Transferred from regional branch,2026-06-15 20:21:01
92,EMP-46428,   Michael ,Smith,Michael Smith,Male,53.0,1972-05-31,michael.smith@enterprise.org,(459) 415-8300,6909 Washington Blvd,Boston,ma,usa,65552,pRODUCT,Operations Manager,Robert Miller,active,REMOTE,2019-07-10,,8.6,MS,98585.94,10984.36,0.32,2.0,95.3,8.0,3,25,1,17,4,Needs Improvement,citibank,checking,Anthony Jackson,672-857-8593,Single,Canadian,Shift 1,Contract,,,False,UnitedHealth,,2026-06-07 20:21:01
93,EMP-94513,Linda,Smith,LINDA SMITH,Non-Binary,48.0,1977-09-22,linda.smith@enterprise.org,850-689-1287,5337 Washington Blvd,Boston,MA,United States,27759,Engineering,Support Agent,Barbara Johnson,Terminated,hybrid,2013-09-21,2022-01-20,8.8,BS,54592.34,9873.92,0.24,3.0,93.7,0.0,10,45,1,5,2,Needs Improvement,Wells Fargo,savings,Susan Hernandez,266-204-4569,Married,Canadian,day,PT,12.0,WS-12-77,True,Blue Cross Blue Shield,High potential,2026-06-06 20:21:01
94,EMP-12277,Jessica,Lopez,Jessica Lopez,NON-BINARY,52.0,1973-05-02,JESSICA.LOPEZ@CORP.NET,(233) 180-7960,8034 Washington Blvd   ,Seattle,wa,USA,87748,human resources,Marketing Specialist,Matthew Brown,Terminated,Remote,2016-06-26,,12.4,Bachelor's,66326.99,10740.31,0.24,3.0,93.3,0.1,4,64,4,7,1,Needs Improvement,Chase,Savings,Elizabeth Garcia,650-104-2616,MARRIED,German,Shift 2,Contract,,,True,Blue Cross Blue Shield,Pending annual review,2026-07-11 20:21:01
95,EMP-65586,Michael,Taylor,mICHAEL tAYLOR,Male,48.0,1978-01-05, michael.taylor@corp.net ,494-390-8486,3800 Park Ave,San Jose,CA,usa,66093,Human Resources,Systems Administrator,James Perez,Active,remote,2021-10-28,2020-12-14,0.5,MS,51334.83,7114.16,0.22,1.0,84.8,0.0,7,15,1,18,11,good,Wells Fargo,CHECKING,Charles Rodriguez,920-759-7557,MARRIED,Indian,Shift 2,PT,,,False,Cigna,High potential,2026-07-04 20:21:01
96,EMP-75178,Linda, Lee,,Female,35.0,1990-06-06, LINDA.LEE@CORP.NET ,885-604-8635,4387 Park Ave,Houston,TX,U.S.A.,80848,Engineering,Data Analyst,David Ramirez,On Leave,Onsite,2012-09-26,,11.6,Masters,105047.14,7838.79,0.24,4.0,95.4,5.1,9,69,4,20,7,Needs Improvement,Bank of America,savings,William Thomas,486-731-6779,Divorced,British,Day,Full-Time,10.0,WS-10-15   ,True,UnitedHealth,,2026-07-13 20:21:01
97,EMP-63992,Barbara,Johnson,Barbara Johnson,Male,47.0,,barbara.johnson@enterprise.org,627-531-5368,6288 Park Ave,New York,NY,US,85043,LEGAL,Systems Administrator,Jessica Taylor,ACTIVE,Hybrid,2015-09-27,2024-01-28,9.7,bachelor,74705.63,13230.38,0.22,3.0,99.0,3.0,4,79,5,7,11,Needs Improvement,Chase,checking,John Jackson,586-537-4436,Single,German,Shift 1,PT,13.0,WS-13-48,False,Cigna,N/A,2026-07-06 20:21:01
98,EMP-98022,Matthew, Moore ,Matthew Moore,Prefer Not to Say,41.0,1985-09-21,matthew.moore@enterprise.org,(305) 473-8577,7233 Washington Blvd,Chicago,IL,US,18444,Product,Marketing Specialist,William Perez,On Leave,Remote,2014-07-19,,,Masters,35000.0,4689.08,0.15,2.0,94.6,0.0,5,70,1,25,0,satisfactory,Citibank,Checking,Betty Lewis,716-405-2041,single,British,NIGHT,contract,,,True,Aetna,Pending annual review,2026-06-18 20:21:01
99,EMP-75568,Sandra,Brown,Sandra Brown,Non-Binary,24.0,2002-09-07,sandra.brown@enterprise.org,866-861-4865,3607 Maple Rd,Atlanta,ga,United States,43332,Engineering,Sales Executive,Patricia Hernandez,On Leave,hybrid,2017-07-11,2021-08-16,11.3,Master's,82331.96,4376.86,0.15,1.0,90.3,0.0,9,49,2,25,11,Good,td bANK,Savings,Betty Anderson,502-361-5929,Married,British,Night,Part-Time,15.0,WS-15-66,False,UnitedHealth,High potential,2026-06-05 20:21:01
100,EMP-74447,Jessica,White,Jessica White,Male,32.0,1994-06-03,jessica.white@enterprise.org,564-811-1448,2329 Main St,denver,CO,usa,92352,IT,HR Specialist,Daniel Harris,active,Remote,2021-03-15,2023-08-01,2.7,BS,73746.42,11292.05,0.24,2.0,99.8,11.0,7,73,1,5,0,Needs Improvement,TD Bank,Savings,Sandra Williams,,MARRIED,Indian,day,Contract,,,True,UnitedHealth,Pending annual review,2026-07-28 20:21:01
101,EMP-11850,Daniel,Taylor,Daniel Taylor,mALE,33.0,1992-09-29,daniel.taylor@enterprise.org,(320) 943-5636,2491 Main St,Seattle,WA,usa,44314,Legal,Sales Executive,Christopher Anderson,On Leave,Remote,2019-04-02,2024-06-16,5.6,MS,58690.02,9414.8,0.15,5.0,92.2,0.0,6,77,5,30,9,satisfactory,TD Bank,Checking,William Taylor,409-504-7076,MARRIED,American,day,Part-Time,,,False,Cigna,N/A,2026-07-27 20:21:01
102,EMP-21750,David,Thompson,david thompson,Female,23.0,2002-10-15,david.thompson@enterprise.org,879-370-9470,2578 Park Ave,Philadelphia,pa,usa,96169,legal,HR Specialist,Jennifer Thompson,Active,remote,2012-11-30,2025-06-10,7.0,Bachelor's,76149.48,13709.34,0.15,2.0,83.6,0.0,9,34,4,26,9,Excellent,Capital One,Checking,Thomas Harris,526-178-5033,Single,British,Day,Contract,,,True,Kaiser Permanente,High potential,2026-07-26 20:21:02
103,EMP-13784,John,Anderson,John Anderson,Male,36.0,1990-09-30,john.anderson@enterprise.org,916-682-3118,5394 Main St,Houston,TX,US,81716,PRODUCT,Marketing Specialist,Matthew Ramirez,Active,Remote,2015-08-27,,8.2,BS,85291.78,10544.35,0.24,5.0,100.0,0.9,9,25,3,19,6,good,Wells Fargo,savings,John Harris,477-728-4053,single,American,Day,PT,,,False,Aetna,Completed leadership onboarding,2026-07-26 20:21:02
104,EMP-74922,Thomas,Lee,Thomas Lee,Female,36.0,1989-09-12,thomas.lee@enterprise.org,625-210-9366,4251 Maple Rd,San Antonio,TX,U.S.A.,20717,ENGINEERING,Systems Administrator,Margaret Garcia,Active,Onsite,2021-05-02,2023-05-04,6.9,PhD,87283.33,10255.11,0.24,2.0,98.8,2.0,5,13,3,22,0,EXCELLENT,CITIBANK,Savings,Christopher Thomas,514-989-8974,MARRIED,British,NIGHT,contract,12.0,WS-12-96,False,Aetna,High potential,2026-06-13 20:21:02
105,EMP-12082,Daniel,Miller,Daniel Miller,Prefer Not to Say,32.0,1994-07-06,daniel.miller@enterprise.org,219-270-3497,421 Washington Blvd,Seattle,WA,usa,36389,product,  Software Engineer  ,Lisa Jackson,Terminated,Hybrid,2012-10-30,2025-06-14,1.9,PhD,122482.83,,0.24,5.0,93.4,4.6,8,14,3,24,10,Good,Citibank,Checking,Jennifer Martinez,580-452-8178,Married,Mexican,NIGHT,Contract,15.0,WS-15-87,False,UnitedHealth,Completed leadership onboarding,2026-07-09 20:21:02
106,EMP-98225,Christopher,White,Christopher White,Female,54.0,1972-11-14,CHRISTOPHER.WHITE@COMPANY.COM,(525) 605-5975,5978 Maple Rd,Houston,tx,USA,30788,operations,Data Analyst,Patricia Martin,Terminated,Remote,2022-11-28,,6.8,Master's,86531.14,14322.14,0.22,5.0,96.6,0.0,8,58,0,8,12,Needs Improvement,Capital One,Checking,,207-271-2934,Divorced,Canadian,NIGHT,Contract,,,False,Cigna,Completed leadership onboarding,2026-07-26 20:21:02
107,EMP-94815,Barbara,Hernandez,Barbara Hernandez,mALE,68.0,1957-12-16,BARBARA.HERNANDEZ@COMPANY.COM,469-744-5021,2360 Washington Blvd,Chicago,IL,United States,63648,Operations,Sales Executive,Joseph Jones,ACTIVE,REMOTE,2013-07-24,,13.6,BS,72441.65,,0.22,5.0,90.2,7.6,9,37,3,17,10,satisfactory,Capital One,checking,,386-640-3406,single,German,Night,PT,,,False,Cigna,Pending annual review,2026-07-30 20:21:02
108,EMP-14845,Sarah,Hernandez,Sarah Hernandez,nON-bINARY,29.0,1996-11-15, SARAH.HERNANDEZ@CORP.NET ,706-364-4954,1909 Main St,Boston,MA,U.S.A.,44046,cUSTOMER sUPPORT,Systems Administrator,Joseph Martinez,Active,remote,2019-08-08,2025-12-24,3.5,bachelor,71261.9,6604.58,0.22,4.0,94.8,3.9,10,24,2,19,1,Excellent,TD Bank,savings,John Williams,233-587-4519,Divorced,German,day,FT,,,False,Kaiser Permanente,,2026-07-07 20:21:02
109,EMP-74165,Lisa,Wilson,Lisa Wilson,Female,31.0,1995-06-26, lisa.wilson@company.com ,(672) 478-2945,9467 Maple Rd,San Jose,ca,US,59081,legal,HR Specialist,,Active,Hybrid,2016-11-01,,2.6,Bachelors,108742.83,11124.1,0.32,4.0,99.4,15.6,7,60,5,24,2,Excellent,Capital One,savings,Nancy Anderson,845-433-2463,MARRIED,Indian,Shift 2,Part-Time,15.0,WS-15-60,True,Cigna,Completed leadership onboarding,2026-07-30 20:21:02
110,EMP-31707,Daniel,Smith,Daniel Smith,Male,29.0,1997-09-25,daniel.smith@company.com,614-119-2970,4604 Oak Ave,Austin,tx,USA,85963,Operations,Support Agent,Jessica Ramirez,Active,remote,2016-01-18,2025-12-02,8.0,Masters,122486.59,24125.93,0.24,2.0,100.0,0.0,7,21,0,24,5,Excellent,Chase,checking,Richard Brown,522-431-5225,Single,American,Night,Part-Time,,,True,Kaiser Permanente,,2026-07-18 20:21:02
111,EMP-17947,David,Anderson ,David Anderson,mALE,33.0,1992-05-08,david.anderson@enterprise.org,901-245-7116,7042 Park Ave,Dallas,TX,U.S.A.,10131,IT,  HR Specialist,William Clark,Active,hybrid,2016-10-08,2025-09-21,15.9,BS,67238.62,9041.06,0.32,1.0,91.7,4.5,7,26,4,21,12,Good,TD Bank,checking,Matthew Thompson,351-778-6269,single,Mexican,Shift 1,Full-Time,15.0,   WS-15-98,True,Cigna,Transferred from regional branch,2026-06-20 20:21:02
112,EMP-74091,Matthew,Gonzalez,MATTHEW GONZALEZ,Male,47.0,1979-04-01,matthew.gonzalez@enterprise.org,496-281-1138,253 Oak Ave,Los Angeles,CA,usa,46848,Customer Support,Operations Manager,Margaret Thompson,On Leave,Hybrid,2012-10-28,,17.5,bachelor,,9294.72,0.15,3.0,97.8,1.1,10,77,4,10,1,Needs Improvement,Bank of America,Savings,William Robinson,333-635-5494,Single,German,NIGHT,PT,10.0,WS-10-42,,Cigna,Completed leadership onboarding,2026-06-24 20:21:02
113,EMP-16797,Betty,Hernandez,Betty Hernandez,Prefer Not to Say,33.0,1992-02-14,betty.hernandez@company.com,423-105-7420,3796 Washington Blvd,Houston,TX,USA,42765,Customer Support,Systems Administrator,James Thomas,Active,REMOTE,2019-07-01,2022-10-09,4.9,bachelor,67361.8,11780.07,0.22,1.0,92.9,3.4,8,74,0,7,0,EXCELLENT,Citibank,Checking,Margaret Jones,921-552-1897,single,American,Day,contract,,,True,UnitedHealth,,2026-06-26 20:21:02
114,EMP-63884,Linda,Ramirez,,Prefer Not to Say,38.0,1988-09-27,linda.ramirez@enterprise.org,(629) 436-4153,9813 Oak Ave,LOS ANGELES,CA,USA,26512,Sales,Product Manager,Joseph Garcia,active,Onsite,2013-05-10,,3.8,High School,80409.14,13119.24,0.22,2.0,94.7,0.0,1,66,4,26,10,Excellent,Chase,CHECKING,Betty Johnson,300-305-4297,Divorced,Canadian,NIGHT,FT,12.0,WS-12-98,False,Kaiser Permanente,N/A,2026-07-09 20:21:02
115,EMP-53072,Jennifer,Brown,Jennifer Brown,Male,35.0,1991-04-23,jennifer.brown@company.com,926-857-7158,6044 Main St,Houston,TX,USA,48086,IT,Sales Executive,Jennifer Davis,ACTIVE,Remote,2019-08-15,2022-10-04,3.5,Bachelors,63464.57,5665.37,0.22,4.0,98.8,1.9,4,39,3,12,5,Good,TD Bank,CHECKING,Margaret Martin,999-828-2071,Married,Canadian,Night,PT,,,False,UnitedHealth,Transferred from regional branch,2026-06-25 20:21:02
116,EMP-42053,Sandra,Johnson,Sandra Johnson,Female,43.0,1982-10-14,sandra.johnson@corp.net,(183) 903-8711,6458 Park Ave,Denver,co,U.S.A.,78012,Customer Support,Legal Counsel,Daniel Thomas,Terminated,remote,2012-10-26,,9.0,PhD,115866.41,12674.05,0.32,5.0,100.0,0.0,2,17,0,14,7,Needs Improvement,Wells Fargo,Checking,Joseph Taylor,536-561-8660,Divorced,Indian,Shift 1,Contract,,,,Cigna,Pending annual review,2026-07-31 20:21:02
117,EMP-57067,Mark,Williams,MARK WILLIAMS,Non-Binary,47.0,1978-03-15,mark.williams@corp.net,409-863-5496,4378 Main St,Houston,TX,U.S.A.,46942,Product,Operations Manager,James Thomas,active,Remote,2020-11-30,,4.2,bachelor,63708.86,8114.84,0.32,4.0,90.0,5.5,7,53,1,19,7,Needs Improvement,Chase,CHECKING,Betty Jones,855-109-9188,Divorced,British,Night,FT,,,False,Cigna,Completed leadership onboarding,2026-07-15 20:21:02
118,EMP-86933,James,Jackson,James Jackson,Non-Binary,21.0,2005-09-14,james.jackson@enterprise.org,647-495-4085,5091 Main St,SAN DIEGO,CA,usa,98458,Engineering,Operations Manager,Jennifer Miller,On Leave,Hybrid,2016-08-13,,8.2,Bachelor's,80194.45,,0.24,4.0,90.5,0.0,7,61,5,7,6,Excellent,Bank of America,checking,Susan Clark,586-262-6084,MARRIED,German,NIGHT,FT,5.0,WS-05-35,False,Aetna,Transferred from regional branch,2026-06-29 20:21:02
119,EMP-74350,Joseph,Anderson,Joseph Anderson,Prefer Not to Say,44.0,1981-11-01,joseph.anderson@company.com,542-568-7302,6547 Main St,Atlanta,GA,USA,30700,Operations,Data Analyst,Lisa Lewis,On Leave,remote,2024-05-25,,0.5,Bachelor's,73678.4,12298.88,0.22,3.0,88.9,0.0,8,48,2,28,6,Excellent,citibank,checking,Patricia Thompson,434-786-8606,Single,American,day,contract,,,True,Cigna,Pending annual review,2026-07-18 20:21:02
120,EMP-31150,Jennifer,Clark,JENNIFER CLARK,Male,31.0,1995-01-02,jennifer.clark@corp.net,(813) 148-9566,6499 Maple Rd,Austin,TX,USA,,Product,Accountant,Linda Miller,On Leave,Onsite,2012-04-29,,8.2,Bachelor's,57791.73,10537.91,0.22,2.0,93.1,0.7,6,71,5,11,9,Excellent,Capital One,savings,Patricia Davis,,Divorced,American,Shift 2,Part-Time,8.0,   WS-08-38 ,True,Cigna,N/A,2026-07-04 20:21:02
121,EMP-23344,Daniel,Moore,Daniel Moore,Male,31.0,1995-12-15,DANIEL.MOORE@CORP.NET,804-425-8899,7454 Washington Blvd,Los Angeles,CA,U.S.A.,40464,Engineering,Operations Manager,Patricia Martinez,On Leave,Remote,2013-10-12,,11.8,Masters,97126.58,10330.6,0.22,5.0,98.9,9.1,3,35,2,25,12,EXCELLENT,Capital One,savings,Christopher Clark,124-334-6427,Married,Mexican,Day,contract,,,True,Aetna,Transferred from regional branch,2026-07-02 20:21:02
122,EMP-52157,Jennifer,Anderson ,jENNIFER aNDERSON,FEMALE,18.0,2008-07-16, jennifer.anderson@company.com ,418-268-4236,4775 Park Ave,Houston,TX,US,93309,LEGAL,Sales Executive,Jennifer Thomas,Terminated,REMOTE,2021-09-20,2025-05-28,,MS,86541.44,5407.54,0.24,5.0,94.0,0.0,7,59,2,19,4,good,Capital One,Checking,David Jones,,MARRIED,German,NIGHT,Contract,,,False,Cigna,,2026-07-12 20:21:02
123,EMP-60336,Jessica,Martinez,jessica martinez,Male,41.0,1984-07-17,jessica.martinez@enterprise.org,826-600-7032,4143 Oak Ave,seattle,WA,usa,57371,Engineering,Systems Administrator,Karen Anderson,Active,Hybrid,2017-07-19,2021-10-23,,Bachelor's,76731.8,14389.7,0.15,5.0,94.2,0.0,7,32,5,14,8,Needs Improvement,TD Bank,CHECKING,Elizabeth White,997-845-2456,MARRIED,British,Night,Contract,12.0,WS-12-36,False,Blue Cross Blue Shield,Pending annual review,2026-08-04 20:21:02
124,EMP-22697,John,Harris,John Harris,FEMALE,49.0,1976-05-17,john.harris@company.com,317-290-4292,4349 Washington Blvd,New York,NY,United States,91844,FINANCE,Data Analyst,William Williams,Terminated,Remote,2022-09-19,2021-02-16,,Masters,81752.05,4176.22,0.15,1.0,92.9,2.3,9,34,3,20,12,Good,Capital One,checking,Nancy Lewis,422-936-4925,single,Indian,day,Full-Time,,,False,Blue Cross Blue Shield,High potential,2026-06-21 20:21:02
125,EMP-62665,Lisa,Clark,Lisa Clark,Non-Binary,34.0,1991-09-12,lisa.clark@corp.net,776-292-1051,6001 Main St,Austin,TX,USA,52667,Marketing,Support Agent,Margaret Williams,On Leave,hybrid,2014-04-02,2023-04-18,6.4,BS,85869.66,15579.77,0.15,2.0,100.0,7.4,9,59,1,19,1,good,TD Bank,Savings,Michael Garcia,775-816-2465,Single,Canadian,Shift 1,FT,13.0,WS-13-45,False,Blue Cross Blue Shield,Completed leadership onboarding,2026-07-01 20:21:02
126,EMP-93040, Lisa   ,Thomas   ,Lisa Thomas,Prefer Not to Say,46.0,1979-04-29,LISA.THOMAS@COMPANY.COM,862-218-7025,  127 Maple Rd  ,Chicago,IL,U.S.A.,57844,Finance,Operations Manager,,active,remote,2019-02-01,,6.4,bachelor,99024.28,11721.27,0.22,1.0,93.0,5.8,2,35,5,23,7,satisfactory,Bank of America,savings,Mary Sanchez,947-833-4450,Married,German,NIGHT,Full-Time,,,True,Cigna,N/A,2026-06-23 20:21:02
127,EMP-30865,James,Moore,James Moore,Prefer Not to Say,31.0,1994-10-17,james.moore@company.com,(431) 870-1886,9556 Oak Ave,Boston,MA,United States,73234,Finance,Senior Developer,Christopher Smith,active,REMOTE,2014-04-15,2021-08-27,0.5,MS,96031.86,7224.81,0.24,4.0,90.8,7.0,6,75,3,9,10,satisfactory,Citibank,Checking,Linda Gonzalez,804-710-3826,single,German,NIGHT,contract,,,True,Cigna,N/A,2026-07-07 20:21:02
128,EMP-58145,James,Brown,James Brown,female,41.0,1985-08-09,james.brown@corp.net,(595) 760-8105,8906 Oak Ave,Phoenix,az,USA,12588,Operations,Legal Counsel,Thomas Clark,ACTIVE,hybrid,2014-10-13,2022-04-29,6.9,Bachelor's,91588.11,12810.01,0.32,3.0,83.9,0.0,3,11,4,13,12,EXCELLENT,Chase,CHECKING,Elizabeth Lopez,275-533-1001,Single,Mexican,Shift 1,contract,9.0,WS-09-66,False,Kaiser Permanente,Pending annual review,2026-06-23 20:21:02
129,EMP-15863,Linda,Johnson,Linda Johnson,Female,40.0,1986-09-30,linda.johnson@corp.net,509-567-2364,   8880 Oak Ave ,Phoenix,AZ,United States,58777,Operations,Support Agent,David Sanchez,Active,REMOTE,2017-07-20,,11.9,Bachelor's,45428.28,5043.32,0.15,3.0,100.0,0.0,4,35,0,8,6,Excellent,Citibank,Checking,Jennifer Taylor,413-702-9021,Divorced,German,day,Contract,,,False,Blue Cross Blue Shield,Pending annual review,2026-06-17 20:21:02
130,EMP-61060,Jennifer,Lopez,Jennifer Lopez,Prefer Not to Say,41.0,1984-01-10,JENNIFER.LOPEZ@CORP.NET,853-373-1866,6952 Washington Blvd,Atlanta,GA,United States,56399,Operations,Support Agent,Daniel Lewis,Active,Hybrid,2013-12-13,2024-07-23,5.9,Bachelor's,87655.64,5391.17,0.15,2.0,100.0,0.0,8,1,3,26,8,satisfactory,Bank of America,CHECKING,Nancy Perez,,Married,German,Day,contract,7.0,WS-07-99,False,Kaiser Permanente,Completed leadership onboarding,2026-06-27 20:21:02
131,EMP-68805,Jennifer,Perez,Jennifer Perez,Non-Binary,39.0,1986-02-22,JENNIFER.PEREZ@ENTERPRISE.ORG,795-355-9832,8015 Maple Rd,Boston,ma,US,10292,IT,Marketing Specialist,Christopher Taylor,Active,remote,2022-12-13,,,PhD,65812.78,,0.22,4.0,90.8,2.9,2,67,4,9,6,EXCELLENT,citibank,checking,Linda Thomas,406-473-8017,MARRIED,British,Day,FT,,,False,UnitedHealth,Completed leadership onboarding,2026-07-13 20:21:02
132,EMP-36013,Patricia,Miller,Patricia Miller,MALE,53.0,1973-05-05,PATRICIA.MILLER@ENTERPRISE.ORG,798-831-3087,8322 Washington Blvd,Philadelphia,PA,usa,24139,Finance, Legal Counsel  ,Susan Martin,On Leave,remote,2018-06-29,,10.0,MS,68049.47,4959.06,0.22,3.0,99.1,17.2,4,54,1,20,11,EXCELLENT,TD Bank,CHECKING,Jennifer Miller,705-744-3436,Married,Indian,Day,Contract,,,True,Cigna,High potential,2026-07-30 20:21:02
133,EMP-16678,Richard,Wilson,Richard Wilson,Prefer Not to Say,35.0,1991-10-22,richard.wilson@company.com,528-352-6240,5369 Oak Ave,atlanta,ga,USA,46721,Human Resources,Product Manager,Elizabeth Brown,Active,hybrid,2024-05-17,2021-06-17,3.1,Master's,66114.13,9146.01,0.22,3.0,96.9,2.6,3,80,5,24,1,EXCELLENT,Capital One,Savings,Michael Thompson,201-176-9955,Divorced,German,Shift 2,Part-Time,9.0,WS-09-29  ,False,Cigna,Completed leadership onboarding,2026-06-07 20:21:02
134,EMP-67163,John,Thomas,john thomas,Non-Binary,47.0,1978-02-16,john.thomas@company.com,507-606-9723,8444 Washington Blvd,Boston,ma,usa,61150,Sales,Software Engineer,Michael Jackson,active,REMOTE,2022-03-19,2025-11-20,12.9,bachelor,102718.07,9273.1,0.22,1.0,100.0,7.8,5,17,2,30,0,satisfactory,Bank of America,Savings,,455-747-7047,MARRIED,British,NIGHT,Part-Time,,,False,UnitedHealth,N/A,2026-06-25 20:21:02
135,EMP-11364,Anthony,Lopez,Anthony Lopez,Male,30.0,1996-10-31,anthony.lopez@corp.net,325-432-5403,2650 Washington Blvd,Houston,TX,usa,66872,LEGAL,HR Specialist,Anthony Ramirez,Terminated,remote,2016-01-17,2020-03-27,1.8,BS,39425.6,6036.26,0.22,1.0,100.0,6.2,7,12,5,21,2,satisfactory,Chase,savings,Richard Smith,113-881-1716,Single,British,Night,contract,,,True,Blue Cross Blue Shield,High potential,2026-06-13 20:21:02
136,EMP-54353,Betty  ,Thompson,Betty Thompson,female,39.0,1987-10-05,betty.thompson@company.com,(623) 956-7804,7098 Washington Blvd,chicago,il,United States,95899,Product,Senior Developer,Patricia Thomas,Active,Remote,2014-04-13,2023-02-28,21.2,Master's,70943.08,13372.62,0.15,5.0,95.2,20.6,3,54,1,26,10,Good,Capital One,checking,Mark Brown,611-777-7047,Single,American,Night,contract,,,True,Cigna,,2026-06-15 20:21:02
137,EMP-72709,Anthony,Williams,aNTHONY wILLIAMS,Non-Binary,39.0,1987-01-30,anthony.williams@enterprise.org,912-751-6463,6378 Washington Blvd,Chicago,IL,United States,80614,Operations,Accountant,Charles Thompson,Terminated,hybrid,2016-12-01,2022-08-21,11.6,bachelor,84620.18,4448.75,0.22,1.0,96.1,12.3,3,37,3,9,8,good,Bank of America,Savings,Mary White,812-820-3344,Single,German,Shift 2,Contract,1.0,  WS-01-99 ,True,Aetna,High potential,2026-08-04 20:21:02
138,EMP-84603,Anthony,Clark,aNTHONY cLARK,Non-Binary,40.0,1986-03-31,anthony.clark@corp.net,(757) 132-3843,7543 Park Ave,Dallas,TX,usa,43823,Operations,Accountant,Jennifer Rodriguez,Terminated,remote,2014-10-22,2024-06-28,2.3,bachelor,48171.1,8351.7,0.15,4.0,100.0,13.3,7,21,0,30,5,satisfactory,Citibank,Checking,Patricia Williams,,Divorced,Canadian,day,Full-Time,,,True,Blue Cross Blue Shield,N/A,2026-07-23 20:21:02
139,EMP-93674,Sandra, Johnson  ,Sandra Johnson,non-binary,28.0,1997-10-17,SANDRA.JOHNSON@CORP.NET,232-819-2595,  8327 Oak Ave ,Philadelphia,PA,USA,48026,LEGAL, Systems Administrator   ,Robert Harris,Terminated,REMOTE,2023-09-26,2023-10-30,7.4,BS,76114.5,7919.52,0.32,1.0,100.0,8.9,4,78,4,7,2,Needs Improvement,TD Bank,Checking,Margaret Smith,991-416-9964,Single,Indian,Day,FT,,,False,UnitedHealth,,2026-07-13 20:21:02
140,EMP-21695,John,Garcia,John Garcia,Prefer Not to Say,32.0,1993-05-07,john.garcia@enterprise.org,977-734-3113,6222 Main St,San Diego,CA,US,76314,Engineering,   Systems Administrator ,Robert Ramirez,On Leave,Remote,2024-10-14,,7.3,MS,96419.93,14498.91,0.32,5.0,92.1,0.0,2,50,3,11,6,Good,Chase,CHECKING,Jessica Miller,587-217-5560,MARRIED,Canadian,Shift 2,Part-Time,,,True,Blue Cross Blue Shield,Transferred from regional branch,2026-08-01 20:21:02
141,EMP-57381,Margaret,Wilson,margaret wilson,Prefer Not to Say,46.0,1979-03-27,margaret.wilson@enterprise.org,992-529-9597,1614 Washington Blvd,Houston,tx,USA,48915,Customer Support,Product Manager,Daniel Sanchez,ACTIVE,remote,2019-12-15,2024-05-12,0.5,High School,70402.41,9826.01,0.22,3.0,98.1,4.3,6,1,1,19,2,good,WELLS FARGO,savings,William Taylor,561-952-3059,MARRIED,American,Day,Part-Time,,,True,Kaiser Permanente,Pending annual review,2026-07-22 20:21:02
142,EMP-55624,Michael,Miller,,non-binary,34.0,1992-05-29,michael.miller@company.com,520-460-6770,1957 Oak Ave,Boston,MA,US,58905,IT,Support Agent,Betty Perez,On Leave,hybrid,2018-05-09,2021-02-10,16.3,Bachelor's,69808.17,3662.41,0.15,4.0,87.5,1.5,8,64,4,30,0,satisfactory,Wells Fargo,Savings,Linda Harris,490-217-4204,Single,British,Shift 2,FT,15.0,WS-15-92,,UnitedHealth,Pending annual review,2026-07-18 20:21:02
143,EMP-96334,William,Martinez,William Martinez,prefer not to say,,1989-01-18,william.martinez@corp.net,685-540-4962,945 Park Ave,Dallas,tx,usa,93397,Finance,Sales Executive,Susan Davis,active,Remote,2023-04-23,,1.4,MS,91088.78,13125.69,0.22,3.0,94.2,4.5,10,19,0,24,11,Needs Improvement,Chase,Checking,Lisa White,564-749-6867,Married,British,Night,PT,,,True,Cigna,N/A,2026-07-18 20:21:02
144,EMP-20874,Sandra,Jones,SANDRA JONES,Prefer Not to Say,56.0,1969-05-26,SANDRA.JONES@COMPANY.COM,958-312-7402,8071 Main St,Los Angeles,ca,USA,65038,Customer Support,Product Manager,,Active,hybrid,2024-09-21,2020-05-08,13.6,Master's,69622.23,8534.76,0.15,2.0,89.5,0.0,10,3,4,5,8,Needs Improvement,Bank of America,checking,Patricia Lewis,435-241-4600,Married,British,Shift 1,FT,4.0,WS-04-21,False,Cigna,,2026-07-10 20:21:02
145,EMP-35304,William,Garcia,William Garcia,Male,63.0,1962-11-16,william.garcia@company.com,533-710-5451,7133 Oak Ave,Boston,ma,usa,59015,Human Resources,Legal Counsel,Susan Martinez,ACTIVE,REMOTE,2019-11-25,,8.3,Master's,75278.59,5863.24,0.22,3.0,94.9,0.0,6,1,5,15,3,good,Capital One,Savings,Sarah Williams,716-317-9638,MARRIED,British,NIGHT,PT,,,True,Cigna,Completed leadership onboarding,2026-07-15 20:21:02
146,EMP-51958,Michael,Miller,Michael Miller,Non-Binary,39.0,1986-01-22,michael.miller@corp.net,(572) 391-3147,8742 Main St,Boston,ma,U.S.A.,12132,Human Resources,Marketing Specialist,Matthew Lopez,Terminated,Hybrid,2023-01-28,2024-05-30,7.3,PhD,63526.76,9285.36,0.24,5.0,92.3,0.4,3,13,2,27,11,good,Bank of America,Savings,Lisa Lewis,935-650-1080,Single,British,Day,Full-Time,1.0,WS-01-48  ,False,Aetna,Transferred from regional branch,2026-07-27 20:21:02
147,EMP-51855,Betty,Jones,Betty Jones,Prefer Not to Say,63.0,1962-09-04,betty.jones@corp.net,594-331-2504,9250 Oak Ave,Phoenix,AZ,US,36986,HUMAN RESOURCES,Software Engineer,Joseph Clark,On Leave,Onsite,2019-08-20,,2.5,High School,102771.65,9969.25,0.32,2.0,81.7,0.0,6,49,3,24,8,Excellent,Citibank,checking,Susan Garcia,990-691-2672,Single,German,Day,Part-Time,1.0,WS-01-68,True,Kaiser Permanente,,2026-07-28 20:21:02
148,EMP-82129,John,Lopez,John Lopez,Male,18.0,2007-02-20,john.lopez@corp.net,(280) 708-5520,917 Oak Ave,Dallas,TX,USA,38780,Engineering,Accountant,Karen Thompson,On Leave,remote,2014-04-09,,1.8,Masters,51449.43,3892.37,0.24,5.0,105.0,0.0,10,61,5,14,11,Excellent,Bank of America,Checking,Jennifer Garcia,566-245-1208,single,British,Day,Part-Time,,,False,Aetna,Completed leadership onboarding,2026-08-04 20:21:02
149,EMP-87857,Barbara,Thomas,BARBARA THOMAS,Male,40.0,1985-08-22,barbara.thomas@company.com,(923) 853-6499,4316 Washington Blvd,San Diego,CA,U.S.A.,,Customer Support,Sales Executive,Matthew Perez,active,REMOTE,2022-11-11,,6.7,Bachelors,72002.44,8031.72,0.22,3.0,97.6,3.2,7,46,1,28,1,Excellent,Citibank,checking,Mark Lee,560-997-9632,Divorced,British,Shift 2,PT,,,False,UnitedHealth,N/A,2026-06-28 20:21:02
150,EMP-78167,Daniel,Hernandez,Daniel Hernandez,Non-Binary,26.0,2000-05-25,daniel.hernandez@company.com,738-671-3664,355 Washington Blvd ,Phoenix,az,US,74011,Product,Software Engineer   ,Nancy Harris,Active,hybrid,2018-01-26,,16.8,MS,93713.57,5820.33,0.32,3.0,100.0,0.3,7,12,2,14,9,Good,Bank of America,checking,Margaret Jackson,886-304-5096,MARRIED,Canadian,Shift 1,Contract,2.0,WS-02-48,False,Cigna,,2026-06-21 20:21:02
151,EMP-51059,Thomas,Robinson,Thomas Robinson,Prefer Not to Say,30.0,1995-01-28,THOMAS.ROBINSON@ENTERPRISE.ORG,905-348-9391,4906 Main St,pHILADELPHIA,PA,U.S.A.,61466,Engineering,Legal Counsel,Mary Williams,active,hybrid,2014-05-26,,4.4,Masters,76974.92,11822.5,0.15,5.0,94.3,0.0,4,66,1,22,11,good,Bank of America,Savings,Elizabeth Lee,106-924-8945,Married,American,Day,Full-Time,3.0,WS-03-87,True,Blue Cross Blue Shield,,2026-07-10 20:21:02
152,EMP-17294,Sandra,Brown,Sandra Brown,Non-Binary,43.0,1983-11-05, SANDRA.BROWN@ENTERPRISE.ORG ,(862) 773-4943,7901 Washington Blvd,Chicago,IL,United States,97495,IT,Systems Administrator,Richard Thompson,On Leave,remote,2021-07-12,,2.7,Bachelor's,67986.37,3511.7,0.32,1.0,93.9,0.0,8,35,0,10,5,Needs Improvement,Capital One,CHECKING,Richard Taylor,771-255-6764,MARRIED,British,Shift 2,contract,,,True,UnitedHealth,,2026-07-05 20:21:02
153,EMP-59351,Jessica,Martin,Jessica Martin,NON-BINARY,46.0,1980-08-17, jessica.martin@corp.net ,(850) 262-4796,5402 Oak Ave,Los Angeles,CA,usa,41013,Finance,Support Agent,Susan Robinson,Terminated,Hybrid,2014-07-26,,3.3,PhD,79693.04,11235.12,0.22,3.0,96.3,0.0,10,71,1,11,4,good,Citibank,Savings,Michael White,933-641-4150,Single,German,NIGHT,Full-Time,4.0,WS-04-14,True,Cigna,Transferred from regional branch,2026-07-31 20:21:02
154,EMP-54657,Jennifer,Perez,Jennifer Perez,Female,54.0,1971-12-27,jennifer.perez@corp.net,740-485-2161,1753 Main St,SAN JOSE,CA,US,16747,customer support,Marketing Specialist,William Gonzalez,Active,Remote,2018-06-17,,3.0,High School,61855.33,7732.35,0.15,5.0,90.3,22.7,5,3,0,15,6,Good,Bank of America,Checking,Robert Miller,851-437-2021,Single,Mexican,day,contract,,,True,Blue Cross Blue Shield,,2026-06-26 20:21:02
155,EMP-20563,Mark,Moore,MARK MOORE,Prefer Not to Say,41.0,1985-03-17, mark.moore@company.com ,930-300-9752,   9152 Washington Blvd,San Jose,CA,USA,65945,Human Resources,Sales Executive,David Wilson,Active,Remote,2014-01-23,2022-07-19,1.7,High School,93480.54,,0.22,1.0,94.1,0.0,1,40,2,24,10,Excellent,wELLS fARGO,savings,Jessica Perez,178-178-5099,Married,Indian,NIGHT,contract,,,False,Aetna,,2026-06-05 20:21:02
156,EMP-58094,Matthew,Moore,Matthew Moore,male,32.0,1994-12-24,matthew.moore@enterprise.org,(633) 336-5996,687 Oak Ave,Seattle,wa,United States,95184,HR,Marketing Specialist,Richard Martinez,Active,Onsite,2018-04-05,2024-04-21,13.2,MS,60913.13,3451.48,0.22,4.0,88.0,0.0,6,3,4,29,5,Good,Capital One,Checking,David White,544-986-8004,Single,American,day,FT,12.0,WS-12-96,False,Kaiser Permanente,Transferred from regional branch,2026-07-11 20:21:02
157,EMP-71254,Lisa,Robinson,Lisa Robinson,non-binary,22.0,2004-07-09,lisa.robinson@corp.net,775-356-1202,3029 Washington Blvd,Los Angeles,CA,US,,Engineering,Product Manager,Sarah Miller,Terminated,Onsite,2018-03-14,2023-07-10,11.0,PhD,49391.41,8144.47,0.32,2.0,100.0,8.0,1,29,0,25,0,Excellent,TD Bank,savings,,834-333-1996,Divorced,British,Day,contract,14.0,WS-14-55,True,UnitedHealth,,2026-07-03 20:21:02
158,EMP-20151,Linda,Miller,Linda Miller,Prefer Not to Say,20.0,2005-12-01,linda.miller@enterprise.org,581-401-1510,9786 Main St,Chicago,il,United States,37719,Operations,Senior Developer,Charles Thompson,Active,remote,2012-09-24,2021-09-06,5.3,Bachelor's,94436.45,18301.2,0.32,5.0,94.8,16.1,1,77,3,26,8,Needs Improvement,Citibank,Savings,Anthony Jackson,349-436-4982,Divorced,Canadian,Shift 2,Contract,,,True,Cigna,Completed leadership onboarding,2026-07-09 20:21:02
159,EMP-57432,John,Lopez,John Lopez,Female,34.0,1991-05-09,john.lopez@company.com,241-720-5264,6792 Washington Blvd,Denver,CO,USA,29450,Marketing,Product Manager,Sarah Thompson,ACTIVE,Onsite,2014-11-01,2024-11-02,,BS,81156.04,5669.29,0.32,4.0,86.4,10.0,5,15,2,15,9,Needs Improvement,CAPITAL ONE,Checking,John White,559-518-8368,single,British,Shift 2,contract,3.0,WS-03-33,True,Blue Cross Blue Shield,Transferred from regional branch,2026-06-22 20:21:02
160,EMP-95118,Joseph,Gonzalez,Joseph Gonzalez,mALE,31.0,1994-02-19,joseph.gonzalez@corp.net,430-493-6219,7153 Park Ave,Denver,co,United States,90671,Customer Support,Data Analyst,Jessica Anderson,Active,Hybrid,2017-10-26,2021-03-10,5.9,Masters,49231.05,3989.02,0.22,1.0,95.5,3.2,9,24,0,20,0,Good,Bank of America,CHECKING,Susan White,229-950-8435,Single,German,NIGHT,Full-Time,8.0,WS-08-65,True,UnitedHealth,Completed leadership onboarding,2026-07-13 20:21:02
161,EMP-20363,Lisa,Sanchez,Lisa Sanchez,Male,39.0,1986-02-09,lisa.sanchez@corp.net,776-957-1583,6263 Oak Ave,Austin,tx,U.S.A.,44771,Legal,Senior Developer,Robert Miller,Active,REMOTE,2016-10-20,,3.1,High School,83165.06,,0.24,5.0,86.5,10.5,8,67,5,10,4,Excellent,Wells Fargo,savings,Margaret Lee,465-656-8880,Married,American,Shift 1,FT,,,False,Cigna,High potential,2026-07-15 20:21:02
162,EMP-96587,Patricia,Lopez,Patricia Lopez,Prefer Not to Say,33.0,1992-01-30,patricia.lopez@corp.net,675-890-6295,7066 Washington Blvd,Phoenix,AZ,usa,17160,Marketing,Software Engineer,Susan Davis,Active,REMOTE,2016-08-16,2021-03-27,10.6,Master's,107410.67,14067.05,0.15,4.0,100.0,10.9,9,8,5,6,8,Excellent,Wells Fargo,Savings,Anthony Moore,835-334-5754,Divorced,British,Shift 2,Part-Time,,,True,Blue Cross Blue Shield,High potential,2026-07-02 20:21:02
163,EMP-23437,Thomas,Gonzalez,Thomas Gonzalez,Male,19.0,2007-01-22,thomas.gonzalez@company.com,178-175-9265,341 Park Ave,Seattle,WA,USA,29902,IT,Accountant,Betty Martinez,On Leave,REMOTE,2012-07-10,,1.6,Bachelor's,62503.63,9276.01,0.24,4.0,95.1,1.8,8,36,5,22,8,Excellent,citibank,savings,Lisa Gonzalez,881-659-2774,MARRIED,American,Shift 2,Part-Time,,,False,Kaiser Permanente,High potential,2026-07-14 20:21:02
164,EMP-28844,Margaret,Lee  ,MARGARET LEE,Prefer Not to Say,34.0,1992-08-03,margaret.lee@company.com,445-954-3467,191 Maple Rd,New York,NY,usa,83716,Operations,Systems Administrator,Joseph Thompson,Terminated,hybrid,2013-10-29,2024-10-09,9.0,MS,46312.7,2410.28,0.15,2.0,97.9,0.0,7,63,1,25,12,Needs Improvement,cITIBANK,CHECKING,,220-545-5820,Divorced,Mexican,Shift 1,PT,15.0,WS-15-57,True,Kaiser Permanente,Completed leadership onboarding,2026-06-26 20:21:02
165,EMP-58660,Thomas,Martin,Thomas Martin,FEMALE,22.0,,THOMAS.MARTIN@ENTERPRISE.ORG,105-419-4074,1651 Main St,Houston,TX,US,87916,Customer Support,Accountant,James Robinson,Active,remote,2018-11-09,,4.0,Masters,101826.24,14891.06,0.22,1.0,90.6,0.0,2,16,4,23,10,good,Wells Fargo,CHECKING,Karen Rodriguez,854-992-8756,Single,Canadian,Night,Full-Time,,,True,Cigna,High potential,2026-06-08 20:21:02
166,EMP-16840,Robert,Taylor,Robert Taylor,mALE,43.0,1983-01-30,robert.taylor@enterprise.org,719-962-4504,7263 Park Ave,Chicago,IL,United States,42838,Operations,Systems Administrator,James Ramirez,On Leave,hybrid,2019-10-05,2022-05-25,0.5,bachelor,116626.29,8962.83,0.15,2.0,93.5,0.0,5,42,0,16,4,Needs Improvement,Chase,Checking,Christopher Rodriguez,507-144-5145,Single,Mexican,Day,contract,15.0,WS-15-70,False,Cigna,Completed leadership onboarding,2026-06-17 20:21:02
167,EMP-81511,Margaret ,Brown,Margaret Brown,Male,38.0,1987-02-27, margaret.brown@corp.net ,973-298-1273,2872 Park Ave,Philadelphia,PA,US,58005,Product,Systems Administrator,John Miller,Terminated,Remote,2017-12-24,,8.9,Masters,87151.34,13360.95,0.15,3.0,87.4,0.5,10,11,4,19,1,EXCELLENT,Chase,Checking,Jennifer Hernandez,120-885-3774,Married,German,Shift 1,FT,,,True,Aetna,N/A,2026-06-24 20:21:02
168,EMP-35046,Lisa,Harris,Lisa Harris,NON-BINARY,63.0,1962-08-20,lisa.harris@enterprise.org,(814) 550-5334,8669 Washington Blvd,Los Angeles,CA,US,32344,IT,Legal Counsel,Daniel Wilson,active,hybrid,2018-06-22,,7.5,High School,97985.47,15821.69,0.22,3.0,91.5,1.1,9,80,1,20,2,good,Capital One,CHECKING,Richard Perez,134-430-2713,Single,Canadian,Shift 2,FT,6.0,WS-06-53,True,UnitedHealth,N/A,2026-07-01 20:21:02
169,EMP-34400,Matthew,Smith,Matthew Smith,Prefer Not to Say,39.0,1987-01-18,matthew.smith@enterprise.org,998-339-9306,  6665 Park Ave   ,Los Angeles,CA,U.S.A.,78692,IT,HR Specialist,Margaret Johnson,Active,Remote,2019-10-06,2021-11-08,6.3,BS,114500.55,8680.32,0.22,2.0,94.8,5.7,3,71,2,5,7,Excellent,WELLS FARGO,CHECKING,Nancy Gonzalez,583-784-7165,Married,American,Shift 2,Part-Time,,,False,Aetna,,2026-06-08 20:21:02
170,EMP-47118,Anthony,Perez,ANTHONY PEREZ,Prefer Not to Say,45.0,1980-01-28,ANTHONY.PEREZ@CORP.NET,613-942-1026,3869 Oak Ave,San Jose,CA,USA,15799,PRODUCT,Support Agent,Susan Jones,On Leave,hybrid,2022-10-12,,5.2,MS,87648.15,9617.84,0.15,4.0,99.9,3.2,7,1,1,15,2,Needs Improvement,Capital One,savings,James Thomas,786-511-7921,Divorced,Indian,Shift 1,contract,11.0,WS-11-24,False,Cigna,Completed leadership onboarding,2026-07-01 20:21:02
171,EMP-57823,Patricia,Sanchez,Patricia Sanchez,MALE,20.0,2006-12-26,patricia.sanchez@company.com,545-149-8614,6114 Main St,phoenix,AZ,usa,99966,Product,Marketing Specialist,James Moore,Active,Hybrid,2021-05-09,,13.7,Bachelors,48613.04,,0.32,2.0,93.9,0.0,3,63,3,13,5,good,TD Bank,CHECKING,,434-481-1627,Single,Indian,day,contract,2.0,WS-02-53,False,Blue Cross Blue Shield,Pending annual review,2026-07-19 20:21:02
172,EMP-95576, Lisa   ,Lewis,Lisa Lewis,Female,48.0,1978-08-11,lisa.lewis@enterprise.org,(613) 787-1749,4567 Main St,San Jose,ca,US,12453,Finance,Product Manager,Christopher Hernandez,Active,Onsite,2019-04-13,,8.6,PhD,91333.97,13263.14,0.32,4.0,105.0,10.8,6,56,1,19,11,good,Bank of America,Savings,Nancy Gonzalez,133-776-2287,MARRIED,British,Day,Part-Time,12.0,WS-12-77,False,Cigna,Completed leadership onboarding,2026-07-26 20:21:02
173,EMP-91902,Charles,Garcia,Charles Garcia,Non-Binary,46.0,1979-08-29,CHARLES.GARCIA@CORP.NET,199-505-4576,2706 Washington Blvd,Houston,TX,United States,56140,Product,Marketing Specialist,Barbara Lee,ACTIVE,hybrid,2019-02-16,2025-12-21,10.3,MS,73596.69,8801.21,0.32,2.0,86.7,0.0,9,42,3,25,2,satisfactory,Chase,savings,Susan Wilson,129-733-4673,MARRIED,Mexican,Day,PT,10.0,WS-10-62,False,Aetna,Transferred from regional branch,2026-06-22 20:21:02
174,EMP-21923,Barbara,Smith,Barbara Smith,Female,42.0,1984-01-13,BARBARA.SMITH@COMPANY.COM,430-235-5800,7623 Oak Ave,Los Angeles,ca,usa,68150,Finance,Legal Counsel,Margaret Martin,active,Remote,2017-06-28,2020-10-13,,Bachelors,80431.58,8924.05,0.32,4.0,88.6,0.0,9,15,5,29,9,satisfactory,Capital One,savings,Jessica Clark,399-931-7527,Single,British,Shift 2,contract,,,False,Blue Cross Blue Shield,High potential,2026-07-19 20:21:02
175,EMP-85997,Matthew,Sanchez,Matthew Sanchez,Female,27.0,1998-04-10,matthew.sanchez@corp.net,350-875-5259,4325 Park Ave,Philadelphia,PA,usa,14685,Finance,Software Engineer,Barbara Jackson,Active,Hybrid,2015-07-20,2023-06-02,13.3,PhD,74208.9,5429.58,0.22,2.0,98.4,0.0,4,3,1,23,4,Excellent,capital one,checking,Lisa Taylor,629-515-8814,Married,British,NIGHT,Part-Time,10.0,WS-10-74,False,Cigna,Completed leadership onboarding,2026-07-02 20:21:02
176,EMP-73183,Jennifer,  Thomas,Jennifer Thomas,Male,38.0,1988-04-15,jennifer.thomas@corp.net,901-906-9587,6628 Main St,Atlanta,ga,USA,76508,Operations,Senior Developer,John Sanchez,Terminated,REMOTE,2017-07-24,,8.1,BS,93765.68,13841.79,0.32,2.0,92.4,0.4,2,24,5,7,2,Needs Improvement,WELLS FARGO,Savings,Linda Jackson,588-575-2610,Single,British,NIGHT,Full-Time,,,True,Cigna,High potential,2026-07-29 20:21:02
177,EMP-81089,Charles,Miller,,Prefer Not to Say,23.0,2003-03-30,charles.miller@company.com,100-357-7671,8411 Washington Blvd,San Jose,CA,US,94578,Operations,Marketing Specialist,Thomas Martinez,Active,Remote,2022-12-08,,10.5,High School,54150.3,4032.55,0.32,3.0,100.0,12.9,9,23,1,29,1,Excellent,Bank of America,checking,David Harris,205-801-5916,Married,Mexican,NIGHT,Part-Time,,,False,Cigna,Pending annual review,2026-06-26 20:21:02
178,EMP-96847,Jennifer,Hernandez,Jennifer Hernandez,nON-bINARY,36.0,1989-11-07,jennifer.hernandez@enterprise.org,560-415-7968,1006 Washington Blvd,San Jose,CA,usa,28340,sales,Senior Developer,Nancy Thompson,active,Hybrid,2012-07-12,,5.8,Master's,103939.56,16718.94,0.32,3.0,96.0,3.8,8,75,3,6,12,satisfactory,Citibank,savings,Linda Rodriguez,700-484-1971,Divorced,British,day,Contract,8.0,WS-08-46  ,False,Aetna,Transferred from regional branch,2026-07-23 20:21:02
179,EMP-83641,John,Anderson,John Anderson,Non-Binary,46.0,1979-03-11,john.anderson@corp.net,891-556-4519,5556 Oak Ave,Chicago,il,US,43951,eNGINEERING,Systems Administrator,Richard Sanchez,Active,REMOTE,2013-05-08,2025-09-29,9.4,MS,48010.73,9312.56,0.24,5.0,97.9,0.2,2,72,0,22,12,EXCELLENT,Capital One,CHECKING,Betty Ramirez,579-724-4127,single,British,Shift 2,FT,,,True,Blue Cross Blue Shield,Pending annual review,2026-07-14 20:21:02
180,EMP-69512,Thomas,Harris,thomas harris,non-binary,38.0,,thomas.harris@enterprise.org,(790) 886-6351,5910 Park Ave,Dallas,TX,U.S.A.,29435,FINANCE,Legal Counsel,Betty Johnson,Terminated,Hybrid,2013-07-21,,13.3,bachelor,64654.23,5188.84,0.24,2.0,100.0,6.5,3,56,0,17,0,good,TD Bank,Savings,Richard Johnson,508-303-4369,MARRIED,American,Day,Part-Time,9.0,WS-09-84,True,Aetna,High potential,2026-06-18 20:21:02
181,EMP-89278,Barbara,White,BARBARA WHITE,Non-Binary,47.0,,barbara.white@enterprise.org,463-469-6078,3857 Main St,BOSTON,MA,US,61076,Engineering,Marketing Specialist,,active,Remote,2015-12-23,2021-06-08,9.6,BS,41363.59,6797.82,0.22,3.0,86.2,0.0,3,22,4,9,11,satisfactory,Bank of America,Checking,,308-413-7613,Divorced,Mexican,Shift 1,Full-Time,,,True,Cigna,High potential,2026-07-26 20:21:02
182,EMP-63432,Mary,Moore,Mary Moore,Male,29.0,1997-03-05,mary.moore@company.com,649-550-3202,7902 Washington Blvd,Boston,MA,US,43667,Operations,Operations Manager,Patricia Thomas,active,REMOTE,2016-05-26,,12.0,BS,68992.79,4300.21,0.32,3.0,91.0,0.0,3,38,2,27,7,satisfactory,Capital One,CHECKING,Mark Rodriguez,234-435-7914,Married,Mexican,NIGHT,Full-Time,,,False,Aetna,,2026-06-12 20:21:02
183,EMP-41172,Jennifer,Gonzalez,Jennifer Gonzalez,Prefer Not to Say,27.0,1999-09-29,JENNIFER.GONZALEZ@ENTERPRISE.ORG,445-445-4052,7576 Main St,Phoenix,AZ,U.S.A.,54875,SALES,Sales Executive,James Moore,Active,remote,2014-06-29,,2.7,BS,36326.43,3489.32,0.15,5.0,89.0,11.4,9,24,1,26,3,EXCELLENT,Bank of America,checking,Thomas Martin,676-980-9692,MARRIED,British,day,Part-Time,,,True,Blue Cross Blue Shield,Completed leadership onboarding,2026-06-25 20:21:02
184,EMP-91026,Linda,Clark,Linda Clark,Prefer Not to Say,47.0,1979-02-15,linda.clark@corp.net,239-838-5915,3520 Park Ave,NEW YORK,NY,US,18757,pRODUCT,Product Manager,Matthew Sanchez,Active,remote,2015-07-30,2024-05-20,6.9,bachelor,74010.73,4483.55,0.24,2.0,98.4,9.5,3,26,3,9,10,Good,wells fargo,Checking,Thomas Martinez,890-743-8718,single,British,Day,PT,,,False,UnitedHealth,N/A,2026-08-02 20:21:02
185,EMP-60004,Anthony,Lewis,Anthony Lewis,Prefer Not to Say,49.0,1976-04-15,anthony.lewis@corp.net,990-970-9102,1823 Maple Rd,Boston,MA,USA,46158,Operations,Systems Administrator,,ACTIVE,remote,2017-06-11,2022-06-25,16.1,Masters,43600.79,7287.36,0.32,5.0,95.4,1.9,10,13,4,30,10,EXCELLENT,CAPITAL ONE,Savings,Barbara Jackson,718-531-7451,Single,British,NIGHT,FT,,,False,Kaiser Permanente,High potential,2026-06-13 20:21:02
186,EMP-92328,Lisa,Harris,Lisa Harris,non-binary,31.0,1994-01-30,lisa.harris@enterprise.org,354-383-8307,2731 Oak Ave,denver,CO,US,81732,Product,HR Specialist,Betty Williams,Terminated,REMOTE,2017-02-07,,5.2,Bachelor's,62252.26,6034.65,0.22,4.0,100.0,0.6,6,56,2,29,2,Excellent,wells fargo,Savings,Charles Martinez,817-757-5853,MARRIED,Canadian,Shift 2,PT,,,True,Blue Cross Blue Shield,Completed leadership onboarding,2026-06-09 20:21:02
187,EMP-96925,Richard,Ramirez,Richard Ramirez,PREFER NOT TO SAY,34.0,1991-10-28,richard.ramirez@company.com,351-661-3539,3687 Oak Ave,Austin,tx,United States,67718,mARKETING,Marketing Specialist,James Ramirez,active,remote,2021-04-18,2022-02-26,2.1,High School,90918.13,13100.24,0.32,3.0,100.0,1.7,5,55,2,16,3,Good,Capital One,Savings,David Ramirez,819-352-9819,Single,Mexican,NIGHT,FT,,,False,Kaiser Permanente,Pending annual review,2026-06-20 20:21:02
188,EMP-94536,Sarah,Clark,sarah clark,Prefer Not to Say,32.0,, sarah.clark@enterprise.org ,988-823-3422,9434 Maple Rd,Los Angeles,ca,US,13614,Legal,HR Specialist,Michael Perez,Terminated,hybrid,2018-10-31,,11.2,High School,79058.46,5663.35,0.24,1.0,87.4,9.0,10,15,0,24,1,Needs Improvement,Citibank,Savings,Linda Martin,,single,German,Day,Contract,2.0,WS-02-22,False,Cigna,Completed leadership onboarding,2026-06-11 20:21:02
189,EMP-54996,Jennifer,Brown,Jennifer Brown,MALE,29.0,1996-08-20,jennifer.brown@corp.net,636-363-1334,6213 Main St,Atlanta,GA,USA,,Customer Support,Software Engineer,Charles Jackson,Active,Remote,2016-03-24,2025-08-02,8.8,bachelor,67749.3,4372.87,0.22,5.0,97.9,1.4,3,64,1,19,0,Needs Improvement,Chase,Checking,Margaret Robinson,398-210-6718,MARRIED,Mexican,Night,Full-Time,,,False,Aetna,Transferred from regional branch,2026-06-05 20:21:02
190,EMP-69594,Sandra,Perez,SANDRA PEREZ,Male,40.0,1985-09-03,SANDRA.PEREZ@ENTERPRISE.ORG,591-930-2618,8739 Park Ave,Boston,MA,US,79720,Operations,Marketing Specialist,Joseph Harris,ACTIVE,remote,2021-01-24,2020-12-03,9.7,PhD,88170.89,11831.47,0.24,4.0,100.0,0.9,1,67,0,11,1,Good,Capital One,CHECKING,Sarah Garcia,,Divorced,Indian,Night,Contract,,,True,Cigna,Completed leadership onboarding,2026-06-11 20:21:02
191,EMP-33368,Thomas,Lopez,Thomas Lopez,non-binary,20.0,2005-07-31,thomas.lopez@corp.net,(805) 219-5758,3000 Washington Blvd,New York,NY,US,58730,product,HR Specialist,Karen Perez,On Leave,hybrid,2024-10-17,2023-06-22,1.7,Masters,92682.02,4776.29,0.32,3.0,90.2,6.8,5,76,0,25,11,good,Chase,savings,Robert Perez,172-752-2874,single,American,Night,PT,6.0,WS-06-31,False,Cigna,N/A,2026-07-17 20:21:02
192,EMP-84725,William,Brown,William Brown,Male,32.0,1993-05-11,william.brown@company.com,(953) 497-4022,7242 Park Ave,Los Angeles,CA,United States,28711,Engineering,Legal Counsel,Michael Harris,Active,Onsite,2024-10-03,,9.1,Masters,74671.54,7655.15,0.15,4.0,100.0,6.6,4,23,5,11,5,satisfactory,TD Bank,savings,John Clark,641-394-3639,Divorced,American,Day,contract,2.0,WS-02-62,True,Aetna,Completed leadership onboarding,2026-07-12 20:21:02
193,EMP-15037,Robert,Lewis,Robert Lewis,Prefer Not to Say,50.0,1975-08-18, robert.lewis@company.com ,587-685-7325,8137 Park Ave,Phoenix,AZ,United States,93453,Finance,Sales Executive,Elizabeth Lee,On Leave,Hybrid,2015-08-06,,,Masters,101477.5,12074.79,0.22,4.0,89.3,0.0,7,53,3,19,11,good,Citibank,savings,Barbara Hernandez,508-236-9682,Married,German,Night,PT,4.0,WS-04-94,False,Kaiser Permanente,,2026-07-16 20:21:02
194,EMP-37985,Richard,Jones,Richard Jones,prefer not to say,21.0,2005-07-18,richard.jones@corp.net,(553) 124-4382,2653 Washington Blvd,San Antonio,tx,U.S.A.,35927,Customer Support,Senior Developer,Sandra Thomas,active,REMOTE,2023-11-25,2020-05-24,10.3,Bachelor's,79800.45,4093.79,0.15,3.0,96.5,10.7,4,19,1,14,1,Good,Capital One,CHECKING,Mark Clark,446-820-3870,Single,Mexican,Night,Part-Time,,,True,Kaiser Permanente,Transferred from regional branch,2026-06-30 20:21:02
195,EMP-82393,Christopher,Thomas,Christopher Thomas,Male,46.0,1980-03-31,CHRISTOPHER.THOMAS@COMPANY.COM,274-885-1326,9682 Park Ave,San Jose,CA,usa,12602,IT,Sales Executive,Mark Lopez,Active,REMOTE,2018-09-24,2021-09-04,10.5,bachelor,96333.49,9450.78,0.15,3.0,100.0,0.0,10,53,1,16,4,Excellent,Capital One,CHECKING,,426-270-1852,Divorced,British,Shift 2,FT,,,False,Cigna,,2026-07-27 20:21:02
196,EMP-91811,James,White,James White,prefer not to say,51.0,1975-12-15,james.white@enterprise.org,516-824-6605,3260 Washington Blvd,Chicago,IL,U.S.A.,20919,Human Resources,Legal Counsel,James Sanchez,active,Onsite,2017-06-13,,11.2,BS,71657.64,6129.72,0.15,1.0,95.7,4.1,10,9,1,23,10,good,TD Bank,Checking,Karen Brown,242-304-2329,Single,American,Shift 2,contract,4.0,WS-04-36,True,Aetna,Completed leadership onboarding,2026-06-27 20:21:02
197,EMP-34387,Jessica,Martinez,Jessica Martinez,male,31.0,1994-09-27,jessica.martinez@corp.net,(879) 177-4083,2761 Washington Blvd,Chicago,IL,United States,87635,Product,Marketing Specialist,William Clark,Active,REMOTE,2012-02-27,2022-10-27,10.5,BS,83365.05,4953.34,0.15,5.0,97.0,7.1,8,1,5,26,1,Good,Capital One,checking,Daniel Perez,167-682-5299,Divorced,Indian,Shift 1,contract,,,False,UnitedHealth,,2026-06-18 20:21:02
198,EMP-34941,Linda,Jackson,Linda Jackson,Non-Binary,39.0,1987-02-17,linda.jackson@enterprise.org,529-125-3284,   6644 Maple Rd ,Denver,CO,United States,87717,MARKETING,Support Agent,William Hernandez,On Leave,remote,2015-07-20,,8.2,High School,47802.88,3752.14,0.32,4.0,98.7,10.1,1,45,0,7,5,satisfactory,Citibank,Savings,Linda Taylor,922-321-7821,Divorced,German,Night,Contract,,,False,Cigna,Transferred from regional branch,2026-07-27 20:21:02
199,EMP-79420,Elizabeth,Hernandez,Elizabeth Hernandez,prefer not to say,52.0,1974-03-04,elizabeth.hernandez@enterprise.org,749-587-5596,2182 Maple Rd,Dallas,TX,United States,85009,Marketing,Operations Manager,Anthony Davis,On Leave,Onsite,2019-01-11,2021-01-26,9.1,BS,80331.61,4996.32,0.24,1.0,93.0,7.8,5,18,2,29,0,good,Bank of America,Checking,David Lopez,594-675-3394,Divorced,Indian,Shift 1,PT,15.0,WS-15-78,True,Kaiser Permanente,Transferred from regional branch,2026-06-19 20:21:02
200,EMP-17938,Lisa,Lewis,Lisa Lewis,Prefer Not to Say,37.0,1988-11-01, lisa.lewis@company.com ,531-180-7039,6359 Park Ave,San Diego,CA,usa,68214,Human Resources,Accountant,Joseph Martinez,Active,Hybrid,2012-05-18,,9.4,High School,87157.93,6211.13,0.32,,95.9,1.1,3,41,4,29,0,satisfactory,Wells Fargo,CHECKING,Mary Lewis,840-834-3160,Single,Canadian,Night,Full-Time,9.0,WS-09-30,True,UnitedHealth,N/A,2026-07-09 20:21:02
201,EMP-55032,Matthew,Williams,Matthew Williams,Prefer Not to Say,39.0,1986-04-02,MATTHEW.WILLIAMS@ENTERPRISE.ORG,332-345-1925, 7942 Main St ,Austin,tx,United States,75612,Product,Systems Administrator,Thomas Harris,Active,hybrid,2021-04-22,2020-06-13,10.0,Bachelors,71272.55,,0.15,5.0,93.0,12.3,7,27,1,22,0,satisfactory,TD Bank,checking,Sarah Lopez,263-954-4302,Divorced,British,Night,Contract,15.0,WS-15-43,False,Cigna,Transferred from regional branch,2026-06-23 20:21:02
202,EMP-77083,Matthew,Gonzalez,MATTHEW GONZALEZ,fEMALE,39.0,1986-11-02,matthew.gonzalez@corp.net,574-155-4765,8473 Main St,San Jose,CA,United States,38367,Customer Support,Senior Developer,David Anderson,Terminated,Remote,2023-01-10,2023-03-14,4.5,bachelor,98900.93,,0.15,5.0,105.0,0.0,1,38,3,17,11,Needs Improvement,BANK OF AMERICA,checking,Michael Lee,533-859-7108,single,German,Day,Contract,,,True,UnitedHealth,Pending annual review,2026-06-06 20:21:02
203,EMP-36825,Patricia,Robinson,Patricia Robinson,PREFER NOT TO SAY,32.0,1993-08-29,patricia.robinson@corp.net,(676) 591-2036,6283 Main St,Seattle,wa,usa,32940,IT,  Systems Administrator   ,Jessica Miller,Active,hybrid,2018-02-05,2022-02-09,9.9,PhD,106310.48,,0.32,5.0,94.7,0.0,1,36,2,7,9,Good,Citibank,CHECKING,Jennifer Lopez,480-843-9859,Divorced,Indian,Night,PT,7.0,WS-07-57,False,Aetna,Completed leadership onboarding,2026-07-04 20:21:02
204,EMP-98566,Sarah,Wilson,Sarah Wilson,Non-Binary,32.0,1994-04-07, SARAH.WILSON@CORP.NET ,980-740-3376,9499 Oak Ave,San Jose,CA,United States,36976,PRODUCT,Support Agent,,Active,REMOTE,2012-02-03,,17.4,BS,46039.72,7025.74,0.32,1.0,84.0,1.8,7,66,5,17,3,Needs Improvement,Wells Fargo,Checking,Linda Lee,259-954-4085,MARRIED,American,Shift 2,Part-Time,,,True,UnitedHealth,Pending annual review,2026-07-16 20:21:02
205,EMP-37426, Sarah,Lee,Sarah Lee,male,44.0,1981-05-02, sarah.lee@enterprise.org ,451-497-7142,9821 Main St,Houston,TX,usa,14131,customer support,Senior Developer,Margaret Gonzalez,active,Onsite,2021-06-24,2023-12-08,12.9,PhD,97437.06,10425.29,0.15,4.0,100.0,0.0,2,58,3,28,5,Excellent,Capital One,Checking,David Martinez,820-975-8392,single,American,Day,contract,3.0,WS-03-85,True,Cigna,High potential,2026-07-06 20:21:02
206,EMP-46010,Daniel,Jackson,daniel jackson,Male,35.0,1991-04-08,daniel.jackson@company.com,803-258-2258,2993 Washington Blvd,Houston,tx,usa,99526,Legal,Product Manager,Sandra Brown,Active,Remote,2024-08-15,,2.3,MS,,9363.09,0.15,4.0,98.2,10.2,7,8,0,7,4,satisfactory,Wells Fargo,CHECKING,Sandra Davis,,Single,Mexican,Night,contract,,,True,Kaiser Permanente,N/A,2026-07-05 20:21:02
207,EMP-18758,Margaret,Perez,Margaret Perez,Female,22.0,, margaret.perez@company.com ,372-699-9692,4092 Washington Blvd,New York,NY,US,34728,Legal,Data Analyst,Sarah Lee,active,Onsite,2015-04-11,2025-09-19,4.5,Bachelor's,74088.28,14705.04,0.22,2.0,96.2,22.5,4,33,3,6,12,good,Chase,savings,James Miller,482-500-8369,Married,German,Night,FT,10.0,WS-10-75,True,Kaiser Permanente,N/A,2026-07-31 20:21:02
208,EMP-66720,Karen,Smith,Karen Smith,Male,30.0,1996-04-20,karen.smith@enterprise.org,415-975-8699,9278 Park Ave,Dallas,TX,U.S.A.,85233,CUSTOMER SUPPORT,Product Manager,Sarah Taylor,Active,Hybrid,2018-01-06,2023-03-29,4.7,bachelor,76484.12,14216.23,0.22,3.0,93.9,4.6,7,35,2,24,6,satisfactory,TD Bank,CHECKING,Mark Sanchez,888-804-5833,Divorced,German,day,PT,6.0,WS-06-36,True,UnitedHealth,Completed leadership onboarding,2026-06-27 20:21:02
209,EMP-93026,Anthony,Hernandez,Anthony Hernandez,Prefer Not to Say,37.0,1989-04-15, anthony.hernandez@company.com ,(485) 932-7440,8210 Washington Blvd,NEW YORK,NY,US,82174,Sales,Support Agent,Mary Wilson,On Leave,REMOTE,2014-06-04,2024-05-03,13.6,BS,81854.51,8529.26,0.15,1.0,97.3,14.7,5,16,0,28,10,good,bank of america,CHECKING,Mary Smith,739-836-5541,Married,Canadian,Night,PT,,,False,UnitedHealth,Pending annual review,2026-06-30 20:21:02
210,EMP-86561,David,Harris,David Harris,Male,42.0,1984-09-20,david.harris@enterprise.org,(516) 326-4965,  4678 Main St   ,San Diego,CA,United States,60685,MARKETING,Data Analyst,Joseph Anderson,On Leave,REMOTE,2020-07-11,,11.0,bachelor,56112.62,6942.7,0.24,,96.6,0.3,8,77,1,16,2,satisfactory,Chase,savings,Jennifer Sanchez,323-421-6787,Married,German,Shift 1,Part-Time,,,False,Cigna,High potential,2026-06-29 20:21:02
211,EMP-41991, Christopher,Thompson,Christopher Thompson,Prefer Not to Say,39.0,1986-09-19,christopher.thompson@enterprise.org,272-324-9473,6349 Maple Rd ,San Jose,ca,USA,22108,operations,Data Analyst,William Anderson,Active,remote,2018-03-31,2022-01-31,11.5,Masters,73205.29,4393.55,0.15,5.0,100.0,1.2,3,36,4,20,6,Excellent,bank of america,Savings,Karen Thompson,891-203-5408,Married,Mexican,Day,FT,,,False,Aetna,Transferred from regional branch,2026-07-20 20:21:02
212,EMP-11146,David,Ramirez,David Ramirez,Male,41.0,1985-04-25,david.ramirez@company.com,901-385-8576,2755 Park Ave,Houston,TX,United States,18791,finance,Product Manager,Jessica Perez,Terminated,REMOTE,2021-01-21,2025-03-26,4.2,High School,47834.58,6736.43,0.32,3.0,93.4,6.8,8,16,0,11,1,Needs Improvement,Wells Fargo,Checking,Karen Lewis,,single,Canadian,Day,Part-Time,,,False,Aetna,,2026-06-15 20:21:02
213,EMP-28329,Christopher,Sanchez,,Female,39.0,1987-02-13,christopher.sanchez@enterprise.org,(152) 351-3384,970 Maple Rd,Atlanta,ga,US,60666,PRODUCT,Marketing Specialist,Thomas Moore,active,remote,2013-07-09,,4.6,High School,91812.87,18253.77,0.24,,91.7,3.7,1,57,3,15,12,Needs Improvement,Citibank,checking,Elizabeth Lopez,629-699-3020,single,Indian,day,Full-Time,,,True,Aetna,,2026-06-20 20:21:02
214,EMP-67653,Lisa,White,Lisa White,Prefer Not to Say,35.0,1990-02-15,LISA.WHITE@COMPANY.COM,945-255-7994,109 Main St,Dallas,TX,United States,14910,Legal,Accountant,Jennifer Robinson,Active,Onsite,2022-04-23,2023-11-04,7.9,Master's,71539.3,13832.14,0.24,3.0,91.6,6.5,10,66,5,13,12,Needs Improvement,Bank of America,Checking,Susan Thomas,621-407-9173,single,American,day,Contract,13.0,WS-13-42,True,Aetna,,2026-06-06 20:21:02
215,EMP-22923,Daniel,Moore,Daniel Moore,non-binary,22.0,2004-05-07,daniel.moore@corp.net,546-515-8080,6168 Main St,Chicago,IL,US,73769,Legal,Support Agent,Richard Wilson,Active,Remote,2015-09-12,,11.8,MS,90716.0,5905.52,0.15,2.0,97.1,0.0,3,6,0,20,2,EXCELLENT,Bank of America,checking,Nancy Perez,,Divorced,British,Day,Full-Time,,,True,Kaiser Permanente,High potential,2026-07-23 20:21:02
216,EMP-32273,Mark,Gonzalez,Mark Gonzalez,Male,28.0,1997-03-08,MARK.GONZALEZ@ENTERPRISE.ORG,608-721-4666,2767 Washington Blvd,Seattle,WA,US,57022,Sales,Senior Developer,Susan Sanchez,active,Hybrid,2019-04-29,,7.8,BS,,4406.68,0.22,1.0,89.2,9.6,5,42,5,15,9,Excellent,TD Bank,savings,Patricia Robinson,787-665-5956,Married,Indian,NIGHT,Full-Time,6.0,WS-06-30,False,Blue Cross Blue Shield,N/A,2026-06-13 20:21:02
217,EMP-75223,Joseph,Perez,Joseph Perez,Non-Binary,43.0,1983-11-06,joseph.perez@corp.net,268-356-7812,788 Oak Ave,Los Angeles,CA,United States,89157,Sales,Senior Developer,,Active,hybrid,2019-09-10,2024-03-07,16.9,Bachelor's,57473.63,9980.22,0.22,2.0,95.2,4.3,9,35,4,17,8,Needs Improvement,Capital One,Savings,Susan Harris,919-140-8453,MARRIED,Mexican,Shift 1,PT,13.0,WS-13-68,True,Cigna,,2026-06-27 20:21:02
218,EMP-84959,Linda,Robinson,Linda Robinson,Male,27.0,1999-08-17,linda.robinson@enterprise.org,(941) 560-4915,4583 Park Ave,san antonio,tx,USA,81636,Engineering,Senior Developer,Christopher Sanchez,Terminated,hybrid,2013-02-23,2022-05-24,6.6,High School,110953.73,7476.15,0.32,5.0,98.2,16.1,1,54,0,15,10,Excellent,citibank,Savings,Sandra White,273-773-5789,single,Canadian,Shift 2,Part-Time,12.0,WS-12-30,False,Kaiser Permanente,Completed leadership onboarding,2026-07-31 20:21:02
219,EMP-19991,Robert,Ramirez,ROBERT RAMIREZ,Non-Binary,33.0,1993-04-07,robert.ramirez@corp.net,225-592-5559,2990 Washington Blvd,DENVER,CO,US,81474,Engineering,Operations Manager,Margaret Harris,Active,Remote,2015-04-09,,5.8,High School,80510.21,15994.72,0.24,1.0,91.0,12.3,2,65,3,11,2,Excellent,Capital One,CHECKING,Lisa Thompson,862-332-9099,single,Indian,Shift 1,contract,,,False,Blue Cross Blue Shield,High potential,2026-08-04 20:21:02
220,EMP-84834,Barbara,Smith,Barbara Smith,Male,38.0,1987-03-29,barbara.smith@company.com,(239) 584-9099,2062 Park Ave,Dallas,TX,US,93634,Sales,Support Agent,Betty Brown,Active,hybrid,2015-01-26,2024-04-03,4.8,Masters,88964.47,9946.63,0.24,1.0,97.0,12.5,1,36,2,10,11,EXCELLENT,Bank of America,CHECKING,Karen Ramirez,216-197-5328,Divorced,American,Night,PT,4.0,WS-04-84,True,UnitedHealth,Transferred from regional branch,2026-06-07 20:21:02
221,EMP-20441,Margaret,Thompson,Margaret Thompson,NON-BINARY,32.0,1993-02-11,MARGARET.THOMPSON@ENTERPRISE.ORG,240-170-2545,7787 Maple Rd,san jose,CA,USA,24010,IT,Accountant   ,Daniel Ramirez,active,Onsite,2022-07-19,,13.4,BS,77290.67,13396.51,0.22,,99.8,0.0,4,63,4,12,0,good,Bank of America,savings,Michael Clark,452-239-7627,single,Mexican,Shift 1,Contract,4.0,WS-04-88,True,UnitedHealth,Completed leadership onboarding,2026-08-04 20:21:02
222,EMP-25022,Richard,Jackson,Richard Jackson,Male,36.0,1990-12-30,richard.jackson@company.com,236-323-5530,325 Washington Blvd,Los Angeles,CA,USA,37044,Finance,Data Analyst,David Wilson,Terminated,hybrid,2018-03-03,2022-04-05,14.6,BS,83026.87,8549.84,0.22,4.0,100.0,0.0,1,55,3,10,0,EXCELLENT,TD Bank,checking,Michael Wilson,394-244-5643,single,American,Shift 2,PT,2.0,WS-02-85,False,Cigna,Pending annual review,2026-07-18 20:21:02
223,EMP-72499,Richard,Rodriguez,richard rodriguez,Female,34.0,1992-07-18,RICHARD.RODRIGUEZ@COMPANY.COM,806-201-5453,432 Main St,Boston,MA,usa,24040,Sales,Accountant,Nancy Robinson,Terminated,REMOTE,2023-11-20,2025-07-28,9.0,Bachelors,54368.48,2878.02,0.32,5.0,92.4,0.0,5,54,2,27,12,Good,Capital One,savings,Nancy Clark,678-677-6847,single,Mexican,Night,Part-Time,,,False,UnitedHealth,N/A,2026-07-20 20:21:02
224,EMP-79794,David,Thomas,,MALE,44.0,1981-08-25,david.thomas@company.com,174-205-9987,3679 Maple Rd  ,San Diego,ca,United States,25765,IT,   Accountant,Margaret Rodriguez,Terminated,hybrid,2017-05-29,,13.6,High School,134300.21,21971.37,0.32,2.0,94.5,0.0,9,74,1,23,4,EXCELLENT,Citibank,checking,Matthew Anderson,268-127-2597,MARRIED,American,NIGHT,Contract,4.0,WS-04-32,True,Aetna,Pending annual review,2026-07-23 20:21:02
225,EMP-27383,Elizabeth ,Anderson,Elizabeth Anderson,Non-Binary,28.0,1998-12-06, elizabeth.anderson@company.com ,645-279-7887,2618 Washington Blvd,LOS ANGELES,ca,USA,40049,Finance,Legal Counsel,Mark Perez,Terminated,REMOTE,2019-05-27,2021-10-06,11.8,High School,52443.46,4318.1,0.22,5.0,97.8,11.4,10,27,5,30,12,EXCELLENT,Bank of America,savings,Matthew Moore,193-995-2889,Married,American,Night,contract,,,True,Cigna,Completed leadership onboarding,2026-06-18 20:21:02
226,EMP-27723,Mary,Taylor,Mary Taylor,Male,35.0,1990-03-17,MARY.TAYLOR@CORP.NET,(367) 440-9993,3463 Oak Ave,Chicago,il,usa,38902,Human Resources,Data Analyst,Christopher Moore,active,Hybrid,2022-05-03,,0.5,Master's,,13677.66,0.15,1.0,98.2,13.6,10,10,0,27,3,good,Chase,CHECKING,Christopher Lopez,745-866-1423,Divorced,British,Shift 2,contract,2.0,WS-02-74,False,Blue Cross Blue Shield,Transferred from regional branch,2026-06-27 20:21:02
227,EMP-97574,Charles,Moore,CHARLES MOORE,Female,19.0,2007-09-29, charles.moore@enterprise.org ,126-145-1800,  5758 Maple Rd  ,New York,NY,usa,59508,Marketing,Marketing Specialist,David Lopez,Active,Hybrid,2015-10-26,2024-03-17,3.5,High School,43763.86,6291.17,0.22,2.0,100.0,12.9,10,45,0,29,9,satisfactory,Capital One,Checking,Mary Rodriguez,225-986-7417,MARRIED,American,day,PT,12.0,WS-12-10,False,Aetna,Transferred from regional branch,2026-07-04 20:21:02
228,EMP-42638,Thomas,Miller,THOMAS MILLER,nON-bINARY,48.0,1977-05-25,thomas.miller@corp.net,760-785-6038,2238 Maple Rd,San Antonio,tx,usa,79248,hr,Data Analyst,Mary Clark,ACTIVE,remote,2015-07-07,,7.8,Masters,71547.45,4031.55,0.22,3.0,99.4,0.0,1,10,3,17,4,good,Wells Fargo,CHECKING,Charles Clark,123-890-4700,Divorced,Canadian,day,contract,,,True,UnitedHealth,N/A,2026-07-27 20:21:02
229,EMP-71037,Karen,Clark,Karen Clark,Male,44.0,1981-07-29,karen.clark@company.com,(638) 363-6162,  2416 Main St   ,Atlanta,GA,United States,26223,IT,Accountant,Christopher Perez,Active,Remote,2021-01-30,2022-07-13,0.5,MS,104530.81,16568.56,0.32,3.0,100.0,13.2,7,70,5,21,0,EXCELLENT,Bank of America,Checking,Margaret Smith,442-897-7799,Married,Mexican,day,Full-Time,,,True,UnitedHealth,,2026-07-04 20:21:02
230,EMP-44588,Lisa,Martinez,Lisa Martinez,Male,42.0,1984-02-06, LISA.MARTINEZ@ENTERPRISE.ORG ,172-927-3018,1883 Park Ave,Boston,MA,US,40323,Legal,Software Engineer,Matthew Wilson,active,hybrid,2015-07-15,2025-09-02,4.6,bachelor,81476.0,8170.31,0.15,3.0,93.5,6.8,5,16,4,22,6,satisfactory,Chase,Checking,Matthew Sanchez,604-504-8023,Single,Mexican,NIGHT,Full-Time,2.0,WS-02-26,True,Aetna,High potential,2026-07-22 20:21:02
231,EMP-57359,Richard, Gonzalez,RICHARD GONZALEZ,female,43.0,1982-08-12,richard.gonzalez@enterprise.org,287-546-2782,2436 Park Ave,San Diego,CA,U.S.A.,78746,Sales,Software Engineer   ,Joseph Harris,Active,Remote,2022-09-11,2025-12-05,6.1,Bachelors,90433.97,13273.02,0.15,1.0,80.8,4.5,1,77,0,21,5,Needs Improvement,Capital One,checking,Elizabeth Jackson,116-831-8423,MARRIED,Canadian,Shift 2,PT,,,False,Kaiser Permanente,,2026-06-23 20:21:02
232,EMP-48851,Anthony,Moore,Anthony Moore,prefer not to say,26.0,1999-05-29,anthony.moore@enterprise.org,250-438-2686,9430 Park Ave,phoenix,AZ,US,35487,MARKETING,Accountant,Robert Harris,On Leave,REMOTE,2024-07-22,2020-08-12,9.6,Bachelors,82485.6,9976.36,0.15,4.0,94.6,0.0,8,22,5,11,4,Needs Improvement,TD Bank,CHECKING,Linda Hernandez,716-470-4997,MARRIED,Canadian,NIGHT,PT,,,True,UnitedHealth,High potential,2026-07-09 20:21:02
233,EMP-96977,Patricia,Jones,patricia jones,Female,46.0,1980-07-11, patricia.jones@enterprise.org ,686-487-6647,344 Park Ave,San Antonio,TX,United States,65830,Finance,Legal Counsel,David Robinson,Active,Remote,2017-12-27,,1.8,Masters,97154.41,8820.18,0.15,2.0,91.5,0.0,9,55,4,17,6,EXCELLENT,CHASE,savings,Thomas Miller,784-297-6486,Single,American,Day,FT,,,True,UnitedHealth,High potential,2026-06-27 20:21:02
234,EMP-19589,Betty,White,Betty White,Female,22.0,2004-10-19,betty.white@company.com,376-117-9114,1053 Washington Blvd,San Diego,ca,United States,62850,Product,Operations Manager,James Moore,ACTIVE,remote,2022-08-20,2020-07-14,6.6,Bachelor's,35000.0,3133.62,0.24,1.0,96.3,17.7,2,16,2,16,11,Excellent,Bank of America,savings,Patricia Anderson,181-575-1174,Married,German,Day,Full-Time,,,,Blue Cross Blue Shield,Pending annual review,2026-07-20 20:21:02
235,EMP-77278,Nancy,Hernandez,Nancy Hernandez,MALE,22.0,2004-11-14, nancy.hernandez@enterprise.org ,985-692-6292,804 Main St,nEW yORK,NY,U.S.A.,47324,Marketing,Systems Administrator,Patricia Gonzalez,Active,Remote,2022-05-22,2025-08-08,5.9,BS,105015.2,6434.99,0.15,4.0,99.3,1.8,2,80,1,13,8,good,Bank of America,checking,Lisa Clark,848-803-8175,single,Canadian,day,Part-Time,,,True,Aetna,Transferred from regional branch,2026-07-15 20:21:02
236,EMP-63533,James,Hernandez,james hernandez,Prefer Not to Say,46.0,1979-05-02,james.hernandez@corp.net,514-630-3400,6262 Park Ave,Boston,MA,USA,96364,Finance,Sales Executive,Jennifer Williams,ACTIVE,hybrid,2020-03-17,,14.1,PhD,99290.19,15192.6,0.22,1.0,94.6,0.0,10,17,2,23,6,good,Capital One,CHECKING,Charles Moore,374-340-8044,MARRIED,British,day,Full-Time,3.0,WS-03-26,True,Blue Cross Blue Shield,Transferred from regional branch,2026-07-21 20:21:02
237,EMP-96810,Anthony,Moore,Anthony Moore,Non-Binary,41.0,1985-09-12,anthony.moore@corp.net,(186) 390-6681,7331 Main St,San Diego,CA,USA,33467,Operations,Support Agent,Sarah Harris,Active,Onsite,2022-02-19,,14.5,Bachelor's,68933.83,10309.32,0.32,4.0,96.9,1.2,7,64,3,27,2,Excellent,Wells Fargo,Savings,,758-644-6214,Single,Indian,NIGHT,Part-Time,11.0,WS-11-90,False,UnitedHealth,High potential,2026-06-10 20:21:02
238,EMP-57232,Matthew,Gonzalez,Matthew Gonzalez,Male,37.0,1989-07-08,matthew.gonzalez@corp.net,(636) 502-8547,4919 Oak Ave,San Jose,ca,U.S.A.,93092,Operations,Marketing Specialist,Anthony Ramirez,Active,REMOTE,2024-11-03,2023-10-25,7.8,Masters,89552.59,13619.11,0.24,4.0,95.3,0.4,10,21,3,23,3,satisfactory,Bank of America,CHECKING,Margaret Perez,328-981-9265,single,British,Shift 1,Full-Time,,,False,Cigna,Transferred from regional branch,2026-06-26 20:21:02
239,EMP-52000,Matthew,Thomas,matthew thomas,Non-Binary,36.0,1990-11-23,matthew.thomas@corp.net,713-595-3700,9635 Oak Ave,New York,NY,US,14940,Customer Support,Marketing Specialist,Anthony Hernandez,Active,hybrid,2015-11-22,,2.8,MS,71200.11,12593.97,0.22,4.0,97.2,0.0,10,34,1,27,10,EXCELLENT,Wells Fargo,Checking,Mary Harris,567-492-9670,Single,German,day,PT,8.0, WS-08-81 ,False,Aetna,Transferred from regional branch,2026-06-11 20:21:02
240,EMP-55654,Richard,Garcia,Richard Garcia,Prefer Not to Say,32.0,1994-08-21,richard.garcia@enterprise.org,241-604-6535,8969 Maple Rd,Dallas,TX,US,65307,Customer Support,Operations Manager,Thomas Jones,Terminated,Onsite,2013-11-10,2024-10-19,8.0,Bachelors,77786.85,13818.99,0.15,2.0,97.3,0.0,4,9,1,9,10,EXCELLENT,Wells Fargo,Checking,Michael Smith,592-134-9548,single,Mexican,NIGHT,Part-Time,11.0,WS-11-22,False,Kaiser Permanente,Transferred from regional branch,2026-06-28 20:21:02
241,EMP-91259,Daniel,Thomas,Daniel Thomas,Prefer Not to Say,36.0,1990-03-28,daniel.thomas@enterprise.org,(475) 966-9442,3526 Main St,Seattle,WA,US,32658,Human Resources,Data Analyst,Karen Jones,ACTIVE,Onsite,2018-11-02,2020-08-29,13.4,Bachelors,35000.0,4477.85,0.32,2.0,100.0,11.0,9,21,3,17,8,satisfactory,Chase,Savings,Margaret Garcia,591-575-6256,Divorced,Mexican,NIGHT,Contract,8.0,WS-08-27,True,Kaiser Permanente,High potential,2026-06-16 20:21:02
242,EMP-97789,Lisa,Anderson,LISA ANDERSON,Male,49.0,1977-03-26, lisa.anderson@corp.net ,303-553-4559,579 Maple Rd,Atlanta,GA,United States,30341,IT,Accountant,Mark Garcia,ACTIVE,remote,2019-05-02,2020-11-04,2.8,bachelor,87255.48,6245.83,0.24,3.0,89.7,35.0,9,26,2,22,4,Good,cITIBANK,savings,Lisa White,324-265-7440,Single,Mexican,Shift 1,Contract,,,False,Cigna,Transferred from regional branch,2026-07-28 20:21:02
243,EMP-33653,Mark,Anderson,mark anderson,Female,40.0,1985-12-06,mark.anderson@corp.net,215-319-9033,9247 Park Ave,Seattle,WA,U.S.A.,,hr,Support Agent,Lisa Ramirez,Active,Remote,2012-11-04,2022-12-22,4.7,PhD,96461.75,18420.24,0.32,3.0,94.2,1.9,6,65,2,10,3,satisfactory,Capital One,Checking,Margaret Clark,909-933-1662,Divorced,British,Night,FT,,,True,Kaiser Permanente,N/A,2026-07-31 20:21:02
244,EMP-55467,Anthony,Ramirez,Anthony Ramirez,male,46.0,1980-08-14,anthony.ramirez@corp.net,194-410-4257,3259 Main St,San Diego,CA,U.S.A.,35733,IT,  Product Manager,Patricia Jones,ACTIVE,Remote,2015-05-28,,10.5,PhD,78008.38,12707.49,0.15,5.0,96.8,0.0,7,51,0,9,2,EXCELLENT,Chase,Checking,Joseph Jones,777-860-9669,Married,Canadian,day,contract,,,True,Kaiser Permanente,Pending annual review,2026-07-14 20:21:02
245,EMP-37315,Sarah,Smith,Sarah Smith,MALE,62.0,1963-06-30,sarah.smith@enterprise.org,637-243-6523,2559 Park Ave,boston,MA,United States,,IT,Sales Executive,Barbara White,active,Onsite,2012-01-11,2022-05-29,7.7,Master's,79021.98,12183.93,0.15,1.0,100.0,0.0,4,54,2,22,5,Needs Improvement,Wells Fargo,Savings,,,single,American,Shift 2,Full-Time,6.0,WS-06-88,True,UnitedHealth,High potential,2026-06-26 20:21:02
246,EMP-18063,Joseph,White  ,jOSEPH wHITE,Non-Binary,49.0,1976-04-19,joseph.white@enterprise.org,746-757-1124,4191 Main St,Houston,TX,USA,90758,Product,Operations Manager,Christopher Anderson,active,Hybrid,2013-06-15,,13.9,Master's,87774.6,9986.6,0.22,3.0,89.3,5.0,5,59,3,5,1,EXCELLENT,capital one,Checking,Margaret Sanchez,139-312-1436,single,Mexican,Night,Full-Time,8.0,WS-08-61,True,Cigna,,2026-07-29 20:21:02
247,EMP-97843,Barbara,Anderson,BARBARA ANDERSON,Non-Binary,30.0,1995-07-20,barbara.anderson@enterprise.org,334-440-2305,4614 Washington Blvd,New York,ny,U.S.A.,62509,marketing,Operations Manager,Barbara Moore,ACTIVE,Hybrid,2022-01-08,2024-10-25,9.5,PhD,,,0.22,2.0,93.7,15.3,8,32,3,17,6,Excellent,Chase,Checking,Thomas Davis,,Single,British,Shift 2,FT,7.0,WS-07-22,False,Blue Cross Blue Shield,High potential,2026-08-01 20:21:02
248,EMP-68580,Charles,Thomas,charles thomas,Non-Binary,54.0,1972-07-19,charles.thomas@corp.net,813-376-1049,   5288 Oak Ave,Philadelphia,PA,USA,87286,IT,Support Agent,Thomas Thomas,ACTIVE,Onsite,2016-06-15,2024-12-03,10.3,MS,70116.87,9359.29,0.32,4.0,99.8,4.0,1,62,3,23,4,Excellent,Bank of America,checking,Susan Garcia,805-627-5736,Single,Mexican,Shift 2,Full-Time,2.0,WS-02-43,False,Aetna,High potential,2026-08-01 20:21:02
249,EMP-77576,Joseph,Clark,Joseph Clark,Female,48.0,1978-10-08,joseph.clark@corp.net,658-918-2371,9464 Park Ave,Houston,TX,U.S.A.,86639,Finance,Data Analyst,James White,Terminated,hybrid,2018-07-01,2025-09-12,10.8,Bachelor's,89429.33,16921.05,0.24,5.0,98.2,5.7,6,66,4,28,3,Needs Improvement,Citibank,checking,,276-163-1420,Single,Indian,Shift 2,Contract,8.0, WS-08-95,True,Cigna,High potential,2026-06-23 20:21:02
250,EMP-21014,Sandra,Garcia,Sandra Garcia,Female,36.0,1990-06-01,sandra.garcia@corp.net,968-588-1819,4337 Main St,phoenix,AZ,USA,65511,product,Legal Counsel,Jennifer Thomas,active,hybrid,2024-05-28,2023-09-27,8.6,Master's,71538.56,13567.4,0.32,2.0,95.1,3.9,7,36,4,17,6,Needs Improvement,Bank of America,CHECKING,Susan Smith,623-419-3485,Single,Canadian,day,Contract,2.0,  WS-02-59 ,False,Kaiser Permanente,,2026-06-15 20:21:02
251,EMP-39098,William,Moore,william moore,PREFER NOT TO SAY,25.0,2001-05-06,william.moore@corp.net,738-953-2038,9709 Oak Ave,Los Angeles,ca,USA,88602,Finance,Accountant,Patricia Davis,ACTIVE,remote,2012-01-04,,0.5,Bachelors,57296.73,5625.54,0.32,3.0,100.0,6.0,6,35,2,20,2,Good,Chase,savings,,297-813-5737,MARRIED,Indian,Shift 2,Full-Time,,,False,Cigna,,2026-06-21 20:21:02
252,EMP-43907,Karen,Moore,Karen Moore,Male,31.0,1995-07-19,karen.moore@enterprise.org,207-906-4710,6269 Maple Rd,Boston,ma,usa,90801,IT,Accountant,Charles Gonzalez,Terminated,remote,2018-12-27,2024-04-10,1.4,Bachelor's,107840.3,14909.23,0.15,1.0,100.0,9.7,3,7,5,29,7,Good,Bank of America,savings,,216-172-8773,Single,Canadian,day,PT,,,False,UnitedHealth,Pending annual review,2026-06-20 20:21:02
253,EMP-94884,Robert,Brown,robert brown,prefer not to say,,2008-11-02,robert.brown@enterprise.org,356-283-1769,9221 Park Ave,Phoenix,AZ,US,75208,Customer Support,Marketing Specialist,Anthony Sanchez,Active,remote,2020-03-02,2024-12-19,4.6,Bachelors,76182.84,12751.3,0.24,2.0,100.0,6.5,7,16,1,30,5,Good,Citibank,Savings,Betty Lee,528-444-5738,single,German,Shift 1,PT,,,False,Blue Cross Blue Shield,High potential,2026-06-22 20:21:02
254,EMP-65770,Jennifer,Ramirez,Jennifer Ramirez,Prefer Not to Say,24.0,2002-12-12,jennifer.ramirez@enterprise.org,499-128-2698,1612 Maple Rd,Los Angeles,CA,USA,75976,Sales,Legal Counsel,Mary Smith,Terminated,Onsite,2014-06-06,2025-10-15,0.5,PhD,95451.41,18970.54,0.15,2.0,100.0,9.4,1,34,3,9,11,good,Wells Fargo,savings,John Jones,268-154-4340,Married,German,Shift 2,Contract,4.0,WS-04-65,False,Kaiser Permanente,High potential,2026-07-13 20:21:02
255,EMP-93303,Jennifer,Lopez,jENNIFER lOPEZ,Female,44.0,1982-01-06,jennifer.lopez@enterprise.org,412-768-7019,3324 Main St,Phoenix,AZ,United States,35368,Legal,Legal Counsel,Lisa White,ACTIVE,REMOTE,2013-11-26,2024-06-18,10.9,bachelor,69946.29,10265.3,0.22,4.0,97.0,26.2,9,48,5,10,1,good,Wells Fargo,CHECKING,Mary Sanchez,721-902-7341,Single,British,Shift 1,contract,,,True,Kaiser Permanente,Pending annual review,2026-07-01 20:21:02
256,EMP-75934,Anthony,Jones,Anthony Jones,non-binary,30.0,1996-12-17, ANTHONY.JONES@CORP.NET ,551-585-9276,5758 Oak Ave,Phoenix,az,usa,43343,Customer Support,   Support Agent   ,John Thomas,Active,remote,2024-05-22,,6.6,Master's,41140.86,5733.53,0.32,5.0,94.5,3.4,7,79,4,23,6,Needs Improvement,Capital One,Savings,Mark Lewis,713-162-6014,Divorced,Indian,day,contract,,,True,Blue Cross Blue Shield,N/A,2026-06-22 20:21:02
257,EMP-28026,William,Gonzalez,William Gonzalez,Prefer Not to Say,47.0,1978-05-16,william.gonzalez@corp.net,(341) 343-2690,8291 Main St,Chicago,IL,U.S.A.,30593,IT,HR Specialist,,Terminated,REMOTE,2016-10-03,,4.9,Bachelor's,,3106.15,0.15,1.0,97.0,9.4,2,5,0,21,10,Needs Improvement,TD Bank,savings,Daniel Gonzalez,660-185-5841,single,American,Shift 1,Full-Time,,,True,UnitedHealth,N/A,2026-06-24 20:21:02
258,EMP-21147,Charles,Taylor,Charles Taylor,FEMALE,28.0,1998-08-26, charles.taylor@corp.net ,(891) 117-8488,6163 Maple Rd,Boston,MA,USA,87113,human resources,Software Engineer,Mark Perez,Active,Onsite,2013-08-27,,12.7,Master's,55350.25,3486.03,0.22,,93.9,2.0,7,78,4,13,12,Needs Improvement,citibank,CHECKING,James Lopez,878-299-8043,Married,British,day,Part-Time,7.0,WS-07-78,False,Kaiser Permanente,,2026-07-02 20:21:02
259,EMP-40681,Sarah,Wilson,SARAH WILSON,Prefer Not to Say,28.0,1997-02-01,sarah.wilson@corp.net,683-565-7177,1525 Oak Ave,New York,ny,USA,56990,Operations,HR Specialist,Elizabeth Williams,Active,REMOTE,2020-04-07,2020-10-25,10.8,Master's,111932.53,10874.6,0.32,4.0,96.1,1.1,3,62,2,17,9,Excellent,CHASE,CHECKING,Robert Rodriguez,829-706-7599,single,British,Night,Part-Time,,,True,Cigna,N/A,2026-07-31 20:21:02
260,EMP-68887,Mary,Sanchez,Mary Sanchez,Non-Binary,22.0,2004-07-20,mary.sanchez@enterprise.org,(545) 898-9286,6115 Washington Blvd,chicago,IL,United States,,ENGINEERING,Support Agent,Daniel Lewis,Active,Onsite,2022-04-21,,10.2,Masters,74607.24,8990.2,0.22,5.0,97.8,16.4,5,0,0,7,7,Needs Improvement,TD Bank,CHECKING,Jennifer Garcia,834-563-4938,single,American,Shift 2,PT,15.0,WS-15-57   ,True,Kaiser Permanente,N/A,2026-06-26 20:21:02
261,EMP-33330,Betty,Anderson,BETTY ANDERSON,Female,32.0,1993-02-14,betty.anderson@company.com,940-683-3230,9826 Maple Rd,houston,TX,usa,10603,Sales,  Systems Administrator  ,Daniel Martinez,ACTIVE,Remote,2024-09-22,2024-08-19,8.3,bachelor,84439.23,9441.89,0.24,3.0,95.7,9.2,2,79,5,21,2,good,Bank of America,CHECKING,John Miller,,Divorced,American,Night,Contract,,,False,Aetna,High potential,2026-07-17 20:21:02
262,EMP-37962,Mark,Sanchez,Mark Sanchez,Female,38.0,1988-03-06,mark.sanchez@enterprise.org,863-539-8336,5008 Park Ave,Houston,tx,US,81717,Finance,Accountant,Margaret Robinson,active,Hybrid,2021-02-07,2020-07-13,8.2,Bachelors,60960.17,7111.01,0.15,4.0,91.7,9.4,6,50,1,11,9,Excellent,TD Bank,CHECKING,Mary Moore,,Divorced,German,Day,contract,10.0,WS-10-23,True,Blue Cross Blue Shield,,2026-06-05 20:21:02
263,EMP-60842,Patricia,Martin,Patricia Martin,Male,49.0,,patricia.martin@corp.net,374-815-2362,2315 Oak Ave,Austin,tx,USA,51123,IT,   Software Engineer ,David Brown,active,hybrid,2016-02-08,2023-11-22,6.5,Masters,69493.54,12758.29,0.32,3.0,98.8,0.0,8,24,1,19,9,Needs Improvement,Chase,CHECKING,Nancy Lopez,,single,British,NIGHT,PT,4.0,WS-04-48,True,Kaiser Permanente,,2026-06-05 20:21:02
264,EMP-14119,Mark,Miller,Mark Miller,male,45.0,1981-09-20,mark.miller@company.com,278-658-6884,9391 Maple Rd,Philadelphia,pa,US,57362,engineering,Product Manager,Charles Smith,On Leave,REMOTE,2021-08-11,2020-08-28,4.5,MS,91058.03,,0.22,4.0,92.2,0.0,4,24,4,14,4,Needs Improvement,TD Bank,checking,,502-602-8511,Married,British,Shift 1,Full-Time,,,True,UnitedHealth,,2026-07-11 20:21:02
265,EMP-51039,William,Jones,William Jones,Female,56.0,1970-11-09,william.jones@corp.net,(438) 976-2560,752 Washington Blvd,los angeles,CA,U.S.A.,16081,Engineering,Legal Counsel,Susan Taylor,Active,Remote,2014-08-13,,3.9,bachelor,79789.55,,0.24,4.0,91.1,6.0,9,57,2,23,2,EXCELLENT,Bank of America,CHECKING,Matthew Wilson,504-147-4783,Married,Indian,NIGHT,Part-Time,,,True,Aetna,,2026-07-02 20:21:02
266,EMP-34449,John,Rodriguez,,female,26.0,1999-04-04,john.rodriguez@company.com,(293) 541-3756,1206 Maple Rd,Los Angeles,CA,United States,78738,Operations,Product Manager,Nancy Lopez,On Leave,Onsite,2014-07-07,2022-05-16,9.5,Master's,87675.54,5456.31,0.24,5.0,97.1,2.4,2,48,4,21,0,satisfactory,Chase,checking,Sandra Davis,883-927-4538,single,Mexican,Night,PT,15.0,WS-15-84,True,UnitedHealth,N/A,2026-07-16 20:21:02
267,EMP-17001,Nancy,Brown,Nancy Brown,male,50.0,1976-09-21,nancy.brown@company.com,(778) 259-1969,3563 Oak Ave,PHOENIX,az,US,78799,Human Resources,Sales Executive,Daniel Miller,ACTIVE,Remote,2012-04-16,,16.1,Bachelors,44261.04,6956.03,0.22,2.0,96.3,5.0,3,13,1,16,11,Excellent,Chase,Savings,Thomas Williams,148-516-5152,Single,German,Day,Contract,,,True,Cigna,,2026-07-10 20:21:02
268,EMP-86619,Patricia,Martin,patricia martin,Female,37.0,1989-11-30, patricia.martin@corp.net ,(985) 722-1669,3674 Main St,Boston,MA,U.S.A.,13823,Operations,Data Analyst,Richard Garcia,Active,Remote,2014-08-28,2020-02-27,20.9,Master's,58926.51,10767.04,0.32,4.0,100.0,5.6,7,29,5,17,2,EXCELLENT,Capital One,savings,Barbara Lopez,695-393-5173,Single,Indian,Shift 2,FT,,,True,Kaiser Permanente,Pending annual review,2026-06-29 20:21:02
269,EMP-64635,Barbara,Smith,Barbara Smith,Female,47.0,1978-05-01,barbara.smith@company.com,948-856-6628,1761 Park Ave,Austin,TX,United States,93392,Engineering,Product Manager,Karen Perez,ACTIVE,REMOTE,2021-02-20,,13.5,Masters,81053.71,12699.69,0.32,3.0,92.3,8.6,3,36,3,10,5,satisfactory,Chase,Savings,Linda Davis,307-934-1569,Married,American,Day,contract,,,False,Kaiser Permanente,,2026-07-12 20:21:02
270,EMP-45006,Barbara,Ramirez,Barbara Ramirez,Non-Binary,34.0,1992-02-16,barbara.ramirez@corp.net,750-443-4266,7836 Maple Rd,Philadelphia,PA,U.S.A.,87941,Product,Data Analyst,Mark Rodriguez,Active,Hybrid,2018-05-28,,7.0,Bachelors,63366.38,11963.19,0.24,5.0,89.9,2.6,10,18,2,30,5,Needs Improvement,Citibank,savings,Jennifer Brown,345-113-8425,Divorced,Canadian,Night,Contract,13.0,WS-13-85,False,Blue Cross Blue Shield,,2026-07-19 20:21:02
271,EMP-95283,Sarah,Jackson,Sarah Jackson,Male,32.0,1993-11-13,sarah.jackson@company.com,568-331-2708,2098 Washington Blvd,Atlanta,ga,U.S.A.,56696,Finance,Data Analyst,Sarah Anderson,Terminated,Hybrid,2019-02-20,,7.0,Masters,59819.19,4572.14,0.32,3.0,95.2,16.1,8,6,0,20,3,satisfactory,Bank of America,Checking,Daniel Taylor,449-996-3418,single,Indian,Shift 2,Part-Time,10.0,WS-10-65,False,Aetna,,2026-08-01 20:21:02
272,EMP-94633,Anthony,Johnson,Anthony Johnson,Prefer Not to Say,40.0,1986-01-12, anthony.johnson@corp.net ,(255) 595-3919,7687 Oak Ave,sEATTLE,WA,US,13469,Marketing,Senior Developer,Matthew Robinson,On Leave,REMOTE,2013-12-12,2021-11-04,0.5,bachelor,81617.6,8709.62,0.22,5.0,99.2,7.6,10,23,4,28,10,good,Bank of America,checking,Karen Lopez,980-775-4493,Married,Canadian,Night,contract,,,False,Kaiser Permanente,Pending annual review,2026-06-27 20:21:02
273,EMP-89681,Jennifer,Smith,Jennifer Smith,Female,26.0,1999-08-21,jennifer.smith@company.com,193-150-8522,2079 Park Ave,New York,NY,usa,36201,HR,HR Specialist,Barbara Lee,active,REMOTE,2016-12-25,2022-01-19,1.8,PhD,88899.96,15670.59,0.24,5.0,100.0,13.1,6,56,2,9,2,Excellent,Bank of America,Savings,Robert Garcia,620-117-2738,Divorced,British,Night,Contract,,,True,Aetna,Pending annual review,2026-07-13 20:21:02
274,EMP-63087,Mary,Gonzalez,Mary Gonzalez,Non-Binary,30.0,1995-09-06,mary.gonzalez@corp.net,168-975-2879,4618 Main St,dallas,TX,usa,10827,Customer Support,Legal Counsel,Matthew Brown,Active,Remote,2012-04-21,2020-10-20,7.7,MS,86166.54,12853.01,0.24,4.0,95.4,1.9,6,49,0,15,11,Good,citibank,checking,William Jackson,278-741-2102,single,German,Shift 1,Full-Time,,,True,UnitedHealth,N/A,2026-08-03 20:21:02
275,EMP-84655,   Sandra   ,Perez,Sandra Perez,female,28.0,,sandra.perez@company.com,(737) 987-9128,5137 Main St,lOS aNGELES,CA,United States,84917,Product,Operations Manager,Sarah Jackson,On Leave,Onsite,2024-09-13,2025-04-27,11.1,BS,56700.82,10431.79,0.22,2.0,95.4,6.0,8,43,5,23,8,Needs Improvement,Capital One,CHECKING,Susan Lopez,752-312-6058,MARRIED,American,NIGHT,FT,6.0,WS-06-49,False,Blue Cross Blue Shield,,2026-07-31 20:21:02
276,EMP-56133,Anthony,Smith,Anthony Smith,Prefer Not to Say,30.0,1995-01-08,ANTHONY.SMITH@COMPANY.COM,413-416-9925,9478 Washington Blvd,Austin,TX,US,50568,Human Resources,Sales Executive,Mary Rodriguez,Active,Onsite,2021-02-13,,14.2,bachelor,96826.2,5387.92,0.24,5.0,98.0,26.2,2,14,5,23,10,Good,Bank of America,savings,Linda Hernandez,811-479-8634,Married,British,Shift 1,Full-Time,3.0,WS-03-77,False,Cigna,N/A,2026-07-30 20:21:02
277,EMP-51158,Karen,Martinez,Karen Martinez,Non-Binary,32.0,1993-10-16,karen.martinez@enterprise.org,995-399-4627,2087 Washington Blvd,Phoenix,AZ,US,89099,IT,Senior Developer,William Rodriguez,Active,Remote,2024-11-22,2024-08-06,1.0,High School,76459.94,13419.92,0.22,2.0,98.9,18.5,3,77,5,20,11,Excellent,Capital One,CHECKING,Christopher Harris,696-978-5417,Married,American,Day,PT,,,False,Aetna,High potential,2026-06-17 20:21:02
278,EMP-15682,Jessica,Hernandez,Jessica Hernandez,Prefer Not to Say,61.0,1965-08-22, jessica.hernandez@company.com ,680-543-5987,3760 Park Ave  ,San Antonio,tx,U.S.A.,23977,hr,Sales Executive,Betty Lopez,Terminated,remote,2016-04-08,,10.0,PhD,78840.98,10510.02,0.15,5.0,93.5,0.0,6,70,2,11,4,satisfactory,Wells Fargo,Savings,John Williams,,Married,British,Night,Part-Time,,,False,Aetna,High potential,2026-07-23 20:21:02
279,EMP-50635,Joseph,Martinez,joseph martinez,Female,39.0,1987-03-02,joseph.martinez@corp.net,653-951-1459,2407 Park Ave,New York,NY,US,59994,Engineering,  Systems Administrator,Elizabeth Williams,Active,Onsite,2018-10-10,,7.2,BS,89162.17,15076.51,0.15,2.0,99.8,0.4,7,50,2,10,7,Good,TD Bank,Savings,Michael Miller,,Single,Canadian,Shift 1,FT,10.0,WS-10-23,True,Aetna,Pending annual review,2026-07-06 20:21:02
280,EMP-67799,John,White,John White,Male,27.0,1999-05-05,john.white@enterprise.org,158-277-5554,3881 Park Ave,Austin,tx,United States,43857,Finance,Accountant,Sandra Sanchez,Active,REMOTE,2018-08-21,2020-03-08,3.6,BS,60914.25,9093.74,0.15,3.0,93.8,27.6,5,69,3,28,12,EXCELLENT,Citibank,savings,David Clark,208-737-3996,Single,Indian,Shift 1,contract,,,True,Cigna,Pending annual review,2026-07-05 20:21:02
281,EMP-92434,Robert,Hernandez,Robert Hernandez,Male,19.0,2007-12-06,robert.hernandez@enterprise.org,(619) 842-3415,9494 Main St,Houston,TX,usa,23071,HUMAN RESOURCES,Product Manager,Mary Davis,ACTIVE,REMOTE,2021-04-30,2020-07-23,10.5,Bachelor's,52932.67,3039.53,0.24,1.0,84.2,9.2,6,13,4,24,9,Good,TD Bank,CHECKING,David White,882-212-9093,Married,Canadian,Shift 2,FT,,,False,Kaiser Permanente,,2026-08-03 20:21:02
282,EMP-57279,Betty,Martinez,Betty Martinez,Non-Binary,46.0,1979-07-16,betty.martinez@corp.net,307-396-5823,5092 Park Ave,Phoenix,AZ,USA,75417,IT,Software Engineer,James Sanchez,active,Hybrid,2020-06-19,2023-12-01,8.2,Master's,80026.11,12186.43,0.22,4.0,95.0,0.0,10,40,3,12,4,Excellent,Citibank,savings,David Sanchez,,Single,Indian,Shift 1,PT,2.0,WS-02-28,,UnitedHealth,Transferred from regional branch,2026-07-25 20:21:02
283,EMP-29779,Charles,Martinez,Charles Martinez,pREFER nOT TO sAY,34.0,1991-11-22,charles.martinez@corp.net,574-784-3525,3047 Main St,Austin,TX,US,19961,Sales,Software Engineer,Sarah Hernandez,Active,hybrid,2014-05-26,,10.3,Bachelors,66228.26,9012.64,0.22,2.0,100.0,0.0,3,12,1,30,1,Good,TD Bank,Checking,Daniel Lopez,990-545-9903,single,Indian,Shift 1,Full-Time,2.0,WS-02-84 ,False,UnitedHealth,Pending annual review,2026-06-22 20:21:02
284,EMP-10125,Mary,Sanchez,Mary Sanchez,Prefer Not to Say,43.0,1982-11-18,mary.sanchez@corp.net,(991) 508-6092,3666 Maple Rd,Denver,CO,United States,24652,Product,HR Specialist,John Johnson,Terminated,Hybrid,2023-12-06,,11.0,Masters,64857.54,12365.03,0.15,1.0,93.8,0.0,7,75,4,24,9,Good,Capital One,Checking,Christopher Garcia,303-213-1326,single,Indian,Shift 2,Full-Time,12.0,WS-12-98,True,UnitedHealth,Pending annual review,2026-07-01 20:21:02
285,EMP-54126,Michael,Moore,,Male,26.0,1999-09-08, michael.moore@company.com ,805-265-7847,1123 Main St,Boston,ma,U.S.A.,79990,Finance,Support Agent,Betty Davis,Terminated,Remote,2023-04-02,2024-04-27,6.2,bachelor,54268.48,6650.48,0.15,5.0,100.0,37.1,9,51,1,17,7,EXCELLENT,Bank of America,checking,,176-294-3540,Married,Canadian,Night,contract,,,True,Kaiser Permanente,Transferred from regional branch,2026-07-21 20:21:02
286,EMP-55787,Mark,Garcia,Mark Garcia,Non-Binary,48.0,, mark.garcia@enterprise.org ,(873) 744-7065,8663 Main St,Boston,ma,U.S.A.,44917,Human Resources,Product Manager,Patricia Anderson,ACTIVE,Onsite,2019-11-26,2024-09-12,10.4,High School,74499.46,9770.8,0.32,2.0,105.0,9.3,3,50,3,16,11,good,Capital One,Savings,Karen Ramirez,949-196-3266,Married,British,day,PT,10.0,WS-10-82,True,Aetna,Transferred from regional branch,2026-07-08 20:21:02
287,EMP-92349,Christopher,Smith,Christopher Smith,Male,31.0,1994-05-27,christopher.smith@enterprise.org,882-548-7493,7592 Maple Rd,san diego,ca,U.S.A.,75277,Customer Support,Operations Manager,William Williams,Active,REMOTE,2023-04-22,2021-04-05,10.6,bachelor,35000.0,4156.26,0.24,2.0,95.3,1.6,2,48,2,29,9,Needs Improvement,Chase,checking,James Sanchez,778-755-9433,Single,British,Night,Full-Time,,,True,Aetna,,2026-06-30 20:21:02
288,EMP-88882,  Mark  ,Johnson,Mark Johnson,Female,31.0,1994-12-04,mark.johnson@corp.net,854-585-5291,5795 Washington Blvd,Boston,MA,U.S.A.,,Legal,Software Engineer   ,Richard Harris,Active,REMOTE,2019-12-25,2020-03-11,7.1,Master's,76133.0,4915.43,0.22,4.0,97.6,33.8,5,55,3,23,0,Needs Improvement,Citibank,Checking,Christopher Brown,,Married,Indian,Shift 1,contract,,,True,UnitedHealth,N/A,2026-07-19 20:21:02
289,EMP-27239,Karen,Martin,Karen Martin,Prefer Not to Say,19.0,2007-01-19,karen.martin@company.com,(431) 452-8146,3020 Oak Ave,Boston,MA,usa,33697,Engineering,Accountant,Christopher Perez,active,Onsite,2017-10-19,2025-05-21,4.8,Masters,35000.0,5344.86,0.22,5.0,96.5,1.1,4,68,1,15,0,good,Chase,checking,David White,,Married,Indian,Night,contract,3.0,WS-03-21,True,Cigna,Pending annual review,2026-06-25 20:21:02
290,EMP-28767,Christopher,Anderson,Christopher Anderson,Female,25.0,2001-12-30,christopher.anderson@corp.net,274-797-6673,1994 Park Ave,Chicago,IL,usa,58266,LEGAL,Sales Executive,Thomas Ramirez,Active,Hybrid,2014-01-29,,11.0,Masters,105615.02,17395.1,0.24,2.0,100.0,1.6,5,14,3,8,5,Needs Improvement,Wells Fargo,CHECKING,Joseph Miller,,Married,Indian,day,PT,1.0,WS-01-38,True,Blue Cross Blue Shield,Completed leadership onboarding,2026-06-13 20:21:02
291,EMP-94450,Thomas,Robinson,Thomas Robinson,Female,31.0,1994-12-28,thomas.robinson@enterprise.org,(668) 545-4013,7393 Maple Rd,Philadelphia,PA,USA,96624,Customer Support,Product Manager,Margaret Taylor,Terminated,REMOTE,2014-05-29,,7.7,bachelor,63727.02,11496.58,0.32,4.0,92.9,1.3,7,75,0,14,3,Excellent,cITIBANK,CHECKING,Charles Rodriguez,744-912-8045,Divorced,American,day,PT,,,True,Blue Cross Blue Shield,High potential,2026-06-30 20:21:02
292,EMP-54601,Jessica,Davis,Jessica Davis,NON-BINARY,31.0,1995-07-08,jessica.davis@corp.net,(401) 499-5537,7600 Park Ave,Seattle,WA,US,32373,Customer Support,Product Manager,Daniel Jackson,Terminated,Remote,2023-08-17,2020-07-29,6.5,Bachelor's,67236.46,9249.79,0.15,2.0,95.9,7.1,8,10,3,5,5,Needs Improvement,Capital One,checking,Sandra Hernandez,908-372-4376,Married,Mexican,Shift 2,PT,,,True,Aetna,,2026-07-14 20:21:02
293,EMP-66939,Betty,Moore  ,BETTY MOORE,Non-Binary,22.0,2003-01-24,betty.moore@corp.net,686-745-3734,6168 Maple Rd,BOSTON,MA,USA,65735,IT,  Sales Executive   ,Matthew Smith,On Leave,hybrid,2012-04-07,2023-07-28,12.6,MS,,13739.74,0.22,5.0,100.0,5.6,3,73,3,14,2,satisfactory,Wells Fargo,Savings,,160-806-9701,MARRIED,American,day,contract,2.0,WS-02-15,True,UnitedHealth,Pending annual review,2026-07-22 20:21:02
294,EMP-62489,John,Lewis,John Lewis,Prefer Not to Say,24.0,2002-03-27,john.lewis@corp.net,351-314-6787,5570 Park Ave,Houston,tx,USA,66387,Sales,Accountant,Richard Davis,Terminated,Remote,2020-01-04,,6.9,Bachelor's,51597.74,4484.61,0.15,2.0,86.0,17.6,3,58,0,10,8,Needs Improvement,Citibank,savings,Susan Smith,355-402-3901,single,British,Shift 1,Full-Time,,,False,Blue Cross Blue Shield,Transferred from regional branch,2026-07-06 20:21:02
295,EMP-52379,Christopher,Lewis,Christopher Lewis,Prefer Not to Say,46.0,1980-01-18,CHRISTOPHER.LEWIS@COMPANY.COM,(602) 319-1135,2300 Park Ave,pHOENIX,AZ,usa,44510,Sales,Legal Counsel,Linda Jackson,Active,Onsite,2024-11-26,2020-07-02,11.8,MS,74402.19,12159.23,0.15,5.0,94.1,6.6,5,78,4,19,12,Good,Wells Fargo,checking,Patricia Ramirez,951-951-6384,single,Canadian,Shift 2,Full-Time,8.0,WS-08-44,True,Cigna,Transferred from regional branch,2026-07-28 20:21:02
296,EMP-23848,Matthew,Gonzalez,Matthew Gonzalez,mALE,32.0,1994-08-28,matthew.gonzalez@corp.net,(581) 553-6884,4752 Washington Blvd,Dallas,tx,usa,42908,Engineering,Operations Manager,Barbara Miller,ACTIVE,remote,2012-07-08,,10.0,BS,45421.77,7636.7,0.24,1.0,95.9,0.1,2,78,0,28,10,Good,Citibank,Checking,William Harris,120-157-9105,Divorced,American,day,Part-Time,,,True,Aetna,Transferred from regional branch,2026-08-01 20:21:02
297,EMP-91446,Jessica, Thompson,Jessica Thompson,Male,28.0,1998-05-02,jessica.thompson@enterprise.org,309-287-3907,2461 Oak Ave,PHILADELPHIA,PA,US,44736,Marketing, Data Analyst,Elizabeth Gonzalez,Active,hybrid,2020-07-22,,7.8,BS,35796.84,4198.88,0.15,2.0,100.0,18.6,4,50,3,28,2,EXCELLENT,Capital One,savings,,447-576-8795,Single,American,Day,FT,4.0,WS-04-27,,Cigna,Pending annual review,2026-07-30 20:21:02
298,EMP-34839,Matthew,Harris,Matthew Harris,Male,37.0,1988-03-18,MATTHEW.HARRIS@ENTERPRISE.ORG,359-423-5576,1917 Park Ave,Seattle,wa,usa,18965,Engineering,Marketing Specialist,Mary Jones,active,Hybrid,2018-07-29,2021-06-23,3.3,BS,66134.35,7248.11,0.22,2.0,90.6,0.0,1,74,2,14,11,good,Citibank,savings,Karen Smith,287-530-6785,Married,Canadian,Shift 2,FT,2.0,WS-02-93,False,Blue Cross Blue Shield,Completed leadership onboarding,2026-06-05 20:21:02
299,EMP-55212,Anthony,Thompson,anthony thompson,MALE,36.0,1989-11-24,anthony.thompson@corp.net,(540) 653-7629,6876 Maple Rd,Denver,CO,U.S.A.,66093,Operations,HR Specialist,Richard Johnson,Terminated,REMOTE,2018-01-14,,16.6,High School,47561.98,5505.22,0.15,5.0,86.9,0.0,10,16,0,18,4,EXCELLENT,Chase,CHECKING,Sandra Clark,306-502-3094,Divorced,Canadian,Shift 1,PT,,,False,UnitedHealth,,2026-08-02 20:21:02
300,EMP-76082,Jennifer,Brown,Jennifer Brown,FEMALE,52.0,1973-06-22,JENNIFER.BROWN@COMPANY.COM,860-251-1238,3668 Main St ,Philadelphia,pa,United States,48232,Product,Operations Manager   ,Matthew Harris,Active,Onsite,2017-08-27,,7.0,Bachelors,61618.55,10991.58,0.22,2.0,100.0,11.7,10,68,4,28,7,satisfactory,TD Bank,savings,James Moore,444-407-9901,Single,Mexican,Shift 2,FT,5.0,WS-05-59,,Kaiser Permanente,Transferred from regional branch,2026-06-22 20:21:02
301,EMP-38720,Linda,  Wilson,Linda Wilson,non-binary,22.0,2004-10-23,linda.wilson@enterprise.org,924-416-3458,1220 Maple Rd,New York,ny,USA,41348,product,Sales Executive,Charles Martin,Active,REMOTE,2018-02-17,2024-11-04,6.0,Bachelors,73233.15,9709.29,0.15,2.0,99.6,0.0,9,19,1,25,3,Needs Improvement,Citibank,checking,James Jones,500-244-1551,MARRIED,American,Shift 2,Contract,,,False,Cigna,Pending annual review,2026-07-13 20:21:02
302,EMP-93515,Michael,Wilson,Michael Wilson,male,52.0,1974-09-27,michael.wilson@corp.net,662-218-7859,  5768 Park Ave,Los Angeles,CA,US,14155,IT,Software Engineer,Susan Smith,Active,REMOTE,2017-06-07,2025-02-20,14.1,Bachelor's,80530.87,13033.57,0.22,5.0,99.0,9.5,6,11,1,5,10,Good,Capital One,Checking,Jessica White,869-432-4676,Divorced,British,Shift 2,contract,,,True,UnitedHealth,Completed leadership onboarding,2026-07-26 20:21:02
303,EMP-67646,Susan,Davis,susan davis,Male,,1988-05-26,susan.davis@corp.net,965-252-5251,8147 Washington Blvd,Houston,TX,USA,31388,hUMAN rESOURCES,Product Manager,Jennifer Gonzalez,Active,REMOTE,2020-10-16,2024-05-05,4.2,MS,84199.44,15020.24,0.15,5.0,91.6,7.2,9,56,4,13,12,Needs Improvement,Wells Fargo,Checking,Nancy Garcia,,single,American,day,Contract,,,False,Aetna,Pending annual review,2026-06-10 20:21:02
304,EMP-45635,Margaret,Miller,Margaret Miller,Prefer Not to Say,35.0,1990-06-04,margaret.miller@corp.net,464-267-6847,4628 Maple Rd,Phoenix,az,usa,21526,Human Resources,Accountant,John Taylor,Active,Onsite,2021-08-15,,8.5,Masters,79739.23,14321.17,0.15,5.0,92.7,0.7,1,51,3,13,12,EXCELLENT,Wells Fargo,Checking,Mary Garcia,934-999-7079,Divorced,American,NIGHT,Part-Time,4.0,WS-04-13,,Aetna,,2026-06-20 20:21:02
305,EMP-94129,Betty,Taylor,BETTY TAYLOR,FEMALE,24.0,2002-08-30,BETTY.TAYLOR@COMPANY.COM,(113) 314-5879,1852 Washington Blvd,Atlanta,GA,United States,87292,Operations,  Senior Developer ,Matthew Lopez,Terminated,Onsite,2023-05-19,,3.1,Masters,99008.28,14397.77,0.24,3.0,91.7,0.0,8,43,1,15,8,Excellent,TD BANK,savings,Sandra Garcia,792-988-8268,Single,Indian,Night,FT,10.0,WS-10-17,False,Cigna,High potential,2026-06-30 20:21:02
306,EMP-77106,Patricia,Harris,Patricia Harris,Prefer Not to Say,27.0,1998-05-04,patricia.harris@enterprise.org,529-673-2737,9062 Main St,Atlanta,ga,US,81963,Customer Support,Legal Counsel,Betty Martinez,active,Remote,2016-10-13,2022-02-01,10.7,Bachelor's,98714.08,5499.14,0.32,5.0,98.6,3.1,8,2,3,30,7,satisfactory,TD Bank,savings,Karen Thompson,691-970-6974,Married,American,Shift 1,Full-Time,,,True,UnitedHealth,Pending annual review,2026-08-04 20:21:02
307,EMP-72959,Sandra,Smith,Sandra Smith,Non-Binary,44.0,1981-08-05,SANDRA.SMITH@CORP.NET,(240) 395-9877,267 Maple Rd,Boston,ma,USA,65716,Human Resources,Accountant  ,Jessica White,active,hybrid,2024-05-03,2023-04-06,14.6,bachelor,49948.22,8998.69,0.24,2.0,92.5,0.0,1,15,2,20,6,Good,Bank of America,CHECKING,Margaret Wilson,225-427-8740,Divorced,British,NIGHT,Full-Time,3.0,WS-03-79,False,UnitedHealth,High potential,2026-06-28 20:21:02
308,EMP-58773,Matthew,Jackson,Matthew Jackson,PREFER NOT TO SAY,40.0,1985-01-20,matthew.jackson@enterprise.org,890-386-7927,1159 Washington Blvd,Denver,co,US,70383,Operations,Sales Executive,William Harris,Terminated,hybrid,2017-02-26,2020-09-07,3.4,PhD,87833.75,17286.12,0.22,4.0,100.0,7.6,6,58,5,10,6,EXCELLENT,Bank of America,checking,William Harris,801-640-7599,single,Canadian,day,PT,14.0,WS-14-48,False,UnitedHealth,,2026-07-11 20:21:02
309,EMP-99547,Michael, Jones ,Michael Jones,Prefer Not to Say,31.0,1995-01-02,michael.jones@company.com,586-721-1853,8570 Park Ave,San Antonio,TX,US,87505,finance,Sales Executive,Matthew Davis,Active,Onsite,2023-10-09,2021-08-16,12.6,MS,76140.26,14736.87,0.32,4.0,96.3,8.7,6,52,3,6,11,good,Capital One,savings,Jessica Thompson,360-262-8148,MARRIED,German,Day,Part-Time,14.0,WS-14-77,True,Cigna,Completed leadership onboarding,2026-07-06 20:21:02
310,EMP-37032,Jennifer,Johnson,Jennifer Johnson,Male,45.0,1981-01-14,jennifer.johnson@enterprise.org,533-268-1937,6194 Main St,Denver,CO,U.S.A.,82415,Operations,Sales Executive,Patricia Clark,Terminated,Onsite,2016-08-25,2022-01-03,11.0,BS,57925.27,11540.76,0.15,1.0,96.8,0.0,7,34,3,7,0,good,capital one,Checking,Joseph Anderson,877-119-4539,Single,Indian,Night,FT,15.0,WS-15-15,True,UnitedHealth,Transferred from regional branch,2026-07-24 20:21:02
311,EMP-64167,Anthony,Anderson,Anthony Anderson,Male,43.0,1983-07-31,anthony.anderson@enterprise.org,652-327-1532,1097 Oak Ave,Seattle,WA,US,90711,Operations,Senior Developer,Lisa Martin,On Leave,hybrid,2015-07-18,2025-07-13,6.9,Bachelor's,63104.47,8575.19,0.22,3.0,88.6,5.7,7,7,1,18,11,good,Citibank,checking,Anthony Garcia,270-666-5976,Married,Mexican,Shift 2,Contract,10.0,WS-10-90,True,Blue Cross Blue Shield,Transferred from regional branch,2026-07-08 20:21:02
312,EMP-49498,Anthony,Smith,Anthony Smith,MALE,58.0,1968-11-12,anthony.smith@company.com,(147) 269-4050,4002 Park Ave ,DENVER,CO,US,86648,Finance,Accountant,Jennifer Smith,Active,Hybrid,2013-07-04,,2.5,Master's,70574.93,13833.66,0.22,3.0,93.6,21.8,1,28,3,23,8,Needs Improvement,Capital One,Savings,Karen Miller,351-297-3657,Married,Indian,Night,PT,7.0,  WS-07-26   ,True,UnitedHealth,,2026-08-01 20:21:02
313,EMP-68239,Matthew,Hernandez,Matthew Hernandez,Female,24.0,2001-09-06,MATTHEW.HERNANDEZ@ENTERPRISE.ORG,480-384-3622,4494 Main St,Los Angeles,CA,U.S.A.,68738,Human Resources,Product Manager,Linda White,On Leave,Hybrid,2022-08-14,,12.6,High School,81082.52,8902.56,0.22,1.0,96.3,18.7,4,3,0,23,9,Excellent,TD Bank,CHECKING,Mark Rodriguez,240-376-2000,Single,American,Shift 1,contract,4.0,WS-04-52,False,Aetna,Completed leadership onboarding,2026-07-29 20:21:02
314,EMP-86269,Christopher,Brown,Christopher Brown,Prefer Not to Say,36.0,1989-05-24,christopher.brown@corp.net,980-234-3512,5364 Park Ave,Los Angeles,ca,US,87424,Engineering,Legal Counsel,Mary Wilson,On Leave,REMOTE,2016-06-12,2022-08-18,9.4,High School,70026.18,4502.07,0.15,2.0,100.0,18.5,7,35,0,21,5,satisfactory,Capital One,checking,Lisa Taylor,949-856-9871,Divorced,German,Shift 2,contract,,,False,Aetna,High potential,2026-07-18 20:21:02
315,EMP-62153,Jessica,Jones,Jessica Jones,Non-Binary,46.0,1980-08-22,JESSICA.JONES@CORP.NET,873-208-9737,2852 Maple Rd,Chicago,IL,usa,82413,IT,HR Specialist,John Ramirez,active,Remote,2017-07-05,2020-12-23,11.7,BS,54223.96,9120.97,0.32,4.0,97.5,0.0,7,51,0,13,5,EXCELLENT,Capital One,Savings,Jennifer Williams,,Married,Mexican,Day,Full-Time,,,True,Aetna,N/A,2026-07-01 20:21:02
316,EMP-91158,Jennifer,Jones,Jennifer Jones,Female,,1984-02-17,jennifer.jones@company.com,138-428-7553,999 Washington Blvd,Phoenix,AZ,usa,27013,Marketing,Senior Developer,James Smith,Active,remote,2015-11-22,,8.2,PhD,73112.56,10883.19,0.15,2.0,94.6,12.9,2,1,5,30,9,Good,Wells Fargo,savings,Elizabeth Jones,832-201-7374,Divorced,American,NIGHT,Part-Time,,,False,Cigna,Completed leadership onboarding,2026-07-02 20:21:02
317,EMP-57449,Jessica,Wilson,Jessica Wilson,Non-Binary,32.0,1993-02-16,jessica.wilson@enterprise.org,202-623-8231,9350 Oak Ave,New York,NY,usa,33953,Finance,Accountant,William Harris,active,remote,2015-10-10,,10.9,Master's,99765.66,12485.42,0.24,4.0,95.1,0.0,5,68,2,28,3,good,Bank of America,CHECKING,Mary Rodriguez,277-302-9449,Divorced,American,NIGHT,Full-Time,,,True,Aetna,Transferred from regional branch,2026-06-25 20:21:02
318,EMP-51019,Jessica,White,Jessica White,Non-Binary,41.0,1984-02-03, jessica.white@company.com ,151-412-9007,4910 Oak Ave,Boston,MA,USA,78491,Marketing,Support Agent,John Moore,active,hybrid,2019-11-18,2022-11-16,16.5,PhD,79815.06,14488.5,0.32,5.0,100.0,3.5,6,38,5,7,8,Good,Capital One,CHECKING,Mary Johnson,586-812-3735,Single,American,day,Contract,6.0,WS-06-15,,Aetna,N/A,2026-06-09 20:21:02
319,EMP-66151,Mary,Hernandez,Mary Hernandez,Prefer Not to Say,56.0,1969-01-28,mary.hernandez@corp.net,582-817-2970,6991 Washington Blvd,Dallas,tx,United States,72308,Sales,   Operations Manager  ,David Miller,Active,hybrid,2013-01-17,,11.1,MS,81573.04,12395.89,0.32,,99.5,14.3,6,2,5,25,4,Needs Improvement,bANK OF aMERICA,Checking,Daniel Anderson,763-977-7923,Single,Mexican,Shift 2,contract,12.0,WS-12-66,True,Cigna,Pending annual review,2026-06-22 20:21:02
320,EMP-11943,Jessica,Miller,Jessica Miller,Male,36.0,1990-07-04,JESSICA.MILLER@ENTERPRISE.ORG,887-308-4823,8847 Washington Blvd,SAN DIEGO,CA,USA,50365,Finance,Marketing Specialist,Michael Thompson,Terminated,hybrid,2017-04-04,2020-12-22,1.9,bachelor,70819.53,6754.27,0.15,1.0,90.7,16.1,7,57,0,17,9,Excellent,Chase,CHECKING,,364-721-9691,Divorced,Canadian,day,PT,12.0,WS-12-45,True,Aetna,Completed leadership onboarding,2026-06-18 20:21:02
321,EMP-19875,Joseph,White,Joseph White,Prefer Not to Say,40.0,1985-10-05,JOSEPH.WHITE@CORP.NET,984-873-1848,2425 Park Ave ,Los Angeles,CA,U.S.A.,24999,IT,Support Agent,Mary Anderson,Active,Onsite,2023-07-05,2020-05-08,1.0,Bachelor's,89396.75,9861.95,0.32,5.0,100.0,0.0,5,67,2,29,0,satisfactory,Chase,CHECKING,Thomas Perez,447-678-4012,single,German,Shift 1,Full-Time,2.0,WS-02-63,False,Blue Cross Blue Shield,Completed leadership onboarding,2026-06-08 20:21:02
322,EMP-60446,Betty,Brown,betty brown,Male,32.0,1993-09-03,betty.brown@enterprise.org,(531) 299-5334,6350 Oak Ave,Phoenix,AZ,U.S.A.,53779,Legal,Data Analyst,Lisa White,ACTIVE,hybrid,2015-03-14,,2.4,Master's,80559.66,11238.12,0.22,2.0,100.0,0.0,5,72,3,17,11,EXCELLENT,Bank of America,savings,James Jones,400-348-7151,Divorced,American,Shift 1,Contract,4.0,WS-04-99,False,Blue Cross Blue Shield,Completed leadership onboarding,2026-07-07 20:21:02
323,EMP-58131,Matthew,Rodriguez,Matthew Rodriguez,Non-Binary,23.0,2003-07-14,matthew.rodriguez@enterprise.org,354-630-7052,3337 Oak Ave,Phoenix,AZ,United States,15038,Legal,Operations Manager,Susan Martinez,Active,Hybrid,2018-12-17,2025-06-07,2.5,BS,65916.21,3795.1,0.32,2.0,90.9,20.9,1,49,3,17,1,good,Capital One,Savings,Michael Lewis,724-704-3528,MARRIED,German,day,Part-Time,4.0,WS-04-51,False,Cigna,Transferred from regional branch,2026-06-20 20:21:02
324,EMP-74937,Joseph,Martin,Joseph Martin,Female,55.0,1971-06-20,joseph.martin@enterprise.org,(304) 717-9648,2635 Oak Ave,Seattle,WA,USA,,HR,Systems Administrator,Daniel Anderson,Active,REMOTE,2013-07-05,2023-06-03,6.0,bachelor,79493.69,14357.14,0.15,2.0,105.0,5.0,10,63,2,9,10,Needs Improvement,cITIBANK,CHECKING,Karen Moore,435-952-7287,Married,British,Day,Contract,,,True,Aetna,Pending annual review,2026-07-21 20:21:02
325,EMP-14060,Charles,Robinson,Charles Robinson,Non-Binary,54.0,1971-05-09,charles.robinson@corp.net,936-134-7062,7863 Maple Rd,San Antonio,TX,USA,10364,Product,Legal Counsel,David Thomas,active,hybrid,2018-07-06,2020-01-28,4.2,Masters,98330.97,6694.12,0.22,1.0,92.1,1.0,7,12,0,6,7,good,Citibank,Savings,John Thomas,458-163-4698,MARRIED,German,Night,Full-Time,3.0,WS-03-98,True,Kaiser Permanente,,2026-07-06 20:21:02
326,EMP-15284,Michael,Martinez,Michael Martinez,Prefer Not to Say,32.0,1993-10-05,michael.martinez@company.com,231-893-4694,7807 Washington Blvd,Philadelphia,PA,USA,89731,Legal,Senior Developer,Matthew Lopez,ACTIVE,Remote,2015-09-25,2023-11-22,20.8,Master's,63715.05,,0.15,5.0,95.9,8.7,9,10,5,28,12,EXCELLENT,Wells Fargo,savings,William Rodriguez,734-501-6992,Single,Indian,Day,contract,,,False,Blue Cross Blue Shield,High potential,2026-06-28 20:21:02
327,EMP-42221,Mark,Clark,Mark Clark,Non-Binary,56.0,1969-09-12,mark.clark@corp.net,124-797-4424,4008 Park Ave,San Jose,CA,USA,81301,Sales,Senior Developer,Nancy Anderson,Active,Remote,2020-10-14,,17.4,Master's,107618.58,19930.35,0.32,5.0,99.8,0.0,7,16,1,6,3,Needs Improvement,Citibank,Checking,Thomas Robinson,154-880-8077,MARRIED,German,day,PT,,,False,Blue Cross Blue Shield,Transferred from regional branch,2026-06-22 20:21:02
328,EMP-25398,Karen,Thompson,Karen Thompson,Non-Binary,31.0,1994-07-24,karen.thompson@company.com,(650) 382-6546,4048 Oak Ave,dallas,tx,usa,24606,product,Product Manager,Nancy Garcia,Active,Remote,2022-07-20,2025-05-03,12.1,Masters,74859.14,6870.38,0.15,5.0,100.0,0.0,4,10,3,29,1,Good,Citibank,CHECKING,Charles Hernandez,690-378-7901,single,Indian,Shift 2,Part-Time,,,False,UnitedHealth,Completed leadership onboarding,2026-07-11 20:21:02
329,EMP-10363,Barbara,Davis,Barbara Davis,non-binary,49.0,1977-07-22,barbara.davis@company.com,438-932-1849,7210 Main St,San Antonio,TX,United States,26943,Human Resources,Software Engineer,,Active,REMOTE,2012-12-24,2021-11-06,4.8,bachelor,93956.52,6715.48,0.24,3.0,98.4,7.3,6,72,3,27,9,Good,Bank of America,CHECKING,Christopher Clark,501-142-1811,MARRIED,Indian,Day,Part-Time,,,False,Cigna,N/A,2026-07-19 20:21:02
330,EMP-45829,Christopher,Jackson   ,Christopher Jackson,nON-bINARY,26.0,,CHRISTOPHER.JACKSON@CORP.NET,744-458-9673,5509 Washington Blvd,Houston,TX,US,30565,IT,Sales Executive,Jessica Martin,Active,hybrid,2021-02-19,,7.0,MS,60663.55,6854.97,0.32,1.0,85.7,0.9,3,53,3,5,2,Excellent,Wells Fargo,Checking,Barbara Taylor,172-483-4261,Single,Indian,Night,contract,12.0,WS-12-91,False,Blue Cross Blue Shield,N/A,2026-07-13 20:21:02
331,EMP-79017,Joseph,Jackson,Joseph Jackson,Prefer Not to Say,42.0,1984-01-10,joseph.jackson@corp.net,578-697-1891,8696 Park Ave,Philadelphia,pa,USA,66980,Sales,Support Agent,Susan Hernandez,Active,REMOTE,2017-04-09,,1.2,PhD,78796.96,11865.47,0.15,3.0,97.9,0.0,4,61,3,30,11,EXCELLENT,Capital One,Checking,Margaret Lee,290-267-1418,single,Indian,Night,Part-Time,,,True,Aetna,Completed leadership onboarding,2026-06-21 20:21:02
332,EMP-72791,Michael,Sanchez,Michael Sanchez,non-binary,56.0,1969-05-17,michael.sanchez@company.com,571-485-4061,2712 Oak Ave,Phoenix,AZ,United States,54321,eNGINEERING,Systems Administrator,Charles Brown,Active,Onsite,2021-06-29,2022-07-22,2.6,BS,68007.76,6392.75,0.24,4.0,96.3,5.3,10,1,5,20,5,Good,Chase,checking,Daniel Hernandez,498-158-8250,MARRIED,German,day,PT,2.0,WS-02-35,True,Blue Cross Blue Shield,Completed leadership onboarding,2026-06-15 20:21:02
333,EMP-47269,Linda,Miller,Linda Miller,Female,34.0,1992-04-23,linda.miller@company.com,816-134-7527,7357 Main St,San Antonio,TX,USA,57383,Product,Sales Executive,Jennifer Martin,Active,Remote,2018-06-14,,13.4,PhD,112691.73,10663.64,0.32,,100.0,2.0,6,64,1,18,7,good,Bank of America,Checking,Anthony Robinson,263-114-1655,single,Canadian,day,contract,,,False,Cigna,N/A,2026-06-19 20:21:02
334,EMP-19302,Elizabeth,Jackson,Elizabeth Jackson,Male,23.0,2003-08-25,elizabeth.jackson@corp.net,825-384-2267,663 Park Ave,Phoenix,AZ,usa,51286,Engineering,Operations Manager,Nancy Miller,On Leave,remote,2018-08-26,,2.1,bachelor,64444.46,5709.07,0.22,1.0,98.9,7.3,9,9,5,8,5,Needs Improvement,Wells Fargo,checking,,816-174-3989,single,German,NIGHT,Part-Time,,,True,Kaiser Permanente,Transferred from regional branch,2026-07-16 20:21:02
335,EMP-75235,Elizabeth,Garcia,Elizabeth Garcia,Prefer Not to Say,41.0,1984-03-06,elizabeth.garcia@corp.net,(561) 638-9946,4853 Main St,Austin,TX,U.S.A.,16484,Human Resources,Senior Developer,Christopher Lopez,On Leave,hybrid,2024-11-23,2023-01-15,7.3,Master's,65679.27,10049.24,0.32,2.0,87.0,20.6,10,56,1,11,6,EXCELLENT,Chase,Checking,Charles Lewis,185-493-7566,Single,Indian,Shift 1,Contract,15.0,WS-15-50,False,UnitedHealth,,2026-07-02 20:21:02
336,EMP-62244,David,Hernandez,DAVID HERNANDEZ,Female,34.0,,david.hernandez@enterprise.org,524-927-9699,1268 Washington Blvd,bOSTON,MA,US,43469,Finance,Marketing Specialist,William Williams,Terminated,REMOTE,2022-08-05,2020-01-21,10.0,bachelor,71157.78,7897.12,0.32,1.0,100.0,6.6,8,5,5,7,7,EXCELLENT,Bank of America,Checking,Mark Martin,374-257-4476,single,American,Night,Full-Time,,,False,Kaiser Permanente,Transferred from regional branch,2026-07-21 20:21:02
337,EMP-13984,Karen,Harris,Karen Harris,Male,37.0,1988-03-08,karen.harris@enterprise.org,689-998-8978,9197 Maple Rd,Chicago,IL,United States,57523,Sales,Marketing Specialist,Mary Anderson,active,remote,2023-01-14,,16.9,Bachelors,108225.18,13499.99,0.22,5.0,105.0,14.5,9,5,1,26,6,EXCELLENT,Bank of America,checking,William Jones,928-977-1725,Single,British,day,PT,,,True,UnitedHealth,Transferred from regional branch,2026-08-03 20:21:02
338,EMP-71426,Michael,Ramirez   ,Michael Ramirez,Prefer Not to Say,41.0,1984-04-26,michael.ramirez@company.com,(803) 635-3604,5342 Park Ave,houston,TX,United States,77410,SALES,Support Agent,Christopher Harris,On Leave,Onsite,2020-02-01,2024-03-23,2.5,Masters,82906.19,9368.28,0.22,1.0,92.1,10.7,7,51,1,23,3,satisfactory,TD Bank,Checking,Barbara Williams,642-917-2479,MARRIED,Canadian,Shift 1,Part-Time,15.0,WS-15-58,False,Cigna,Transferred from regional branch,2026-06-12 20:21:02
339,EMP-13067,Sandra,Wilson,sANDRA wILSON,PREFER NOT TO SAY,36.0,,sandra.wilson@company.com,686-157-1588,5283 Maple Rd,Seattle,WA,usa,81061,legal,Legal Counsel,Joseph Anderson,ACTIVE,Hybrid,2013-08-01,2024-12-28,7.0,Master's,57440.35,7984.34,0.15,4.0,90.9,0.0,10,8,2,20,9,EXCELLENT,Capital One,checking,Thomas Martin,742-499-3746,MARRIED,Canadian,day,Contract,9.0,WS-09-75,True,Aetna,High potential,2026-07-10 20:21:02
340,EMP-20390,Robert,Davis,Robert Davis,Male,35.0,1990-04-01,ROBERT.DAVIS@CORP.NET,652-635-7340,2292 Main St,Boston,MA,U.S.A.,,Product,Operations Manager,Robert Davis,Active,REMOTE,2024-06-11,,9.8,bachelor,93271.69,17329.26,0.32,3.0,91.0,0.0,6,5,3,20,5,good,Capital One,CHECKING,Margaret White,295-446-6805,Single,Indian,Shift 2,Part-Time,,,True,Aetna,High potential,2026-07-14 20:21:02
341,EMP-92853,Mary,Perez,mary perez,Female,52.0,1974-09-25,mary.perez@corp.net,369-145-6098, 1350 Maple Rd   ,Philadelphia,PA,USA,23422,Marketing,Sales Executive,Michael Gonzalez,On Leave,Onsite,2019-04-10,2024-05-30,6.6,High School,74572.65,12047.08,0.32,4.0,91.3,0.3,3,29,5,14,12,satisfactory,Wells Fargo,CHECKING,Elizabeth Rodriguez,,Married,Indian,NIGHT,FT,5.0,WS-05-12,False,Cigna,Transferred from regional branch,2026-06-10 20:21:02
342,EMP-25600,Barbara,Jackson,Barbara Jackson,Female,39.0,1987-06-06,barbara.jackson@corp.net,(678) 949-2453,2781 Oak Ave,Philadelphia,PA,US,49332,CUSTOMER SUPPORT,Sales Executive,William Moore,On Leave,remote,2012-07-15,2022-04-29,2.3,MS,39743.35,6213.99,0.15,3.0,89.9,23.0,2,80,3,13,11,Needs Improvement,Chase,savings,,265-269-2260,Single,Indian,day,PT,,,True,UnitedHealth,High potential,2026-06-17 20:21:02
343,EMP-49302,Anthony,Rodriguez,Anthony Rodriguez,Non-Binary,38.0,1988-05-13,anthony.rodriguez@enterprise.org,836-980-3054,3397 Main St,Dallas,TX,United States,65673,Customer Support,   Senior Developer,Anthony Garcia,Active,remote,2020-06-16,2021-05-19,10.6,MS,43749.08,4903.37,0.15,2.0,92.4,13.1,5,22,0,9,12,Excellent,Bank of America,Savings,William Martin,140-174-4420,single,Mexican,Night,FT,,,False,Blue Cross Blue Shield,High potential,2026-07-07 20:21:02
344,EMP-90513,John,Hernandez,jOHN hERNANDEZ,non-binary,26.0,1999-09-09,john.hernandez@enterprise.org,469-544-6032,1902 Park Ave,Chicago,IL,USA,74174,Product,Operations Manager,Matthew Lopez,ACTIVE,remote,2019-07-06,,10.8,BS,48336.85,5597.44,0.24,1.0,100.0,0.0,9,41,0,10,11,Good,WELLS FARGO,Savings,Anthony Robinson,377-898-5727,Divorced,Mexican,Shift 2,FT,,,True,Kaiser Permanente,Pending annual review,2026-07-16 20:21:02
345,EMP-71449,Matthew,  Davis,MATTHEW DAVIS,Prefer Not to Say,38.0,1987-06-02,matthew.davis@company.com,629-577-6190,4843 Main St,HOUSTON,TX,USA,47409,Legal,Support Agent  ,Thomas Johnson,ACTIVE,hybrid,2024-01-08,2022-09-23,9.7,bachelor,58831.6,5805.85,0.24,2.0,93.4,0.0,2,1,3,30,8,EXCELLENT,Capital One,Checking,Karen Perez,637-427-7934,Divorced,Indian,Day,FT,11.0,WS-11-80,True,Cigna,Transferred from regional branch,2026-07-20 20:21:02
346,EMP-19450,Barbara,Rodriguez,,male,33.0,1992-07-08,barbara.rodriguez@enterprise.org,443-812-1309, 4823 Main St,Austin,TX,United States,72966,CUSTOMER SUPPORT,Sales Executive,,active,remote,2021-07-08,2022-04-22,5.3,High School,87659.24,6167.05,0.15,1.0,92.8,8.2,3,23,5,10,0,Good,cITIBANK,Checking,Patricia Perez,875-147-2237,Married,British,day,Contract,,,True,Blue Cross Blue Shield,Pending annual review,2026-07-24 20:21:02
347,EMP-57660,Jennifer,Taylor,Jennifer Taylor,Non-Binary,27.0,1999-11-27,jennifer.taylor@company.com,891-923-5881,4420 Park Ave,San Jose,CA,United States,66282,Finance,Senior Developer,Barbara Davis,On Leave,hybrid,2022-08-15,2022-09-20,8.3,High School,83576.33,8698.5,0.22,3.0,98.5,0.7,3,49,3,16,5,Needs Improvement,Chase,savings,Jennifer Lopez,993-754-9370,single,Indian,Shift 1,Full-Time,5.0,WS-05-70,False,Cigna,Transferred from regional branch,2026-07-25 20:21:02
348,EMP-47819,Mark,Anderson,Mark Anderson,Non-Binary,41.0,1985-07-28,mark.anderson@corp.net,884-690-6555,8191 Park Ave,Seattle,wa,usa,23534,hr,Systems Administrator,Susan Miller,Terminated,Remote,2019-04-08,,17.1,Masters,73347.04,7281.79,0.22,,90.9,6.6,9,18,2,23,7,Needs Improvement,TD Bank,CHECKING,Matthew Lewis,906-773-2264,Divorced,Canadian,NIGHT,PT,,,True,Kaiser Permanente,Completed leadership onboarding,2026-07-06 20:21:02
349,EMP-21584,  James, Davis  ,James Davis,Prefer Not to Say,42.0,1983-01-20,james.davis@company.com,(234) 225-5677,7342 Washington Blvd,San Antonio,TX,US,94206,Finance,Systems Administrator,Anthony Thompson,active,remote,2016-08-07,2022-02-22,12.5,PhD,35000.0,6636.43,0.24,1.0,90.0,0.0,2,14,1,25,6,satisfactory,Citibank,CHECKING,Joseph Williams,562-788-1419,MARRIED,Canadian,Night,Contract,,,True,Blue Cross Blue Shield,High potential,2026-07-29 20:21:02
350,EMP-32257,Barbara,Sanchez   ,Barbara Sanchez,Male,44.0,1981-08-20,barbara.sanchez@enterprise.org,593-772-4360,846 Park Ave,Austin,TX,US,44773,Engineering,Support Agent,Michael Johnson,Active,REMOTE,2014-01-16,,,Masters,75415.87,11806.85,0.15,1.0,91.4,16.4,3,4,1,21,8,good,Citibank,savings,Sandra Moore,865-174-1648,Married,American,Night,Contract,,,False,UnitedHealth,Pending annual review,2026-07-22 20:21:02
351,EMP-51844,Michael,Williams,Michael Williams,Prefer Not to Say,31.0,1994-04-13, michael.williams@corp.net ,201-975-2415,1701 Park Ave,Denver,co,United States,12126,Sales,Systems Administrator,Jennifer Robinson,active,hybrid,2013-12-24,,7.7,High School,62430.3,9039.92,0.32,1.0,98.0,3.0,8,65,2,20,6,Good,Citibank,Checking,Linda Moore,181-138-9180,Single,German,Shift 2,Full-Time,13.0,WS-13-83,True,Aetna,High potential,2026-06-09 20:21:02
352,EMP-16276,John,Thompson,john thompson,Prefer Not to Say,33.0,1992-03-09,john.thompson@enterprise.org,279-875-9140,6052 Maple Rd,Seattle,wa,United States,18520,Legal,Operations Manager,William Taylor,Active,remote,2020-10-03,2025-09-06,3.2,bachelor,77453.41,4228.48,0.24,4.0,100.0,2.3,4,46,2,29,8,Good,Bank of America,Savings,Joseph Lee,566-259-7385,Divorced,Indian,Shift 1,Full-Time,,,False,Blue Cross Blue Shield,,2026-07-17 20:21:02
353,EMP-95709,Sandra,Rodriguez,Sandra Rodriguez,Prefer Not to Say,34.0,1992-12-18, sandra.rodriguez@company.com ,932-521-7703,8060 Oak Ave,Dallas,TX,USA,11010,Finance,Senior Developer ,Robert Davis,Active,Remote,2015-12-04,2023-03-08,,Masters,81349.44,14638.77,0.24,5.0,94.8,0.0,2,4,5,29,8,Good,Citibank,Checking,Linda Lopez,204-821-2891,Divorced,German,Day,Contract,,,True,Cigna,Pending annual review,2026-06-24 20:21:02
354,EMP-79548,Charles,  Jones,Charles Jones,Prefer Not to Say,37.0,1989-04-20,CHARLES.JONES@COMPANY.COM,124-407-2676,4074 Maple Rd   ,San Jose,CA,US,22531,Sales,Legal Counsel,Joseph Martinez,ACTIVE,Remote,2024-05-07,,4.3,High School,76666.94,14486.28,0.32,2.0,99.4,6.9,1,29,3,22,9,EXCELLENT,td bANK,Savings,Anthony Perez,835-555-5105,Married,German,Shift 2,PT,,,True,UnitedHealth,Transferred from regional branch,2026-07-13 20:21:02
355,EMP-74616,Margaret,Lopez,Margaret Lopez,NON-BINARY,40.0,1985-01-01,margaret.lopez@corp.net,(405) 467-3510,6281 Main St,Dallas,TX,USA,60922,Legal,Product Manager,Barbara Anderson,Active,remote,2019-02-20,,4.2,bachelor,66472.85,8908.75,0.15,2.0,100.0,14.9,4,61,5,17,9,Needs Improvement,Bank of America,savings,Elizabeth Rodriguez,892-957-9173,Married,British,Day,PT,,,False,Aetna,Completed leadership onboarding,2026-07-19 20:21:02
356,EMP-32820,Michael,Martinez,Michael Martinez,Female,19.0,2006-12-17,michael.martinez@enterprise.org,569-388-1471,344 Oak Ave,San Antonio,TX,usa,58355,Marketing,Accountant,Robert Martin,ACTIVE,REMOTE,2018-07-12,,9.0,Bachelor's,82251.42,10748.04,0.32,2.0,100.0,10.1,10,55,3,10,11,Needs Improvement,CAPITAL ONE,Savings,Patricia Thomas,260-714-3274,Single,British,Day,FT,,,False,Aetna,High potential,2026-07-20 20:21:02
357,EMP-87377,Jennifer,Lewis,Jennifer Lewis,Male,33.0,1992-12-29,JENNIFER.LEWIS@COMPANY.COM,(146) 409-9710,2577 Main St,Denver,CO,United States,98004,Human Resources,Accountant,Linda Thomas,Active,REMOTE,2013-05-21,,14.4,BS,76357.11,11240.12,0.32,2.0,99.3,1.7,5,63,0,21,11,Good,Wells Fargo,checking,James White,736-931-3336,Divorced,British,NIGHT,Part-Time,,,True,Blue Cross Blue Shield,,2026-07-06 20:21:02
358,EMP-71010,Sandra,Sanchez,Sandra Sanchez,prefer not to say,47.0,1979-09-22,SANDRA.SANCHEZ@ENTERPRISE.ORG,182-786-8395,5670 Main St,San Diego,CA,usa,96354,PRODUCT,Software Engineer,Jennifer Moore,ACTIVE,hybrid,2019-03-15,2020-08-13,11.3,Bachelor's,91676.15,13177.73,0.22,1.0,92.9,23.7,8,3,3,25,7,satisfactory,Citibank,Savings,Robert Jones,597-226-9833,Married,American,Night,FT,14.0,WS-14-91,False,UnitedHealth,,2026-07-04 20:21:02
359,EMP-20982,John,Martinez,john martinez,Female,34.0,1991-09-09,john.martinez@corp.net,819-814-2198,8328 Washington Blvd,hOUSTON,TX,U.S.A.,37353,Legal,Legal Counsel,Patricia Thomas,Active,hybrid,2023-02-22,2020-10-20,6.0,Master's,55897.55,10503.29,0.15,1.0,97.1,0.0,7,45,1,27,6,good,Wells Fargo,savings,Betty Sanchez,992-477-2042,single,Canadian,Shift 1,Contract,6.0,WS-06-38,True,UnitedHealth,Completed leadership onboarding,2026-06-06 20:21:02
360,EMP-60581,Karen,Thomas,Karen Thomas,PREFER NOT TO SAY,58.0,1968-08-14, karen.thomas@enterprise.org ,241-422-1095,5457 Washington Blvd,San Antonio,TX,usa,53752,Finance,Software Engineer,Matthew Jones,On Leave,hybrid,2023-01-15,,2.7,Master's,75484.39,10725.07,0.22,3.0,100.0,0.0,3,73,0,14,6,satisfactory,Wells Fargo,Savings,Robert Sanchez,605-572-1102,Divorced,Indian,NIGHT,PT,8.0,WS-08-27,False,Blue Cross Blue Shield,,2026-06-26 20:21:02
361,EMP-79428,Robert,Williams,Robert Williams,Female,37.0,1989-10-22,robert.williams@company.com,376-424-2049,292 Washington Blvd,Seattle,WA,usa,92593,Finance,Legal Counsel,James Brown,Active,Remote,2012-08-09,2020-07-19,10.3,High School,53752.13,10090.13,0.24,5.0,97.1,0.0,8,73,3,5,12,Needs Improvement,Bank of America,CHECKING,Karen Gonzalez,857-753-2405,single,American,Shift 1,contract,,,False,UnitedHealth,,2026-06-27 20:21:02
362,EMP-27443,James,Moore,James Moore,MALE,36.0,1989-09-25,james.moore@company.com,944-768-1014,1897 Washington Blvd,LOS ANGELES,CA,usa,79546,Engineering,Software Engineer,Thomas White,ACTIVE,hybrid,2012-10-19,,12.9,Bachelors,98747.72,8965.39,0.32,4.0,100.0,12.7,6,24,4,25,10,EXCELLENT,Wells Fargo,Savings,Jessica Martinez,460-617-1818,MARRIED,German,Day,Full-Time,15.0,WS-15-61,False,Cigna,High potential,2026-06-13 20:21:02
363,EMP-69087,   Sarah,Rodriguez,Sarah Rodriguez,Prefer Not to Say,29.0,1997-07-26,sarah.rodriguez@company.com,(474) 628-7377,1948 Main St,San Antonio,TX,usa,71606,Product,Operations Manager,Thomas Miller,Active,remote,2013-06-21,2020-06-19,11.0,Bachelors,80419.49,15831.07,0.22,3.0,96.5,7.8,7,41,3,27,2,Needs Improvement,Wells Fargo,Savings,Linda Jackson,888-879-9342,Married,Indian,Shift 2,contract,,,True,Cigna,N/A,2026-07-31 20:21:02
364,EMP-99301,David,Moore,David Moore,female,27.0,,david.moore@corp.net,283-590-7295,4278 Maple Rd ,San Antonio,TX,United States,31575,Operations,Marketing Specialist,Linda Smith,On Leave,Remote,2012-03-03,2025-04-16,13.7,Bachelors,101342.3,16704.14,0.22,4.0,94.4,6.1,2,15,4,14,2,Good,Bank of America,savings,Christopher Taylor,,Single,Canadian,Day,Full-Time,,,True,UnitedHealth,Pending annual review,2026-06-22 20:21:02
365,EMP-48045,Jessica,Miller,Jessica Miller,Prefer Not to Say,37.0,1989-09-25,jessica.miller@corp.net,696-746-8778,5832 Washington Blvd,Los Angeles,CA,usa,69671,Engineering,Senior Developer,Thomas Ramirez,Active,Hybrid,2012-05-11,,0.5,BS,65032.75,11290.86,0.22,4.0,100.0,1.9,10,25,5,10,2,EXCELLENT,CAPITAL ONE,checking,Linda Martin,569-121-6928,single,German,Night,FT,1.0,WS-01-24,True,UnitedHealth,High potential,2026-07-29 20:21:02
366,EMP-15748,John,Gonzalez,john gonzalez,MALE,46.0,1980-08-08,john.gonzalez@corp.net,566-984-4330,5968 Washington Blvd,Houston,TX,United States,88659,Sales,Product Manager,Anthony Rodriguez,ACTIVE,REMOTE,2021-04-07,2024-05-05,10.7,bachelor,70221.36,3752.76,0.32,2.0,93.2,1.5,9,18,2,17,8,Good,Wells Fargo,CHECKING,Mark Garcia,610-785-3105,Single,American,NIGHT,contract,,,,Cigna,,2026-06-18 20:21:02
367,EMP-59412,Margaret,Smith,Margaret Smith,Female,31.0,1994-04-28, margaret.smith@corp.net ,842-302-4841,6348 Park Ave,Philadelphia,PA,United States,36315,human resources,Software Engineer,Thomas Clark,Active,Onsite,2024-05-27,2021-04-11,0.5,Masters,90271.82,,0.22,3.0,100.0,9.7,10,23,4,26,0,Needs Improvement,TD Bank,checking,Daniel Davis,527-534-2450,single,Indian,Night,PT,15.0, WS-15-92,True,Cigna,,2026-06-10 20:21:02
368,EMP-84983,Elizabeth,Harris,Elizabeth Harris,Male,47.0,1978-08-14,elizabeth.harris@company.com,317-790-5006,7437 Park Ave,New York,NY,United States,28285,IT,Senior Developer,Nancy Wilson,On Leave,remote,2019-12-26,2021-03-01,5.8,PhD,83074.6,12752.94,0.32,4.0,94.9,10.1,9,27,3,12,6,Needs Improvement,Capital One,checking,James Williams,506-894-3645,single,Canadian,day,Part-Time,,,True,Cigna,,2026-06-21 20:21:02
369,EMP-77486,James,Jackson,JAMES JACKSON,Prefer Not to Say,41.0,1984-07-10,james.jackson@corp.net,723-100-8598,9366 Park Ave,Phoenix,az,US,52396,Legal,HR Specialist,Karen Clark,Active,Onsite,2024-04-24,2024-02-21,4.0,High School,,5379.7,0.24,1.0,89.4,0.7,7,42,3,22,9,Excellent,CAPITAL ONE,Savings,Charles Ramirez,505-459-2520,single,American,NIGHT,Full-Time,14.0,WS-14-49,True,UnitedHealth,,2026-07-19 20:21:02
370,EMP-45359,Karen,Thompson,Karen Thompson,Prefer Not to Say,40.0,1985-02-20,karen.thompson@corp.net,(226) 204-3456,6513 Main St,Philadelphia,pa,U.S.A.,32402,Engineering,Systems Administrator,Robert Garcia,active,Remote,2021-02-24,2021-05-02,6.7,Bachelors,86733.88,,0.32,,92.6,0.0,3,49,5,27,6,Excellent,Wells Fargo,CHECKING,Joseph Lopez,911-852-5723,Divorced,Indian,NIGHT,Full-Time,,,False,Kaiser Permanente,N/A,2026-06-22 20:21:02
371,EMP-75016,William,Johnson,William Johnson,Non-Binary,46.0,1979-09-18,william.johnson@company.com,649-778-7862,8401 Oak Ave,Philadelphia,PA,US,83605,Marketing,Sales Executive,Susan Lee,On Leave,remote,2016-11-03,2024-05-23,1.3,High School,77527.59,5670.26,0.32,4.0,100.0,3.6,10,37,1,10,12,satisfactory,Citibank,CHECKING,Sarah Miller,764-357-5927,single,Mexican,NIGHT,Contract,,,True,UnitedHealth,N/A,2026-07-12 20:21:02
372,EMP-14178,Karen,Garcia,Karen Garcia,Male,48.0,1978-09-10,karen.garcia@corp.net,(856) 601-3324,178 Oak Ave,Boston,MA,US,13745,Finance,Sales Executive,,Active,Onsite,2016-02-24,2021-01-20,1.4,Master's,89472.21,5342.34,0.24,2.0,98.3,10.9,6,24,0,30,11,satisfactory,CHASE,Savings,Nancy Lopez,381-989-3733,Married,Indian,Shift 1,Part-Time,9.0,WS-09-65,False,UnitedHealth,High potential,2026-07-02 20:21:02
373,EMP-57641,Jessica,Davis,Jessica Davis,Non-Binary,42.0,1984-03-17,jessica.davis@corp.net,431-196-2284,5956 Maple Rd,San Diego,CA,US,38825,Engineering,Support Agent,Jennifer Moore,On Leave,remote,2016-06-24,,6.8,Bachelor's,88451.47,6285.32,0.24,4.0,100.0,1.2,3,54,2,8,2,good,Chase,CHECKING,Patricia Taylor,770-552-7426,MARRIED,Mexican,Day,FT,,,True,Cigna,,2026-06-06 20:21:02
374,EMP-91063,Karen,Hernandez,karen hernandez,non-binary,20.0,2006-09-23,KAREN.HERNANDEZ@CORP.NET,820-840-7861,3627 Maple Rd,San Diego,CA,United States,79601,Operations,Marketing Specialist,Betty Robinson,Active,hybrid,2015-06-01,,0.5,bachelor,77816.57,8166.08,0.22,5.0,100.0,0.0,5,16,3,16,12,Good,Citibank,Savings,Karen Martin,835-439-5797,Divorced,German,Shift 1,Part-Time,15.0,WS-15-20,True,Aetna,,2026-07-12 20:21:02
375,EMP-39494,Sandra ,Sanchez,Sandra Sanchez,Male,40.0,1986-12-01,sandra.sanchez@corp.net,901-447-2052,1927 Washington Blvd,Atlanta,GA,U.S.A.,90528,Engineering,Product Manager,Karen Jones,Terminated,REMOTE,2017-07-09,,7.7,Master's,71249.32,10823.46,0.32,1.0,90.3,0.4,8,62,0,19,10,Good,Wells Fargo,CHECKING,Anthony White,984-301-1925,Divorced,American,Day,Part-Time,,,True,Cigna,Completed leadership onboarding,2026-07-20 20:21:02
376,EMP-83460,Jessica,Moore,Jessica Moore,Non-Binary,41.0,1984-11-19, jessica.moore@enterprise.org ,148-378-1139,6786 Washington Blvd,San Jose,CA,US,49006,Operations,HR Specialist,Susan Moore,Active,Onsite,2017-06-18,2021-06-25,9.0,Bachelor's,89189.04,14497.8,0.22,3.0,92.8,3.5,3,0,0,12,8,satisfactory,Capital One,Savings,Jennifer Johnson,857-301-2258,single,Mexican,Day,contract,13.0,WS-13-91,False,Aetna,Transferred from regional branch,2026-06-23 20:21:02
377,EMP-99157,John,Lee,John Lee,Male,39.0,1987-12-25,john.lee@enterprise.org,(462) 232-2323,7864 Main St,Phoenix,az,USA,66846,Operations,Software Engineer,Nancy Moore,Active,Onsite,2016-01-17,,,Master's,92773.26,6171.22,0.15,5.0,92.4,3.3,6,53,4,20,2,Needs Improvement,Citibank,savings,Anthony Brown,564-538-9167,single,Indian,NIGHT,contract,13.0,WS-13-24,False,Cigna,Pending annual review,2026-07-10 20:21:02
378,EMP-23965,Robert,White,Robert White,Female,41.0,1985-05-21,ROBERT.WHITE@COMPANY.COM,865-393-1762,6338 Main St,Chicago,il,US,61246,Finance,Accountant,James Martinez,Active,Onsite,2022-04-02,2021-01-31,17.2,BS,70530.68,4608.47,0.22,1.0,93.3,0.1,4,53,2,20,0,Good,Citibank,CHECKING,Charles Gonzalez,594-122-4546,MARRIED,Canadian,Day,Full-Time,5.0,WS-05-79,True,Aetna,Completed leadership onboarding,2026-06-17 20:21:02
379,EMP-55156,Charles,Garcia,Charles Garcia,Male,19.0,2006-03-01, charles.garcia@corp.net ,151-486-3378,2201 Park Ave,SAN JOSE,CA,United States,72890,marketing,  Legal Counsel  ,David Perez,Terminated,hybrid,2023-09-05,2025-05-08,6.5,PhD,42872.46,2509.41,0.22,1.0,98.9,3.6,7,42,3,16,8,satisfactory,Chase,CHECKING,Nancy Brown,109-543-2261,Divorced,Indian,Night,Full-Time,7.0,WS-07-35,True,UnitedHealth,N/A,2026-07-24 20:21:02
380,EMP-64318,Patricia,Wilson,Patricia Wilson,male,47.0,1978-08-05,patricia.wilson@corp.net,154-501-9690,  312 Washington Blvd,Chicago,il,United States,99557,human resources,Accountant,Patricia Sanchez,Active,remote,2023-10-26,,16.6,Bachelors,72911.02,10229.98,0.32,2.0,94.2,15.8,6,64,1,15,11,good,Bank of America,CHECKING,Sarah Harris,256-593-5562,Married,Mexican,NIGHT,Part-Time,,,True,UnitedHealth,High potential,2026-07-18 20:21:02
381,EMP-19140,Anthony,Martin,Anthony Martin,Non-Binary,38.0,1987-07-03,anthony.martin@company.com,515-930-1611,9901 Maple Rd,Los Angeles,CA,U.S.A.,22801,Operations,Accountant   ,Linda Smith,active,remote,2020-12-20,2023-10-15,5.7,Bachelors,60324.24,6894.9,0.24,5.0,95.2,0.0,1,71,5,24,9,Excellent,TD BANK,savings,Christopher Harris,436-766-2522,MARRIED,American,Day,Part-Time,,,True,Cigna,Pending annual review,2026-07-07 20:21:02
382,EMP-13772,Jessica,Thompson,Jessica Thompson,Male,41.0,1984-05-15,JESSICA.THOMPSON@CORP.NET,(804) 731-9605,6846 Oak Ave,Atlanta,GA,USA,40761,Sales,Data Analyst,Patricia Lee,Active,Hybrid,2015-10-09,,13.8,Masters,80303.11,,0.24,2.0,98.2,0.0,10,39,3,18,5,satisfactory,CHASE,CHECKING,Susan Perez,,MARRIED,British,Day,Contract,8.0,WS-08-54,True,Cigna,High potential,2026-06-12 20:21:02
383,EMP-93399,Robert,Martinez,Robert Martinez,Female,44.0,,robert.martinez@company.com,(867) 691-3874,6362 Washington Blvd,New York,ny,usa,97027,Product,HR Specialist,Linda Davis,Active,REMOTE,2017-08-10,,21.4,High School,38799.35,3056.66,0.22,3.0,91.6,5.7,5,0,3,18,10,Excellent,Capital One,checking,Susan Miller,407-790-9476,Married,Canadian,Shift 1,Part-Time,,,False,Kaiser Permanente,,2026-06-26 20:21:02
384,EMP-43344,Lisa,Johnson,Lisa Johnson,nON-bINARY,43.0,1983-01-28,lisa.johnson@company.com,309-448-1355,8669 Park Ave,San Jose,ca,U.S.A.,89793,Legal,Software Engineer,Susan Sanchez,active,remote,2018-05-10,,14.9,Bachelor's,72251.03,8709.76,0.24,4.0,99.8,0.0,1,75,4,15,4,Excellent,Capital One,savings,Michael Robinson,391-857-7585,MARRIED,Indian,Shift 2,FT,,,False,Cigna,Completed leadership onboarding,2026-06-21 20:21:02
385,EMP-94210,James,Ramirez,JAMES RAMIREZ,Non-Binary,54.0,,james.ramirez@company.com,833-558-2681,7180 Maple Rd   ,Philadelphia,PA,usa,65361,human resources,Marketing Specialist,Mark White,Active,Hybrid,2016-08-26,2024-02-16,14.6,MS,107799.29,10688.29,0.24,3.0,105.0,2.7,7,52,5,23,12,Excellent,Citibank,Checking,Robert Clark,370-282-8121,MARRIED,Mexican,Night,Contract,13.0, WS-13-67,True,Cigna,,2026-06-17 20:21:02
386,EMP-59334,Betty,Clark,Betty Clark,Female,28.0,1997-09-08,betty.clark@enterprise.org,300-430-9391,456 Main St,Philadelphia,PA,USA,28520,IT,   Sales Executive,Matthew Martinez,Terminated,Hybrid,2015-04-22,2025-06-28,8.2,High School,69868.24,8469.93,0.32,3.0,83.0,0.0,7,27,2,14,10,Good,Bank of America,checking,Richard Taylor,486-865-5007,MARRIED,American,NIGHT,Part-Time,4.0,WS-04-38,False,Blue Cross Blue Shield,,2026-06-12 20:21:02
387,EMP-26257,Mark,Anderson,Mark Anderson,Female,42.0,1984-02-02,mark.anderson@enterprise.org,(728) 667-9001,4566 Maple Rd,Boston,MA,US,47389,cUSTOMER sUPPORT,Sales Executive,Joseph White,Active,Onsite,2017-05-20,2025-03-22,8.7,PhD,104581.58,9388.37,0.32,4.0,98.1,7.1,6,25,2,7,1,Good,Citibank,Savings,Mary Martin,907-133-1762,Divorced,German,Day,FT,6.0,WS-06-60,True,UnitedHealth,Completed leadership onboarding,2026-07-20 20:21:02
388,EMP-78856,Margaret,Hernandez,Margaret Hernandez,Female,31.0,1995-02-26,margaret.hernandez@company.com,113-982-1603,1389 Main St,Phoenix,AZ,U.S.A.,97251,PRODUCT,Operations Manager,Karen Taylor,ACTIVE,remote,2019-01-19,2020-12-21,9.0,Master's,60150.59,9764.33,0.24,4.0,88.4,6.4,8,54,0,21,10,satisfactory,Citibank,Checking,William White,697-521-7551,single,Mexican,Night,contract,,,True,Aetna,N/A,2026-06-27 20:21:02
389,EMP-86830,Barbara,Smith,Barbara Smith,Female,,1990-07-04,barbara.smith@company.com,423-384-8883,2648 Main St,Austin,TX,United States,56472,Human Resources,Marketing Specialist,Joseph Ramirez,Terminated,REMOTE,2014-01-09,,0.5,High School,84040.67,7494.12,0.24,,88.8,0.0,2,2,5,26,2,satisfactory,Bank of America,savings,Christopher Davis,184-650-7656,single,Indian,Shift 1,Full-Time,,,True,Aetna,,2026-08-04 20:21:02
390,EMP-28527,Barbara,Taylor,Barbara Taylor,Non-Binary,29.0,1996-08-03,barbara.taylor@corp.net,(221) 600-6371,9559 Park Ave,Philadelphia,PA,USA,98790,Human Resources,Legal Counsel,David Lopez,active,Onsite,2020-06-13,2021-12-29,4.7,bachelor,70901.3,4577.75,0.15,5.0,95.0,0.1,4,68,0,13,6,Excellent,wELLS fARGO,CHECKING,Anthony Garcia,260-205-7061,Married,American,day,contract,15.0,WS-15-23,False,Aetna,,2026-06-19 20:21:02
391,EMP-62635,John,Miller,John Miller,Male,34.0,1991-02-09,john.miller@enterprise.org,787-829-2635,6007 Park Ave,atlanta,GA,usa,96985,Customer Support,Senior Developer,Susan Davis,Active,Hybrid,2018-10-22,,4.2,BS,81383.49,5268.94,0.24,3.0,100.0,7.2,10,13,0,18,1,satisfactory,TD Bank,savings,Daniel Martin,160-871-9625,Married,German,Shift 1,Part-Time,13.0,WS-13-25,True,Kaiser Permanente,Pending annual review,2026-07-30 20:21:02
392,EMP-92944,Margaret,Thomas,Margaret Thomas,Prefer Not to Say,,1984-07-17,margaret.thomas@enterprise.org,(103) 111-6656,8165 Oak Ave,San Jose,CA,US,82255,Engineering,HR Specialist,Mary Lee,active,Hybrid,2024-07-14,,7.1,BS,59416.97,4676.48,0.15,2.0,94.0,9.6,1,42,5,21,12,satisfactory,Chase,Savings,Sandra Lee,,MARRIED,American,Night,Part-Time,5.0,WS-05-11,False,Cigna,N/A,2026-06-14 20:21:02
393,EMP-62315,Daniel,  Martin   ,Daniel Martin,Non-Binary,34.0,1991-09-23,daniel.martin@company.com,541-924-3204,8463 Washington Blvd,Houston,TX,U.S.A.,59927,IT,Accountant  ,Christopher Jones,Active,REMOTE,2012-07-07,2021-02-04,4.0,bachelor,96520.14,4958.07,0.24,4.0,95.1,6.8,1,27,4,5,3,Good,Chase,checking,Betty Taylor,883-430-5028,MARRIED,British,Shift 1,Full-Time,,,True,Kaiser Permanente,,2026-07-16 20:21:02
394,EMP-67737,Robert,Moore,Robert Moore,pREFER nOT TO sAY,34.0,1992-07-31,ROBERT.MOORE@COMPANY.COM,927-669-5191,6880 Maple Rd,Boston,MA,U.S.A.,96616,Finance,Systems Administrator,Sarah Perez,Active,REMOTE,2015-09-11,2020-01-07,4.7,Bachelor's,47445.98,3470.17,0.15,4.0,85.7,5.3,5,54,3,18,10,good,capital one,savings,William Hernandez,324-591-5404,MARRIED,British,day,FT,,,False,Aetna,N/A,2026-07-30 20:21:02
395,EMP-72596,David,Lewis,David Lewis,Prefer Not to Say,40.0,1985-10-11,david.lewis@corp.net,495-800-3563,8177 Washington Blvd,San Antonio,TX,USA,39362,Product,Sales Executive  ,Mark Brown,On Leave,REMOTE,2021-07-28,,10.5,Bachelors,43376.19,3512.68,0.22,1.0,99.5,0.0,1,10,5,15,9,good,TD Bank,Savings,Sandra Rodriguez,636-387-9871,Married,British,NIGHT,PT,,,True,Cigna,,2026-06-16 20:21:02
396,EMP-43297,Susan,Lee,Susan Lee,Male,33.0,1992-07-20,susan.lee@corp.net,324-549-4965,8062 Main St,Philadelphia,PA,usa,52768,Product,Sales Executive,Robert Lewis,Terminated,remote,2022-11-13,2024-07-08,8.7,BS,107244.41,6135.63,0.22,4.0,99.5,0.0,10,8,0,24,11,Excellent,TD Bank,checking,Susan Anderson,799-257-9213,Single,Canadian,Day,Contract,,,False,Aetna,Transferred from regional branch,2026-08-03 20:21:02
397,EMP-98287,Jessica,Anderson,Jessica Anderson,PREFER NOT TO SAY,35.0,1991-09-14,jessica.anderson@enterprise.org,102-556-1366,9430 Main St,Boston,MA,U.S.A.,18476,Customer Support,HR Specialist,Daniel Rodriguez,active,Hybrid,2015-09-15,,3.5,MS,35000.0,5004.54,0.22,5.0,91.4,1.3,5,56,3,18,5,good,Wells Fargo,Checking,Jessica Smith,410-842-5314,Married,German,Shift 1,Part-Time,13.0,WS-13-65,False,Cigna,Transferred from regional branch,2026-07-26 20:21:02
398,EMP-10350,Anthony,Jackson,Anthony Jackson,Female,53.0,1972-08-03,anthony.jackson@enterprise.org,212-226-6456,4814 Park Ave,Austin,TX,United States,41508,Sales,Product Manager,Barbara Lopez,Terminated,Hybrid,2020-12-31,,5.5,Masters,85238.48,13611.25,0.15,4.0,94.2,11.0,4,79,5,15,2,Excellent,Bank of America,checking,,893-790-6636,MARRIED,British,Shift 2,Contract,15.0,WS-15-74,False,Blue Cross Blue Shield,Pending annual review,2026-07-20 20:21:02
399,EMP-37971,Lisa,White,lisa white,Male,27.0,1999-08-31, lisa.white@enterprise.org ,604-785-9014,4865 Main St,Seattle,WA,United States,51856,Engineering,Accountant,Elizabeth Lopez,On Leave,Onsite,2014-10-01,2022-02-21,15.1,MS,73028.24,4504.01,0.15,1.0,95.1,0.0,7,58,4,30,10,Good,capital one,CHECKING,Susan Thompson,641-420-6141,single,German,Night,Full-Time,12.0,WS-12-56,True,Kaiser Permanente,,2026-06-22 20:21:02
400,EMP-42766,Barbara,Miller,Barbara Miller,Non-Binary,45.0,1980-02-16,BARBARA.MILLER@ENTERPRISE.ORG,(897) 187-4500,219 Main St,Houston,TX,United States,16177,Sales,Systems Administrator,Karen Davis,active,hybrid,2017-01-17,,9.2,MS,94062.73,16275.44,0.24,5.0,96.4,12.9,1,6,3,26,11,Excellent,Wells Fargo,savings,Anthony Lopez,257-499-1412,Divorced,Canadian,NIGHT,FT,4.0,WS-04-70,False,Blue Cross Blue Shield,Pending annual review,2026-06-10 20:21:02
401,EMP-78562,Richard,Wilson,Richard Wilson,Female,38.0,1987-09-28,richard.wilson@company.com,210-699-9015,5558 Park Ave,Denver,CO,United States,61683,Customer Support,Marketing Specialist,William Gonzalez,ACTIVE,Remote,2016-01-21,,4.3,Masters,41058.05,2523.5,0.24,1.0,91.8,0.0,1,43,1,6,3,Needs Improvement,TD Bank,Checking,Daniel Jackson,957-839-8026,Single,Mexican,Shift 1,FT,,,True,Aetna,,2026-06-23 20:21:02
402,EMP-78449,Linda,Miller,LINDA MILLER,Female,64.0,,linda.miller@company.com,398-579-8911,8016 Washington Blvd,New York,ny,usa,81232,Legal,Senior Developer,James Thomas,On Leave,hybrid,2013-06-22,2022-01-29,5.6,PhD,35812.2,3305.14,0.32,5.0,98.7,13.1,10,28,0,12,10,Excellent,Citibank,checking,Margaret Gonzalez,539-578-5890,MARRIED,American,Shift 2,Full-Time,6.0,WS-06-97,True,UnitedHealth,,2026-06-20 20:21:02
403,EMP-73772,Christopher,Smith,Christopher Smith,Prefer Not to Say,47.0,1978-03-12, christopher.smith@enterprise.org ,657-245-7410,2031 Maple Rd,San Diego,CA,United States,18779,Product,Sales Executive,,Active,Onsite,2021-06-30,2020-04-12,10.1,High School,62075.45,10484.55,0.22,5.0,100.0,11.2,4,64,2,11,10,Needs Improvement,TD BANK,savings,Barbara Anderson,922-434-2383,Divorced,British,Shift 2,PT,4.0,WS-04-98,,Aetna,,2026-06-14 20:21:02
404,EMP-21590,Robert,Robinson,Robert Robinson,Prefer Not to Say,,1997-08-14,robert.robinson@corp.net,977-597-1439,1033 Park Ave,houston,TX,usa,26982,product,Data Analyst,William Moore,active,hybrid,2024-06-14,2022-05-05,2.5,MS,69684.61,4689.46,0.32,4.0,100.0,16.0,1,49,2,12,4,Good,TD Bank,CHECKING,Margaret Thompson,750-784-4820,single,Canadian,Day,Part-Time,4.0,WS-04-32,False,Cigna,N/A,2026-07-04 20:21:02
405,EMP-44606,Betty,   Hernandez   ,Betty Hernandez,Prefer Not to Say,40.0,1985-04-30,betty.hernandez@enterprise.org,266-595-1843,9598 Maple Rd,San Diego,CA,US,64205,hr,Operations Manager,Elizabeth Lewis,Active,hybrid,2019-11-16,2025-03-04,9.3,PhD,72313.83,7817.86,0.24,5.0,99.1,3.8,4,74,0,24,8,Good,TD Bank,checking,,544-488-3981,single,American,Night,PT,3.0,WS-03-62,False,Cigna,,2026-07-07 20:21:02
406,EMP-88137,   Barbara  ,Anderson,Barbara Anderson,Female,19.0,2007-03-31,barbara.anderson@company.com,(466) 226-3130,6766 Park Ave,Dallas,tx,USA,95610,Sales,Accountant,Matthew Davis,Active,Remote,2017-02-25,,13.9,MS,106712.93,19575.37,0.32,5.0,98.9,0.0,1,51,4,16,10,Excellent,Bank of America,CHECKING,Mark Gonzalez,243-713-6005,MARRIED,British,Night,FT,,,True,Cigna,N/A,2026-06-09 20:21:02
407,EMP-82834,David,Martinez,DAVID MARTINEZ,Male,28.0,1997-11-15,david.martinez@corp.net,520-878-5959,9228 Washington Blvd,Chicago,IL,usa,93563,Operations,Systems Administrator,Linda White,Active,Remote,2014-09-29,,15.4,PhD,,12930.97,0.24,5.0,88.9,0.0,10,73,5,9,8,good,Capital One,savings,Jennifer Robinson,608-307-2249,Married,British,day,Contract,,,False,Blue Cross Blue Shield,,2026-06-29 20:21:02
408,EMP-61419,Elizabeth,Martinez,elizabeth martinez,male,28.0,1997-02-12,elizabeth.martinez@enterprise.org,(121) 250-3608,8113 Maple Rd,Seattle,WA,USA,45597,Sales,Operations Manager,Betty Thompson,active,Hybrid,2021-02-06,2025-03-25,5.8,Bachelors,75991.57,7851.96,0.32,3.0,94.2,0.0,7,7,3,22,12,Good,Wells Fargo,Savings,Michael Smith,481-619-9084,Married,German,day,Part-Time,7.0,WS-07-78,True,Blue Cross Blue Shield,N/A,2026-06-27 20:21:02
409,EMP-30123,Linda,   Jones,Linda Jones,prefer not to say,23.0,2002-04-20,linda.jones@enterprise.org,235-128-3115,9313 Oak Ave,PHILADELPHIA,pa,USA,56246,Marketing,Operations Manager,James Clark,ACTIVE,Remote,2022-09-09,2025-09-01,14.1,Bachelor's,71987.88,14016.04,0.24,3.0,91.4,3.7,10,56,0,14,9,Excellent,Chase,savings,David Clark,409-812-2813,Divorced,Canadian,Shift 1,PT,,,False,Kaiser Permanente,,2026-07-27 20:21:02
410,EMP-55328,Karen,Williams,Karen Williams,Prefer Not to Say,47.0,1979-10-24,karen.williams@enterprise.org,(295) 750-6008,7676 Park Ave,Houston,TX,US,89115,Product,Data Analyst,Richard Harris,Active,Remote,2023-08-18,2020-06-25,16.1,Bachelors,50313.02,4224.24,0.15,3.0,92.0,44.3,1,80,0,28,0,Needs Improvement,wells fargo,Checking,Susan Thompson,333-589-7802,Married,Indian,Shift 2,contract,,,True,UnitedHealth,Transferred from regional branch,2026-08-02 20:21:02
411,EMP-38943,Susan,   Sanchez   ,Susan Sanchez,NON-BINARY,56.0,1970-12-29,SUSAN.SANCHEZ@ENTERPRISE.ORG,167-364-9050,288 Main St,Boston,MA,USA,26498,Marketing,Sales Executive,Lisa Rodriguez,Active,Remote,2015-07-17,2022-09-19,5.7,Master's,74080.6,11309.05,0.32,4.0,89.3,0.3,10,2,1,10,6,Excellent,TD Bank,Savings,,836-307-3347,Single,Mexican,Day,contract,,,True,Cigna,,2026-07-16 20:21:02
412,EMP-49466,Robert,Anderson,Robert Anderson,Non-Binary,43.0,1982-10-18,ROBERT.ANDERSON@COMPANY.COM,841-822-2002,9453 Oak Ave,Seattle,WA,US,50078,IT,Software Engineer,Betty Miller,ACTIVE,REMOTE,2016-02-09,2023-11-21,8.0,PhD,66272.28,5524.78,0.22,5.0,94.5,0.0,8,29,2,15,3,satisfactory,TD Bank,Savings,Linda Wilson,965-283-3499,single,British,Day,contract,,,False,Cigna,,2026-08-02 20:21:02
413,EMP-52493,Sandra,Williams,Sandra Williams,Male,37.0,1988-12-31,sandra.williams@enterprise.org,749-815-1857,5685 Washington Blvd,Phoenix,AZ,US,20314,Finance,Sales Executive,Robert Hernandez,active,Onsite,2022-11-27,2020-11-04,6.1,bachelor,69824.08,11165.85,0.15,3.0,100.0,3.4,10,32,0,24,11,good,Chase,savings,Betty Harris,608-224-7427,Married,Canadian,day,contract,11.0,WS-11-26,False,Cigna,High potential,2026-07-27 20:21:02
414,EMP-19756,Nancy,Perez,Nancy Perez,Female,,1988-01-01,nancy.perez@company.com,(721) 675-7314,9859 Washington Blvd,Dallas,TX,usa,20137,Marketing, Support Agent   ,,Active,remote,2014-02-25,2022-06-05,9.1,PhD,79791.53,10266.52,0.22,1.0,99.5,17.5,2,49,1,22,8,EXCELLENT,Citibank,savings,Daniel Moore,190-640-6787,MARRIED,American,Shift 1,contract,,,True,Cigna,N/A,2026-06-17 20:21:02
415,EMP-82981,Sarah,Harris,sarah harris,Female,36.0,1989-01-02,SARAH.HARRIS@CORP.NET,558-258-4164,7736 Park Ave,San Diego,CA,USA,13772,marketing,Support Agent,Mark Taylor,Terminated,hybrid,2024-10-10,,10.2,Master's,43582.48,6151.0,0.32,1.0,89.4,7.8,7,48,4,21,11,good,Citibank,CHECKING,David Harris,203-186-7962,single,American,Shift 1,contract,10.0,WS-10-56,True,Aetna,High potential,2026-06-07 20:21:02
416,EMP-92027,Christopher,Anderson,,MALE,39.0,1986-12-21,christopher.anderson@company.com,913-347-1301,7981 Main St,Austin,TX,U.S.A.,31087,human resources,Product Manager,James Ramirez,Active,hybrid,2013-04-16,,2.1,Masters,106456.29,5702.47,0.24,3.0,96.3,17.9,1,72,4,22,3,Needs Improvement,Citibank,savings,Linda Taylor,238-417-7185,Married,American,Night,Contract,4.0,WS-04-77,,Kaiser Permanente,High potential,2026-07-15 20:21:02
417,EMP-30629,Karen,Martinez,,NON-BINARY,19.0,2007-08-03,karen.martinez@enterprise.org,256-624-9135,6286 Oak Ave,Seattle,wa,U.S.A.,30342,Customer Support,Software Engineer,Linda Lewis,Active,Hybrid,2020-07-28,2025-01-23,5.3,Bachelor's,59244.32,3662.6,0.15,3.0,91.9,0.6,9,1,2,7,6,good,citibank,CHECKING,Margaret Brown,322-693-3082,MARRIED,British,Shift 1,FT,11.0, WS-11-88,False,Cigna,Transferred from regional branch,2026-06-30 20:21:02
418,EMP-46942,Elizabeth,Martinez,Elizabeth Martinez,Female,25.0,2001-02-06,elizabeth.martinez@company.com,407-475-1680,8832 Main St,Houston,TX,USA,59841,IT,Marketing Specialist,Karen Harris,Terminated,remote,2012-02-22,,,PhD,76222.31,12820.09,0.15,1.0,97.5,4.3,6,48,5,26,9,Excellent,Wells Fargo,savings,Sarah Moore,316-396-2038,Married,British,Day,Contract,,,True,Blue Cross Blue Shield,Transferred from regional branch,2026-06-05 20:21:02
419,EMP-83710,Christopher,Brown,CHRISTOPHER BROWN,FEMALE,27.0,1999-04-01,christopher.brown@corp.net,(469) 524-1022,7525 Main St,San Jose,CA,usa,75972,MARKETING,  Accountant  ,William Hernandez,active,Remote,2022-04-07,,9.2,Masters,116481.65,13773.85,0.22,2.0,90.4,0.0,10,80,4,24,8,good,Chase,Savings,Linda Martin,334-502-5733,single,British,Day,Full-Time,,,,Aetna,,2026-07-07 20:21:02
420,EMP-55952,Linda,Williams,Linda Williams,pREFER nOT TO sAY,18.0,2007-02-07,linda.williams@corp.net,(905) 196-3715,449 Main St,Philadelphia,pa,US,48088,Product,Marketing Specialist,Richard Harris,Terminated,REMOTE,2018-02-03,2025-10-17,6.6,Bachelors,97019.19,8437.61,0.15,1.0,100.0,9.7,2,56,3,29,3,satisfactory,Citibank,checking,Karen Miller,935-137-8276,Single,American,Shift 2,Full-Time,,,False,Blue Cross Blue Shield,N/A,2026-07-25 20:21:02
421,EMP-22166,William,Martinez,William Martinez,Prefer Not to Say,33.0,1992-08-26,william.martinez@corp.net,818-450-7128,534 Oak Ave,Chicago,IL,usa,57211,Engineering,Software Engineer,Daniel Sanchez,Active,remote,2021-01-24,2022-05-28,1.6,Bachelor's,74397.11,10565.4,0.32,2.0,92.2,7.8,5,54,5,9,4,Needs Improvement,Citibank,Savings,Sandra Robinson,864-931-6717,single,British,NIGHT,Part-Time,,,True,Cigna,Transferred from regional branch,2026-07-30 20:21:02
422,EMP-44180,Daniel,Williams,Daniel Williams,Male,40.0,1986-09-16,daniel.williams@company.com,203-589-4751,2089 Washington Blvd,Boston,MA,USA,13210,IT,Accountant,Barbara Harris,Active,remote,2016-09-05,2025-12-31,10.3,PhD,,18453.43,0.24,3.0,95.5,0.0,4,32,5,9,7,satisfactory,Chase,savings,Richard White,254-470-6278,Single,British,Day,PT,,,True,Blue Cross Blue Shield,,2026-06-15 20:21:02
423,EMP-24560,Nancy,Harris,Nancy Harris,Female,41.0,1985-09-30, NANCY.HARRIS@COMPANY.COM ,(148) 788-9388,6251 Park Ave,Chicago,il,US,99181,Operations,Product Manager,Nancy Robinson,Active,Hybrid,2017-11-19,2025-07-15,6.0,PhD,80382.54,6973.33,0.24,3.0,93.3,0.0,2,67,4,9,2,EXCELLENT,Citibank,Checking,Thomas White,941-394-2991,Single,German,NIGHT,contract,12.0,WS-12-38,True,UnitedHealth,High potential,2026-07-08 20:21:02
424,EMP-89632,Linda,Wilson,Linda Wilson,Prefer Not to Say,44.0,1981-01-16,linda.wilson@company.com,(685) 851-4737,2544 Washington Blvd,Austin,TX,U.S.A.,23329,IT,Operations Manager,Betty Martin,active,Remote,2016-03-07,,6.2,MS,82542.01,7323.19,0.24,2.0,94.9,6.6,9,55,4,8,1,EXCELLENT,Wells Fargo,Savings,Linda Johnson,,MARRIED,Indian,Shift 2,Full-Time,,,False,UnitedHealth,Transferred from regional branch,2026-06-15 20:21:02
425,EMP-17312,Matthew,Lee,Matthew Lee,Prefer Not to Say,40.0,1985-12-31,MATTHEW.LEE@CORP.NET,(499) 341-8667,6576 Main St,CHICAGO,il,usa,34937,SALES,Software Engineer,David Lopez,Terminated,REMOTE,2022-12-25,2022-07-20,13.2,bachelor,46038.87,4781.16,0.24,3.0,90.8,2.3,5,57,2,26,1,EXCELLENT,Chase,Savings,Richard Robinson,323-827-9645,Divorced,Indian,NIGHT,FT,,,False,Aetna,N/A,2026-07-17 20:21:02
426,EMP-31019,Michael,Miller,Michael Miller,Female,32.0,1993-09-16,MICHAEL.MILLER@CORP.NET,958-985-3806, 8697 Oak Ave  ,DENVER,CO,U.S.A.,48090,Finance,Product Manager,John Martin,Active,REMOTE,2018-08-13,,14.9,Bachelor's,35000.0,5511.47,0.32,2.0,100.0,0.0,6,45,2,7,10,satisfactory,chase,checking,,217-733-5973,Divorced,German,Night,Part-Time,,,False,Aetna,,2026-08-04 20:21:02
427,EMP-69217,Robert,   Jones,Robert Jones,Non-Binary,48.0,1978-10-18,robert.jones@enterprise.org,(545) 885-3319,1932 Washington Blvd,Boston,ma,U.S.A.,38981,Product,Legal Counsel,,Active,Onsite,2017-09-13,,9.1,Bachelor's,73902.12,8013.22,0.24,5.0,96.4,17.6,5,42,4,5,1,Good,TD Bank,savings,Susan Martinez,522-950-3784,MARRIED,Canadian,Shift 1,Full-Time,2.0,   WS-02-55  ,False,Aetna,High potential,2026-07-25 20:21:02
428,EMP-53439,Barbara,Garcia,Barbara Garcia,Male,42.0,1983-07-17,barbara.garcia@corp.net,377-857-1938,2956 Maple Rd,Seattle,WA,usa,98652,customer support, Data Analyst  ,Thomas Perez,Active,remote,2021-12-27,2021-12-26,15.5,bachelor,98316.12,11480.5,0.15,,94.0,22.4,9,64,0,27,12,Needs Improvement,CITIBANK,CHECKING,Susan Williams,969-963-6070,Married,Canadian,day,Part-Time,,,False,UnitedHealth,Completed leadership onboarding,2026-06-23 20:21:02
429,EMP-57771,Karen,Lewis,Karen Lewis,Prefer Not to Say,43.0,1983-09-14,KAREN.LEWIS@COMPANY.COM,706-916-9982,7763 Washington Blvd,houston,TX,US,67953,Customer Support, Systems Administrator  ,Thomas Jackson,Active,Onsite,2019-10-26,2021-11-18,0.5,bachelor,88118.02,13781.48,0.32,,96.0,0.0,7,9,1,26,8,satisfactory,Capital One,CHECKING,Karen White,803-607-5600,Single,German,Day,contract,4.0,WS-04-83,False,Kaiser Permanente,Pending annual review,2026-06-25 20:21:02
430,EMP-53038,Daniel,Gonzalez,Daniel Gonzalez,Prefer Not to Say,37.0,1989-11-23,daniel.gonzalez@company.com,674-981-9390,3947 Park Ave,San Antonio,tx,US,41812,it,Software Engineer,Jessica Jackson,Terminated,REMOTE,2018-08-31,2023-07-04,6.1,Masters,97482.25,9402.75,0.15,4.0,99.7,0.0,7,17,3,25,12,Good,Wells Fargo,checking,Matthew Anderson,,Divorced,Canadian,Shift 1,PT,,,True,Kaiser Permanente,N/A,2026-06-25 20:21:02
431,EMP-84408,Lisa,Johnson,Lisa Johnson,Non-Binary,30.0,1996-06-03,lisa.johnson@corp.net,665-173-7199,5123 Main St,San Diego,CA,United States,37592,Legal,Data Analyst,Anthony Anderson,On Leave,Onsite,2016-05-02,,,Bachelors,55566.87,7234.26,0.22,2.0,88.1,16.3,5,1,1,11,6,Needs Improvement,Capital One,Savings,Sarah Hernandez,144-845-4068,Married,German,Shift 2,Contract,4.0,WS-04-30,False,UnitedHealth,High potential,2026-07-07 20:21:02
432,EMP-30430,William,Martin,William Martin,Prefer Not to Say,29.0,1997-09-19,william.martin@company.com,452-811-8397,6835 Main St,New York,ny,USA,19652,Sales,Sales Executive,Margaret Thomas,Active,Remote,2014-06-01,2022-10-18,4.6,Bachelor's,64287.73,4636.51,0.15,4.0,99.3,0.1,3,21,1,22,10,Excellent,TD Bank,Checking,Barbara Gonzalez,529-670-6778,Single,British,Shift 1,Contract,,,False,UnitedHealth,Transferred from regional branch,2026-07-27 20:21:02
433,EMP-63462,Michael,Thompson   ,Michael Thompson,fEMALE,45.0,1981-02-23,michael.thompson@company.com,(943) 520-1579,6658 Park Ave,New York,NY,United States,96597,Finance,Support Agent,Charles Smith,ACTIVE,Remote,2015-05-11,,10.6,Master's,62170.37,6842.57,0.15,4.0,97.2,0.0,2,43,5,8,2,EXCELLENT,Chase,Savings,William Martinez,568-546-8792,Single,Indian,Night,contract,,,True,Aetna,Completed leadership onboarding,2026-06-22 20:21:02
434,EMP-40305,Charles,White,Charles White,Prefer Not to Say,46.0,,charles.white@enterprise.org,(527) 143-1911,3920 Washington Blvd,Atlanta,GA,U.S.A.,46664,Engineering,Operations Manager,Jessica White,On Leave,Remote,2024-04-12,2020-09-11,11.8,BS,98778.27,14721.43,0.15,1.0,98.5,18.7,9,6,2,13,6,satisfactory,Citibank,CHECKING,David Jones,,MARRIED,Indian,NIGHT,Full-Time,,,False,UnitedHealth,,2026-06-25 20:21:02
435,EMP-43694,Sandra,Clark,Sandra Clark,Prefer Not to Say,30.0,1996-07-14, sandra.clark@enterprise.org ,720-379-7825,7210 Main St,Philadelphia,PA,USA,90585,IT,HR Specialist,Robert Gonzalez,active,REMOTE,2015-01-21,2021-08-23,9.1,Bachelor's,58595.17,9573.48,0.32,,94.9,5.2,9,54,0,15,6,satisfactory,TD Bank,CHECKING,James Sanchez,806-959-7576,single,Mexican,Shift 1,contract,,,True,Kaiser Permanente,Transferred from regional branch,2026-07-28 20:21:02
436,EMP-32832,Matthew,Harris,Matthew Harris,Non-Binary,31.0,1995-02-13, matthew.harris@company.com ,797-367-1323,7821 Main St,Dallas,TX,USA,99804,HR,Product Manager,Patricia White,On Leave,Hybrid,2013-04-21,,7.3,High School,59151.6,9452.51,0.32,2.0,93.5,0.0,1,41,0,7,0,Needs Improvement,chase,savings,Mary Clark,,Married,American,Shift 1,Full-Time,3.0,WS-03-54,False,Aetna,Completed leadership onboarding,2026-07-24 20:21:02
437,EMP-14295,John,Smith,John Smith,Prefer Not to Say,19.0,2007-12-11,john.smith@enterprise.org,709-987-8394,5777 Oak Ave,Seattle,WA,United States,98893,Sales,HR Specialist,Barbara Harris,On Leave,Hybrid,2012-11-18,2024-02-09,9.1,bachelor,75024.11,14300.7,0.22,4.0,90.9,15.8,10,77,3,17,8,EXCELLENT,TD Bank,savings,,642-427-6627,Single,Indian,Shift 1,PT,11.0,WS-11-15,False,Cigna,Transferred from regional branch,2026-07-18 20:21:02
438,EMP-45765,Charles  ,Martin,Charles Martin,Non-Binary,36.0,1989-01-28,charles.martin@corp.net,(883) 349-6199,   1692 Main St   ,Chicago,IL,USA,19282,Sales,Support Agent,Karen Moore,ACTIVE,Hybrid,2016-12-26,2020-11-08,8.4,MS,71772.71,10758.82,0.32,2.0,91.5,3.5,1,5,1,9,10,good,Wells Fargo,CHECKING,Jessica Perez,108-442-6437,Married,Mexican,day,FT,15.0,WS-15-80,True,UnitedHealth,,2026-07-19 20:21:02
439,EMP-89803,Lisa,Moore,,Female,30.0,1995-04-17,lisa.moore@corp.net,284-182-5296,8870 Main St,SAN ANTONIO,tx,US,55106,IT,HR Specialist,Betty Clark,Terminated,REMOTE,2022-03-16,2025-11-19,3.3,PhD,91589.5,8409.48,0.32,3.0,94.0,0.0,10,17,5,23,11,Excellent,Citibank,Checking,Daniel Hernandez,545-286-8433,Single,German,day,Part-Time,,,False,Aetna,Transferred from regional branch,2026-07-28 20:21:02
440,EMP-30079,Anthony,Rodriguez,Anthony Rodriguez,Female,35.0,1990-12-24,anthony.rodriguez@company.com,239-822-3167,7724 Main St,Seattle,WA,USA,53946,operations,Sales Executive,,ACTIVE,Remote,2022-01-30,2023-05-11,0.5,Bachelors,87708.36,10174.07,0.32,1.0,88.8,0.0,5,58,2,18,3,EXCELLENT,cHASE,Checking,Michael Moore,603-657-4047,single,Mexican,Day,FT,,,False,UnitedHealth,N/A,2026-07-03 20:21:02
441,EMP-53427,Thomas,Gonzalez,Thomas Gonzalez,Male,,1988-10-05,thomas.gonzalez@corp.net,(275) 778-9573,5278 Park Ave,Seattle,WA,USA,87244,IT,Marketing Specialist,Thomas Lewis,ACTIVE,REMOTE,2018-06-05,2020-05-27,9.4,Bachelors,102213.17,15380.76,0.22,5.0,88.5,1.3,3,26,5,10,0,Excellent,Citibank,CHECKING,Susan Martinez,553-993-8873,Married,Indian,day,contract,,,False,Aetna,Transferred from regional branch,2026-07-11 20:21:02
442,EMP-13808,Lisa,Davis,Lisa Davis,Female,38.0,1987-03-23,lisa.davis@company.com,(327) 372-6684,7969 Oak Ave,Boston,MA,US,65742,Finance,Product Manager,,Active,Hybrid,2016-10-10,,13.0,PhD,118749.78,22708.25,0.22,2.0,88.5,9.8,8,2,2,27,2,Good,Chase,Savings,David Hernandez,520-633-4652,single,Indian,NIGHT,Full-Time,5.0,WS-05-23 ,False,Cigna,Completed leadership onboarding,2026-07-17 20:21:02
443,EMP-62393,Betty,Lee,Betty Lee,Non-Binary,,1985-10-13,betty.lee@enterprise.org,312-291-3921,4743 Park Ave,San Jose,CA,United States,56170,legal,Systems Administrator,Mark Garcia,Terminated,Hybrid,2019-01-06,2023-02-16,5.5,MS,91142.45,,0.24,2.0,90.1,17.3,4,31,4,21,0,satisfactory,Chase,CHECKING,Jessica Williams,484-247-9917,Divorced,Indian,day,PT,1.0,WS-01-51,True,Blue Cross Blue Shield,High potential,2026-07-22 20:21:02
444,EMP-37093,Joseph,Rodriguez,joseph rodriguez,Prefer Not to Say,40.0,1986-04-17,joseph.rodriguez@enterprise.org,735-476-8580,5890 Washington Blvd,Seattle,WA,US,54991,Customer Support,Software Engineer,David Lewis,ACTIVE,hybrid,2020-09-03,,14.8,Bachelor's,51887.49,4932.13,0.24,1.0,95.3,14.9,6,16,5,26,5,Excellent,Chase,CHECKING,Christopher Taylor,877-176-7461,Single,American,day,contract,12.0,  WS-12-33,False,Blue Cross Blue Shield,,2026-07-27 20:21:02
445,EMP-72073,Christopher,Gonzalez,christopher gonzalez,Female,37.0,1989-01-06,CHRISTOPHER.GONZALEZ@COMPANY.COM,855-391-5681,7251 Oak Ave,New York,ny,United States,12890,human resources,Data Analyst,Mark Johnson,active,hybrid,2015-09-11,,0.5,Bachelors,61105.74,5642.93,0.24,1.0,93.0,0.0,3,41,2,18,0,EXCELLENT,Capital One,Checking,Margaret Brown,409-858-4821,MARRIED,German,Shift 1,FT,2.0,WS-02-35,False,Cigna,,2026-07-30 20:21:02
446,EMP-34332,Jessica,Davis,Jessica Davis,Female,32.0,1994-12-26, jessica.davis@company.com ,(979) 412-1563,9210 Park Ave,Chicago,IL,USA,19205,Product,Sales Executive,Patricia Clark,ACTIVE,REMOTE,2012-10-22,2020-10-14,8.8,bachelor,58551.6,11396.12,0.22,1.0,100.0,0.0,7,62,0,14,11,satisfactory,Chase,Checking,James Ramirez,807-661-2511,MARRIED,Indian,Shift 1,Full-Time,,,False,Blue Cross Blue Shield,High potential,2026-07-22 20:21:02
447,EMP-30825,James,Harris,James Harris,Non-Binary,31.0,1994-03-20,james.harris@corp.net,(832) 607-8434,2590 Oak Ave ,Philadelphia,pa,usa,,Marketing,Systems Administrator,John Williams,active,hybrid,2013-03-25,,8.1,PhD,94101.93,18411.67,0.32,2.0,89.8,0.6,1,44,4,24,4,good,Capital One,savings,Richard Perez,981-832-3243,Married,Canadian,NIGHT,FT,1.0,WS-01-13,False,Blue Cross Blue Shield,High potential,2026-06-10 20:21:02
448,EMP-18611,William,Lee,william lee,Prefer Not to Say,46.0,1980-05-17,william.lee@corp.net,(996) 766-3803,9566 Washington Blvd,Houston,TX,USA,78760,Customer Support,Senior Developer,Barbara Moore,ACTIVE,Hybrid,2019-12-26,,3.7,bachelor,61837.67,4152.35,0.32,1.0,93.5,4.5,3,30,3,20,8,Needs Improvement,Bank of America,savings,Michael Gonzalez,961-750-4154,Married,Mexican,Day,Full-Time,5.0,WS-05-98,False,Kaiser Permanente,N/A,2026-06-08 20:21:02
449,EMP-45844,Thomas,Wilson,Thomas Wilson,Prefer Not to Say,45.0,1981-02-13,thomas.wilson@enterprise.org,592-509-1611,8502 Main St,Los Angeles,CA,USA,45304,HR,Legal Counsel,Richard Lewis,On Leave,REMOTE,2020-07-19,,5.6,Bachelors,95548.43,17353.28,0.22,4.0,91.7,22.2,6,80,2,17,5,Good,Bank of America,CHECKING,Linda Gonzalez,361-969-4792,Single,British,Day,Part-Time,,,False,UnitedHealth,Completed leadership onboarding,2026-07-18 20:21:02
450,EMP-54297,Betty,Jackson,betty jackson,Male,46.0,1980-02-28,BETTY.JACKSON@COMPANY.COM,635-485-8726,7391 Oak Ave,Atlanta,ga,USA,79517,Customer Support,Software Engineer,David Clark,On Leave,Onsite,2016-05-05,,7.3,Bachelor's,82809.3,15552.27,0.15,1.0,94.5,0.9,1,30,2,21,10,Good,Capital One,savings,,807-530-3829,MARRIED,British,NIGHT,contract,10.0,WS-10-52,True,Aetna,Transferred from regional branch,2026-07-19 20:21:02
451,EMP-47366,Karen,White,Karen White,Prefer Not to Say,37.0,1988-12-28,karen.white@company.com,(112) 214-7797,7420 Oak Ave,Atlanta,GA,USA,70418,Sales,Sales Executive,Linda Hernandez,active,remote,2016-10-09,2021-10-26,17.9,High School,106375.57,16782.32,0.15,1.0,105.0,12.2,2,16,5,27,9,Good,TD Bank,savings,Richard Williams,345-141-5433,MARRIED,British,day,Contract,,,True,UnitedHealth,Pending annual review,2026-06-08 20:21:02
452,EMP-93505,Betty,Lewis,bETTY lEWIS,Female,47.0,1979-11-22,betty.lewis@enterprise.org,687-668-3042,5436 Washington Blvd,Austin,TX,usa,69814,LEGAL,Data Analyst,Sarah Jones,ACTIVE,Onsite,2023-10-08,2025-04-03,14.2,High School,76773.15,7035.44,0.15,4.0,96.0,3.5,2,9,2,17,4,Good,Citibank,Checking,Patricia Jackson,346-161-8495,Divorced,Canadian,NIGHT,Contract,14.0,WS-14-72,False,Aetna,Pending annual review,2026-06-19 20:21:02
453,EMP-97700,Jessica,Martinez,Jessica Martinez,Male,40.0,1985-05-04,jessica.martinez@enterprise.org,(188) 868-1504,8014 Park Ave,Dallas,TX,usa,17917,Product,Software Engineer,Susan Lopez,active,Remote,2024-04-26,2024-01-18,6.6,MS,66237.8,10842.94,0.22,1.0,105.0,0.0,8,1,5,23,0,good,Chase,savings,Thomas Harris,746-624-7830,single,Mexican,Night,Part-Time,,,True,Blue Cross Blue Shield,Transferred from regional branch,2026-06-09 20:21:02
454,EMP-77482,Linda,Rodriguez,Linda Rodriguez,Prefer Not to Say,42.0,1984-02-24,linda.rodriguez@company.com,917-393-5407,7097 Washington Blvd,Denver,CO,United States,98733,IT,  Legal Counsel,,active,Onsite,2016-05-06,,7.4,BS,35000.0,4046.68,0.22,1.0,95.1,6.1,5,44,1,16,7,Excellent,bank of america,Checking,Joseph Harris,364-894-1642,Married,British,Day,FT,9.0,WS-09-53,False,Aetna,N/A,2026-07-23 20:21:02
455,EMP-73201,Matthew,Lee,Matthew Lee,Female,32.0,1994-02-22,MATTHEW.LEE@COMPANY.COM,(364) 232-3448,8613 Oak Ave,Dallas,TX,United States,38719,Finance,Operations Manager,Mary Davis,ACTIVE,remote,2013-03-11,,1.9,Masters,64837.2,5261.05,0.15,2.0,105.0,0.0,4,25,5,8,10,satisfactory,Capital One,CHECKING,Michael Moore,508-749-2351,single,Mexican,NIGHT,Full-Time,,,False,Cigna,High potential,2026-06-14 20:21:02
456,EMP-94111,Christopher,Lopez,Christopher Lopez,Prefer Not to Say,33.0,1993-10-30,christopher.lopez@enterprise.org,845-951-3360,3744 Washington Blvd,Los Angeles,CA,U.S.A.,30623,Engineering,Senior Developer,Anthony Anderson,Terminated,remote,2023-09-19,2022-04-16,15.3,BS,81534.9,10877.89,0.15,2.0,96.5,2.4,9,27,5,11,1,satisfactory,wells fargo,Savings,Patricia Martin,875-695-7891,Divorced,American,NIGHT,contract,,,True,Blue Cross Blue Shield,,2026-06-09 20:21:02
457,EMP-95111,Thomas,Gonzalez,Thomas Gonzalez,Non-Binary,34.0,1991-11-01,thomas.gonzalez@corp.net,(697) 466-2458,3134 Maple Rd,Atlanta,ga,US,71564,FINANCE,Sales Executive,Richard Davis,On Leave,Hybrid,2016-08-13,2024-08-25,18.5,Masters,69539.6,13041.67,0.22,5.0,96.8,11.3,7,46,3,29,10,satisfactory,Wells Fargo,savings,Mary Taylor,132-154-3451,Single,American,NIGHT,Part-Time,12.0,WS-12-69,False,Aetna,Completed leadership onboarding,2026-07-25 20:21:02
458,EMP-55996,Lisa,Gonzalez,Lisa Gonzalez,Female,22.0,2004-06-01,lisa.gonzalez@corp.net,500-105-2573,9090 Park Ave,sAN jOSE,CA,US,13002,Marketing,Senior Developer,Elizabeth Martinez,On Leave,REMOTE,2024-10-21,2022-03-20,12.1,High School,82528.19,8620.9,0.15,4.0,90.5,13.4,10,2,4,11,7,EXCELLENT,Citibank,checking,Christopher Moore,392-458-9041,Divorced,Indian,Shift 2,PT,,,False,Cigna,Pending annual review,2026-07-21 20:21:02
459,EMP-80721,Joseph,   Harris,Joseph Harris,Non-Binary,48.0,1977-03-31,joseph.harris@enterprise.org,553-192-9661,4580 Oak Ave,Atlanta,GA,usa,56499,Product,Operations Manager,Mary Gonzalez,Active,Onsite,2015-05-12,,1.2,MS,105960.0,18048.41,0.22,3.0,91.2,2.2,6,32,4,17,9,Good,Bank of America,Savings,Anthony Brown,498-132-4852,Single,American,day,PT,1.0,WS-01-36,False,UnitedHealth,,2026-06-08 20:21:02
460,EMP-49276,Charles,Sanchez,Charles Sanchez,Male,34.0,1992-03-12,CHARLES.SANCHEZ@COMPANY.COM,343-844-7636,8336 Main St,Seattle,WA,usa,93732,sALES,Legal Counsel,Michael Miller,active,REMOTE,2021-04-30,2024-06-30,,bachelor,64117.72,,0.15,2.0,94.2,1.2,9,1,0,5,1,Excellent,Wells Fargo,savings,Patricia Moore,483-672-1897,Single,Mexican,Shift 1,PT,,,True,Cigna,Completed leadership onboarding,2026-07-12 20:21:02
461,EMP-14742,Mark,Lopez,Mark Lopez,Female,20.0,2006-06-30,mark.lopez@corp.net,(107) 649-1187,3442 Oak Ave,Austin,TX,U.S.A.,83203,customer support,Senior Developer,Charles Davis,Active,Onsite,2016-05-14,,8.6,BS,44493.62,8041.33,0.24,1.0,89.3,0.2,8,9,3,20,5,Needs Improvement,Capital One,Savings,Daniel Anderson,107-497-7544,Married,Indian,NIGHT,Part-Time,12.0,WS-12-14,True,Kaiser Permanente,N/A,2026-07-08 20:21:02
462,EMP-51681,Jessica ,Perez,JESSICA PEREZ,Male,35.0,1991-11-16,jessica.perez@company.com,326-300-1971,8215 Park Ave,Chicago,IL,U.S.A.,27780,Finance,Marketing Specialist,David Martin,ACTIVE,hybrid,2023-04-29,2021-03-07,3.0,MS,35000.0,4746.28,0.15,3.0,94.0,0.0,3,6,1,30,6,EXCELLENT,cAPITAL oNE,checking,Matthew Brown,670-887-1218,single,American,day,contract,2.0,WS-02-98,True,Kaiser Permanente,Pending annual review,2026-06-29 20:21:02
463,EMP-52687,William,Rodriguez,william rodriguez,Non-Binary,62.0,1963-02-05,william.rodriguez@company.com,542-708-4611,9463 Main St,Austin,TX,US,28567,SALES,HR Specialist,Nancy Smith,Active,remote,2021-12-08,2022-01-03,11.9,bachelor,74614.79,10749.39,0.32,4.0,93.7,33.1,4,5,0,17,4,good,Bank of America,savings,Patricia Thomas,788-829-7149,Divorced,Mexican,Day,Part-Time,,,False,Cigna,,2026-07-11 20:21:02
464,EMP-27970,Matthew,White,Matthew White,Female,58.0,1968-07-15,matthew.white@corp.net,147-227-7485,4939 Main St,Philadelphia,PA,usa,57700,Legal,  Accountant,Jennifer Miller,Active,hybrid,2020-10-02,2020-01-03,9.1,High School,96072.25,9255.12,0.15,4.0,91.4,14.8,6,19,0,25,5,satisfactory,Bank of America,Checking,Michael White,,MARRIED,Mexican,Night,Contract,11.0,WS-11-29,True,Blue Cross Blue Shield,High potential,2026-06-09 20:21:02
465,EMP-29252,Sandra,Lewis,Sandra Lewis,Male,42.0,1984-12-16, sandra.lewis@company.com ,908-597-9388,7728 Washington Blvd,Houston,TX,United States,81302,sales,HR Specialist ,Linda Williams,Terminated,REMOTE,2023-08-06,,8.1,Bachelors,88457.22,15091.05,0.22,3.0,98.0,1.3,9,78,3,30,3,satisfactory,Wells Fargo,savings,Joseph Martinez,991-455-3088,Divorced,Mexican,day,PT,,,True,Cigna,Completed leadership onboarding,2026-07-16 20:21:02
466,EMP-48722,Lisa,Garcia,LISA GARCIA,Prefer Not to Say,47.0,1978-07-11,lisa.garcia@enterprise.org,335-667-9638,4392 Washington Blvd,Chicago,IL,USA,67035,Product,Legal Counsel,Sarah Thomas,ACTIVE,hybrid,2023-03-24,2021-06-13,4.3,PhD,35000.0,2129.34,0.22,4.0,96.3,0.0,3,50,1,8,10,satisfactory,Chase,checking,Daniel Lewis,363-909-5314,Single,American,Shift 2,Full-Time,5.0,WS-05-46,False,UnitedHealth,Completed leadership onboarding,2026-07-18 20:21:02
467,EMP-36835,Michael,Williams,Michael Williams,nON-bINARY,47.0,1978-10-11,MICHAEL.WILLIAMS@ENTERPRISE.ORG,129-194-1412,3807 Maple Rd,denver,co,US,88597,Operations,Legal Counsel,Christopher Williams,Terminated,REMOTE,2014-01-26,2025-05-04,1.2,Bachelors,88404.4,17627.51,0.22,1.0,98.4,6.1,5,27,3,18,3,Needs Improvement,Bank of America,checking,,315-319-2925,Married,Canadian,day,Contract,,,False,Cigna,High potential,2026-07-22 20:21:02
468,EMP-99884,Patricia,Martinez,Patricia Martinez,Prefer Not to Say,21.0,2005-04-27,patricia.martinez@enterprise.org,(494) 520-6787,6287 Oak Ave,san antonio,TX,usa,82040,Human Resources,Systems Administrator,Robert Brown,Active,REMOTE,2021-04-25,2021-11-06,3.9,Masters,72934.9,5109.05,0.22,5.0,86.8,13.8,6,75,3,23,2,satisfactory,Chase,savings,,379-656-6772,Single,Canadian,Night,Contract,,,False,UnitedHealth,Transferred from regional branch,2026-07-18 20:21:02
469,EMP-85796,   Mark,Moore,MARK MOORE,NON-BINARY,,1995-02-03, mark.moore@enterprise.org ,119-414-4694,1653 Main St,Denver,CO,U.S.A.,54308,Customer Support,Legal Counsel,Daniel Lopez,Active,Remote,2013-08-23,2025-08-08,7.8,bachelor,85741.82,6969.62,0.22,4.0,95.3,0.8,8,54,4,20,7,good,Wells Fargo,checking,Margaret Moore,313-953-6056,Divorced,Mexican,Day,PT,,,False,Kaiser Permanente,High potential,2026-06-24 20:21:02
470,EMP-81358,Margaret,Martinez,Margaret Martinez,Male,25.0,2001-02-19, margaret.martinez@company.com ,(208) 442-6045,3357 Washington Blvd,Dallas,TX,United States,75456,human resources,Operations Manager  ,Patricia Sanchez,active,Hybrid,2022-04-28,2020-03-16,4.9,Bachelor's,67496.07,12544.85,0.15,4.0,93.4,9.7,4,49,3,10,0,Needs Improvement,TD Bank,Checking,Margaret Garcia,569-285-8083,Married,American,Shift 1,PT,13.0,WS-13-59,False,UnitedHealth,N/A,2026-07-05 20:21:02
471,EMP-23573,Nancy,Ramirez,Nancy Ramirez,FEMALE,41.0,,nancy.ramirez@company.com,953-577-9177,175 Park Ave,Houston,tx,usa,54607,Operations,Systems Administrator,Susan Harris,active,REMOTE,2019-09-11,2025-04-26,15.1,Master's,81514.15,16135.44,0.24,2.0,93.2,10.1,7,35,2,20,0,Excellent,Citibank,savings,Richard Clark,534-921-6745,Divorced,German,Shift 1,PT,,,False,Cigna,,2026-06-13 20:21:02
472,EMP-86463,Christopher,Rodriguez,Christopher Rodriguez,Female,53.0,1972-09-15,christopher.rodriguez@corp.net,(893) 473-4954,9261 Maple Rd,San Diego,CA,USA,78710,Customer Support,Systems Administrator,,On Leave,Hybrid,2018-04-09,2020-05-13,2.9,PhD,58782.85,6242.13,0.22,5.0,88.7,0.0,10,15,1,18,9,good,Wells Fargo,CHECKING,Mary Thompson,930-899-1478,single,Canadian,Day,Contract,2.0, WS-02-55,False,UnitedHealth,,2026-07-26 20:21:02
473,EMP-63426,Barbara,Taylor,Barbara Taylor,Female,35.0,1991-04-24,barbara.taylor@enterprise.org,503-984-8075,8057 Oak Ave,seattle,wa,United States,84760,SALES,Operations Manager,Mary Thompson,Terminated,Hybrid,2013-07-25,,10.3,BS,94746.69,10936.76,0.15,5.0,94.6,12.3,5,75,3,20,9,satisfactory,Citibank,Savings,Linda Ramirez,537-189-5318,Divorced,Indian,NIGHT,Contract,5.0,WS-05-70,True,Blue Cross Blue Shield,N/A,2026-06-16 20:21:02
474,EMP-94060,Nancy,Garcia,Nancy Garcia,Prefer Not to Say,27.0,1998-03-03,nancy.garcia@corp.net,222-263-3987,3678 Park Ave,Houston,TX,USA,34589,Sales,Systems Administrator,Elizabeth Perez,ACTIVE,Remote,2017-07-28,2025-08-12,7.2,Master's,75757.24,9526.75,0.32,5.0,97.9,2.8,7,46,0,5,6,Good,Chase,savings,Thomas Miller,797-760-5937,Divorced,Mexican,Night,Full-Time,,,True,UnitedHealth,,2026-06-06 20:21:02
475,EMP-53065,Nancy,Martinez,Nancy Martinez,Male,58.0,1968-04-07,nancy.martinez@corp.net,362-351-2355,8334 Maple Rd,San Antonio,TX,U.S.A.,45016,Operations,Operations Manager,Lisa Jackson,Active,Remote,2012-10-02,2024-03-02,8.0,Master's,71199.22,10174.16,0.15,3.0,93.2,16.4,3,77,4,26,9,good,Citibank,Checking,Karen Clark,351-466-7546,Single,Canadian,Day,FT,,,True,UnitedHealth,High potential,2026-06-22 20:21:02
476,EMP-70674,Michael,Robinson,Michael Robinson,nON-bINARY,59.0,, MICHAEL.ROBINSON@ENTERPRISE.ORG ,243-816-1638,2169 Main St,Denver,CO,U.S.A.,26311,Engineering,Software Engineer,Barbara Martinez,ACTIVE,remote,2016-11-16,2024-01-10,0.5,PhD,63726.0,11645.7,0.22,3.0,94.6,1.8,4,67,0,16,1,Needs Improvement,Bank of America,Savings,Matthew Taylor,547-381-3154,Single,Mexican,Shift 1,Part-Time,,,False,Cigna,Completed leadership onboarding,2026-07-02 20:21:02
477,EMP-78937,   Nancy,   White,Nancy White,Non-Binary,23.0,2003-05-29,nancy.white@company.com,880-401-9396,598 Park Ave,Dallas,TX,US,95774,Product,Software Engineer,David Smith,active,remote,2020-02-06,,6.7,bachelor,66415.11,6634.62,0.15,5.0,97.9,0.0,8,42,2,19,12,good,TD Bank,savings,William Lopez,284-478-5650,Single,Canadian,Night,PT,,,False,UnitedHealth,Completed leadership onboarding,2026-06-14 20:21:02
478,EMP-42547,Jessica,Martin  ,Jessica Martin,Non-Binary,22.0,2004-12-05,jessica.martin@enterprise.org,208-546-7985,8104 Main St,Chicago,IL,usa,57712,Customer Support,HR Specialist,Susan Anderson,ACTIVE,Onsite,2020-06-03,,10.3,BS,115486.19,17545.93,0.22,1.0,88.2,0.8,4,35,0,20,10,EXCELLENT,Chase,checking,David Moore,396-461-6826,Divorced,British,Shift 2,Part-Time,2.0,WS-02-64,True,Cigna,Completed leadership onboarding,2026-06-17 20:21:02
479,EMP-64344,   Susan,   Taylor ,Susan Taylor,Male,39.0,1986-04-01,susan.taylor@enterprise.org,195-740-8484,857 Park Ave,San Jose,CA,usa,41794,product,Operations Manager,Mark Taylor,Terminated,Hybrid,2012-07-19,2020-05-16,8.2,High School,85974.17,5308.2,0.22,2.0,92.1,0.0,10,24,5,26,11,Excellent,TD Bank,CHECKING,Susan Davis,143-289-1039,Married,Mexican,day,contract,8.0,WS-08-76,True,Kaiser Permanente,Pending annual review,2026-07-17 20:21:02
480,EMP-68955,Thomas,Brown,Thomas Brown,Non-Binary,38.0,1987-01-09, thomas.brown@enterprise.org ,(860) 884-7631,5129 Maple Rd,San Antonio,tx,usa,43771,Operations,Systems Administrator,Matthew Thomas,On Leave,remote,2017-05-16,2023-09-02,10.9,High School,73302.2,12733.94,0.22,3.0,88.8,0.0,5,49,4,11,12,Needs Improvement,Capital One,Savings,John Sanchez,927-547-7608,Married,Canadian,day,Contract,,,True,Cigna,Transferred from regional branch,2026-06-11 20:21:02
481,EMP-82813,Charles,Sanchez,Charles Sanchez,Male,28.0,1998-07-05,charles.sanchez@company.com,(890) 765-3234,959 Oak Ave,Phoenix,AZ,United States,40199,Operations,Software Engineer,Nancy Thompson,Terminated,remote,2023-01-12,2025-11-03,12.2,PhD,102849.44,5936.33,0.24,3.0,100.0,1.8,6,57,5,17,10,satisfactory,Wells Fargo,savings,Thomas Gonzalez,102-155-6776,Married,Indian,NIGHT,contract,,,False,UnitedHealth,Completed leadership onboarding,2026-06-27 20:21:02
482,EMP-44598,Michael,Wilson,Michael Wilson,Non-Binary,52.0,1973-09-15,michael.wilson@company.com,(801) 622-8066,2349 Main St,San Diego,CA,US,20855,Human Resources,Systems Administrator,James Sanchez,Active,hybrid,2014-04-09,,9.8,High School,68738.84,9040.08,0.22,2.0,95.0,0.1,8,54,3,27,3,Excellent,Citibank,Checking,Matthew Rodriguez,,Single,German,day,PT,2.0,WS-02-72,True,UnitedHealth,,2026-06-24 20:21:02
483,EMP-48728,Charles,Clark,Charles Clark,Female,44.0,1981-12-26,CHARLES.CLARK@ENTERPRISE.ORG,(424) 615-4174,7950 Maple Rd,New York,NY,usa,15262,Engineering,HR Specialist,Robert Brown,Terminated,remote,2018-06-13,,7.0,PhD,87572.5,17492.73,0.22,1.0,88.7,0.0,5,31,0,10,6,good,Citibank,Checking,Jennifer Davis,188-523-6829,Single,Indian,Night,Contract,,,False,UnitedHealth,Pending annual review,2026-06-05 20:21:02
484,EMP-28198,Mark,Johnson,Mark Johnson,Female,31.0,,mark.johnson@enterprise.org,547-663-8986,1345 Main St,New York,ny,usa,20909,Human Resources,Senior Developer,Margaret Garcia,Active,Remote,2024-11-18,2022-08-05,,Master's,84391.44,7787.76,0.24,1.0,98.6,1.0,1,56,4,14,3,Excellent,Chase,Savings,Mary Jones,505-799-5342,MARRIED,British,NIGHT,contract,,,False,Kaiser Permanente,High potential,2026-08-02 20:21:02
485,EMP-49922,John,Ramirez,John Ramirez,Male,33.0,1993-09-13,john.ramirez@enterprise.org,(526) 307-4901,5058 Oak Ave,New York,NY,US,,Operations,Data Analyst,William Davis,On Leave,Onsite,2015-04-16,,7.7,Masters,116994.44,7803.28,0.22,5.0,93.8,0.0,4,80,4,28,7,EXCELLENT,Citibank,CHECKING,Barbara Gonzalez,564-487-8281,Divorced,Mexican,Day,FT,12.0,WS-12-40,True,Blue Cross Blue Shield,High potential,2026-06-19 20:21:02
486,EMP-57590,Mark,Clark,Mark Clark,Female,34.0,1992-08-25,mark.clark@enterprise.org,830-936-5222,5915 Oak Ave,Seattle,WA,US,53784,Customer Support,Systems Administrator,Richard Ramirez,Terminated,Hybrid,2020-10-15,,,High School,89883.84,8813.17,0.22,4.0,94.1,0.0,1,16,5,26,6,satisfactory,cHASE,savings,Thomas Ramirez,857-220-1432,Married,Indian,Day,PT,11.0,WS-11-18,True,Blue Cross Blue Shield,Completed leadership onboarding,2026-08-01 20:21:02
487,EMP-35730,Robert,Thomas,Robert Thomas,Prefer Not to Say,31.0,1995-05-23,robert.thomas@company.com,(494) 618-3120,7092 Park Ave,Atlanta,ga,US,50096,Legal,Systems Administrator,Karen Lopez,active,REMOTE,2014-07-07,2021-11-16,14.6,Master's,103392.06,19152.02,0.22,3.0,92.0,25.1,10,58,2,28,8,satisfactory,Capital One,Checking,Mary Thomas,534-578-5352,MARRIED,Indian,NIGHT,FT,,,True,Blue Cross Blue Shield,Transferred from regional branch,2026-07-28 20:21:02
488,EMP-74233,Lisa,Thomas,Lisa Thomas,Female,39.0,1987-09-30,lisa.thomas@enterprise.org,481-495-8695,1414 Park Ave,dENVER,CO,USA,59802,Product,Data Analyst,Margaret Thomas,Active,REMOTE,2021-06-04,2022-02-13,10.9,bachelor,98839.18,8098.2,0.32,5.0,92.0,2.9,3,65,5,28,12,good,Wells Fargo,checking,Anthony Hernandez,806-275-1872,Divorced,Mexican,Shift 2,Contract,,,False,Blue Cross Blue Shield,Pending annual review,2026-07-10 20:21:02
489,EMP-87449,Betty,Perez,Betty Perez,Female,18.0,2007-08-15,betty.perez@corp.net,108-912-5002,6219 Main St,San Jose,CA,usa,73223,Legal,Operations Manager,Robert Perez,Active,hybrid,2019-02-28,,12.5,Bachelor's,50776.56,5055.51,0.22,4.0,98.7,2.1,4,48,4,27,5,good,TD Bank,savings,Jennifer Lewis,301-304-2645,single,Indian,Day,PT,9.0,WS-09-50,False,UnitedHealth,Pending annual review,2026-06-28 20:21:02
490,EMP-94307,Sandra,Rodriguez,SANDRA RODRIGUEZ,NON-BINARY,22.0,2004-08-30,SANDRA.RODRIGUEZ@CORP.NET,217-101-2749,6910 Park Ave,Boston,ma,U.S.A.,91585,Marketing,Systems Administrator,Barbara Anderson,Active,Remote,2023-11-09,,8.2,Bachelor's,79278.08,7828.12,0.22,3.0,94.1,3.3,7,36,5,10,6,Excellent,Wells Fargo,checking,Sandra Hernandez,266-103-3914,Married,British,NIGHT,Contract,,,False,Aetna,Pending annual review,2026-06-29 20:21:02
491,EMP-47288,James,Thomas ,James Thomas,Male,39.0,1986-12-15, james.thomas@enterprise.org ,527-151-5093,943 Washington Blvd,Atlanta,GA,USA,56854,Marketing,Data Analyst,Matthew White,Active,Onsite,2015-10-28,,10.9,PhD,114528.81,6883.9,0.24,4.0,87.2,7.3,6,34,0,11,3,satisfactory,Bank of America,checking,,630-448-2103,single,German,Shift 1,PT,2.0,WS-02-66,True,Cigna,Transferred from regional branch,2026-08-01 20:21:02
492,EMP-53148,Jennifer,White,Jennifer White,Male,29.0,1996-10-16,jennifer.white@corp.net,(212) 391-1112,6600 Park Ave,DENVER,CO,US,86085,Finance,HR Specialist,Daniel Smith,Active,Onsite,2015-05-31,,12.8,Masters,90585.48,10451.39,0.32,4.0,93.5,0.0,9,18,3,10,12,Needs Improvement,Chase,savings,Joseph Lewis,721-204-7821,Divorced,German,NIGHT,PT,2.0,WS-02-50,True,Kaiser Permanente,,2026-07-23 20:21:02
493,EMP-18078,Thomas,Hernandez,Thomas Hernandez,Female,52.0,1973-07-07,thomas.hernandez@corp.net,(843) 997-5125,4076 Oak Ave,San Antonio,TX,USA,43179,Operations,Software Engineer,,active,Remote,2016-06-09,2025-07-14,6.0,MS,67782.17,12640.92,0.32,4.0,77.6,2.3,6,22,2,27,0,EXCELLENT,Bank of America,Checking,Mark Sanchez,174-119-9078,Married,British,Shift 2,Part-Time,,,False,Cigna,N/A,2026-07-31 20:21:02
494,EMP-67261,Lisa,Sanchez,Lisa Sanchez,Prefer Not to Say,25.0,2001-12-27,lisa.sanchez@corp.net,(773) 205-3773,3240 Oak Ave,Denver,CO,usa,70217,Product,Product Manager,,Active,hybrid,2017-03-17,,9.8,bachelor,92737.75,13180.76,0.22,1.0,92.9,2.3,10,23,5,7,10,Excellent,Wells Fargo,savings,Lisa Johnson,934-580-1054,Divorced,American,NIGHT,PT,9.0,WS-09-48,False,UnitedHealth,,2026-07-09 20:21:02
495,EMP-64342, Robert   ,Harris,Robert Harris,Non-Binary,38.0,1987-06-25,robert.harris@enterprise.org,(966) 944-4095,5851 Maple Rd  ,seattle,WA,USA,24383,hr,Product Manager,Patricia Perez,active,remote,2017-02-22,2023-12-27,11.5,Bachelors,100312.59,,0.15,4.0,93.2,18.1,3,30,2,9,6,satisfactory,Citibank,savings,Betty Johnson,303-945-3826,MARRIED,American,Night,PT,,,True,Kaiser Permanente,Transferred from regional branch,2026-06-29 20:21:02
496,EMP-40154,Barbara,Ramirez,Barbara Ramirez,Female,50.0,1975-06-15,barbara.ramirez@enterprise.org,609-936-4562,4009 Main St,LOS ANGELES,CA,United States,80128,Finance,Software Engineer,Lisa Harris,Terminated,Hybrid,2012-08-03,,2.6,High School,88604.32,15078.24,0.32,3.0,100.0,0.0,1,5,1,7,8,Excellent,WELLS FARGO,checking,James Moore,146-237-9483,single,American,Shift 2,contract,9.0,WS-09-70,True,Blue Cross Blue Shield,N/A,2026-06-29 20:21:02
497,EMP-72684,Betty,Robinson,betty robinson,Female,20.0,2005-09-19,betty.robinson@company.com,(469) 167-1737,1175 Main St,denver,CO,USA,24486,Marketing,Sales Executive,Joseph Jackson,Active,hybrid,2022-08-05,2021-08-24,9.6,BS,64916.4,9057.1,0.32,2.0,94.6,1.4,2,66,4,29,8,Needs Improvement,Capital One,CHECKING,Mark Ramirez,602-533-8800,Divorced,American,Night,PT,8.0,WS-08-69,True,Kaiser Permanente,,2026-07-21 20:21:02
498,EMP-90573,Joseph,Lee,Joseph Lee,Male,44.0,1981-09-16,joseph.lee@corp.net,186-760-8475,9201 Main St,Boston,ma,U.S.A.,85856,Sales,Software Engineer,Christopher Sanchez,On Leave,Hybrid,2023-06-09,,0.5,Bachelor's,60369.73,7902.39,0.32,,89.9,3.6,10,24,1,23,2,good,Chase,checking,William Smith,333-628-6144,single,American,Night,Full-Time,12.0,WS-12-69,True,Aetna,,2026-07-18 20:21:02
499,EMP-34367,Mary,Perez,Mary Perez,Female,44.0,1981-02-06,mary.perez@corp.net,815-615-9611,2318 Main St,Dallas,TX,United States,14100,Legal,Systems Administrator,,active,REMOTE,2018-12-17,2020-10-05,2.3,BS,88326.25,5816.06,0.32,5.0,97.3,0.0,1,39,4,18,6,good,Chase,checking,William Jones,229-888-5789,single,American,NIGHT,Contract,,,False,Blue Cross Blue Shield,High potential,2026-07-03 20:21:02
500,EMP-70710,Joseph,Harris,Joseph Harris,Female,,2005-09-08,joseph.harris@enterprise.org,728-995-8911,3602 Main St,Austin,TX,USA,39829,Human Resources,Operations Manager,Thomas Robinson,Active,Hybrid,2021-01-22,2021-10-20,4.6,Bachelors,98882.19,12766.63,0.22,1.0,90.1,17.0,4,17,1,7,4,Good,TD Bank,checking,Patricia Taylor,270-574-7016,single,American,Day,Part-Time,5.0,WS-05-40,False,Aetna,N/A,2026-06-14 20:21:02
501,EMP-99473,   Jessica,Martinez,Jessica Martinez,fEMALE,33.0,1992-12-10,jessica.martinez@corp.net,127-755-3252,6686 Park Ave,New York,NY,United States,14331,Finance,Systems Administrator,Jennifer Lee,active,remote,2017-06-24,2024-02-06,2.3,High School,104194.64,7336.7,0.15,1.0,86.4,10.8,10,73,5,24,4,Good,td bANK,Checking,Sarah Rodriguez,437-422-4434,Divorced,Mexican,Night,FT,,,True,Kaiser Permanente,,2026-06-11 20:21:02
502,EMP-90221,Charles,Clark,Charles Clark,FEMALE,38.0,1988-08-30,charles.clark@enterprise.org,854-743-6460,5606 Main St,Atlanta,GA,USA,74990,Legal,   Legal Counsel ,Barbara Rodriguez,active,Hybrid,2014-12-13,,4.0,PhD,58391.11,7144.94,0.24,5.0,97.6,0.0,5,54,2,30,0,EXCELLENT,citibank,CHECKING,Sarah Ramirez,238-499-5876,Married,German,NIGHT,FT,6.0,WS-06-56,False,Aetna,Transferred from regional branch,2026-06-24 20:21:02
503,EMP-48044,Christopher,Sanchez,christopher sanchez,non-binary,42.0,1984-01-05,christopher.sanchez@enterprise.org,(873) 544-1990,2415 Maple Rd,San Jose,CA,United States,67718,Product,Sales Executive,Mark Sanchez,On Leave,Hybrid,2016-07-06,,15.0,Bachelors,88009.0,9307.83,0.22,5.0,87.5,3.5,9,33,2,9,7,Needs Improvement,Capital One,Savings,Susan Williams,611-705-5335,Divorced,British,Shift 1,PT,12.0,WS-12-55,False,Kaiser Permanente,High potential,2026-06-19 20:21:02
504,EMP-35302,Lisa,Brown,Lisa Brown,Female,47.0,1978-08-23,lisa.brown@company.com,(318) 714-4418,6448 Main St,San Antonio,TX,usa,45471,Sales,Marketing Specialist,Richard Hernandez,Active,Onsite,2015-08-31,2022-08-05,12.0,Bachelor's,75666.56,7758.26,0.22,5.0,90.2,7.1,5,43,4,16,2,Needs Improvement,TD Bank,savings,Matthew Robinson,602-593-5471,MARRIED,Canadian,Shift 1,contract,5.0,WS-05-37,True,Cigna,Pending annual review,2026-07-27 20:21:02
505,EMP-67732,Thomas,Miller,THOMAS MILLER,NON-BINARY,,, thomas.miller@enterprise.org ,(743) 741-5118,6369 Maple Rd,Seattle,WA,U.S.A.,75105,Customer Support,Data Analyst,,Terminated,REMOTE,2016-05-12,,7.1,Bachelors,85690.11,11589.73,0.32,5.0,99.4,12.5,4,13,1,24,7,Excellent,Wells Fargo,checking,Thomas Hernandez,885-263-8436,Divorced,Mexican,NIGHT,contract,,,True,Cigna,Transferred from regional branch,2026-08-04 20:21:02
506,EMP-89625,Mary,  Thomas,Mary Thomas,Non-Binary,46.0,1980-10-20, mary.thomas@corp.net ,(177) 932-6371,8555 Washington Blvd,Denver,CO,U.S.A.,25071,Legal,Software Engineer,Michael Smith,Terminated,REMOTE,2024-01-28,,7.6,Bachelors,96749.28,8944.61,0.24,1.0,99.6,0.0,4,3,0,19,8,satisfactory,Capital One,checking,Thomas Thompson,432-448-9867,Single,Mexican,Shift 1,PT,,,True,Blue Cross Blue Shield,N/A,2026-06-07 20:21:02
507,EMP-67375,Jennifer,Lewis,Jennifer Lewis,PREFER NOT TO SAY,33.0,1992-12-13,jennifer.lewis@company.com,(912) 331-5430,6675 Oak Ave,Denver,CO,US,60602,Marketing,Operations Manager,Betty Jackson,Active,remote,2020-06-20,2020-05-17,11.4,High School,64280.82,9915.08,0.24,5.0,97.7,0.0,2,6,3,25,12,good,Citibank,savings,Elizabeth Williams,739-341-8373,Divorced,Canadian,Shift 2,FT,,,True,Aetna,N/A,2026-06-09 20:21:02
508,EMP-24354,Susan,White,Susan White,Non-Binary,25.0,2001-03-25,susan.white@enterprise.org,703-305-7373,6215 Washington Blvd,PHILADELPHIA,PA,usa,33387,it,Software Engineer,Matthew Harris,Active,hybrid,2015-07-26,2022-05-03,1.9,PhD,96164.14,10061.74,0.22,1.0,99.7,0.0,6,58,5,21,9,Good,CAPITAL ONE,Savings,Robert Thompson,448-894-7362,Single,Mexican,day,contract,14.0,WS-14-10,False,Kaiser Permanente,Pending annual review,2026-06-27 20:21:02
509,EMP-16052,  Daniel,Miller,Daniel Miller,Non-Binary,44.0,1982-06-12,daniel.miller@corp.net,716-979-8271,8264 Main St,Boston,MA,USA,13262,PRODUCT,Marketing Specialist,Linda Ramirez,Active,Hybrid,2013-10-11,2025-06-22,8.4,Masters,35000.0,4689.05,0.32,2.0,94.6,1.8,2,45,3,27,7,Good,Chase,checking,Barbara Clark,539-224-9577,MARRIED,German,Shift 2,Contract,2.0,WS-02-45,False,Blue Cross Blue Shield,N/A,2026-06-19 20:21:02
510,EMP-89214,Thomas,Taylor,Thomas Taylor,female,44.0,1981-07-29,thomas.taylor@corp.net,960-936-3608,7653 Main St,Los Angeles,CA,USA,28168,Engineering,Marketing Specialist,William Robinson,On Leave,remote,2022-10-31,,12.2,Masters,69120.66,13312.1,0.32,,94.6,18.3,4,73,0,8,6,satisfactory,TD Bank,savings,Christopher Gonzalez,905-938-8374,single,British,Shift 2,contract,,,False,UnitedHealth,,2026-08-02 20:21:02
511,EMP-83680,  Barbara ,Jones,Barbara Jones,female,37.0,1988-10-21,barbara.jones@corp.net,613-599-3352,2829 Main St,San Diego,CA,United States,82615,Engineering,Operations Manager,Anthony Moore,ACTIVE,Remote,2023-10-20,2023-02-02,10.3,MS,90482.63,6420.09,0.32,2.0,90.0,17.0,2,32,1,6,3,EXCELLENT,Capital One,CHECKING,Anthony Lewis,940-120-2294,Single,Mexican,Shift 1,contract,,,True,UnitedHealth,Transferred from regional branch,2026-07-14 20:21:02
512,EMP-78559,Jessica,Hernandez,Jessica Hernandez,Male,43.0,1983-02-26,jessica.hernandez@enterprise.org,424-174-8423,7575 Main St,San Jose,ca,U.S.A.,53015,Product,Operations Manager,Mark Davis,Active,REMOTE,2024-11-24,,8.2,High School,75141.26,6578.65,0.22,3.0,91.7,0.0,2,76,4,28,9,EXCELLENT,TD Bank,checking,Betty Wilson,413-749-8709,Married,Mexican,Night,FT,,,False,Kaiser Permanente,N/A,2026-07-04 20:21:02
513,EMP-87313,Joseph,Miller,Joseph Miller,male,44.0,1981-05-15,joseph.miller@enterprise.org,(905) 735-6125,247 Oak Ave,Boston,MA,United States,96561,hUMAN rESOURCES,Sales Executive,Charles Johnson,Active,hybrid,2020-08-01,,10.1,Masters,84840.38,,0.32,3.0,92.4,8.0,10,27,5,16,0,Needs Improvement,Bank of America,Savings,Richard Jones,789-651-2496,Single,Canadian,Day,contract,8.0,WS-08-50,False,UnitedHealth,,2026-07-02 20:21:02
514,EMP-48997,Michael,Harris,Michael Harris,Female,28.0,1998-08-22,michael.harris@corp.net,(376) 104-5952,297 Washington Blvd,Atlanta,ga,U.S.A.,97723,Marketing,Senior Developer,Sandra Jones,On Leave,remote,2016-12-12,2023-12-23,6.6,PhD,52657.17,6089.05,0.32,2.0,89.9,20.5,5,59,0,10,6,good,CITIBANK,Savings,Charles Miller,690-862-3089,Married,Indian,NIGHT,Full-Time,,,True,UnitedHealth,High potential,2026-07-29 20:21:02
515,EMP-37222,Mark,Rodriguez,mark rodriguez,Female,48.0,1978-07-07,mark.rodriguez@corp.net,931-557-8752,1244 Oak Ave,Houston,TX,U.S.A.,89124,Marketing,Data Analyst,Patricia Jones,Active,REMOTE,2017-06-08,2024-01-25,11.1,Bachelor's,88671.39,15101.29,0.15,4.0,88.2,0.0,7,41,4,7,0,EXCELLENT,TD Bank,checking,Michael Gonzalez,320-501-5375,Married,Canadian,NIGHT,PT,,,False,UnitedHealth,Pending annual review,2026-06-17 20:21:02
516,EMP-10977,Christopher,Johnson,Christopher Johnson,Prefer Not to Say,50.0,1975-06-10,christopher.johnson@company.com,556-658-6236,3186 Park Ave,Austin,tx,United States,38579,Engineering,Software Engineer,Michael Lee,Active,REMOTE,2021-07-06,2025-05-03,9.3,Master's,67614.46,7130.04,0.32,2.0,95.7,8.0,1,30,2,13,12,good,TD Bank,Savings,Daniel Martinez,462-764-7768,MARRIED,British,Day,Contract,,,False,Aetna,N/A,2026-07-15 20:21:02
517,EMP-74891,Michael,Hernandez,Michael Hernandez,Male,27.0,1999-05-27,michael.hernandez@corp.net,693-518-6360,3686 Washington Blvd,Denver,co,United States,30112,Product,Legal Counsel,,Active,Remote,2014-11-13,,2.5,Master's,99995.61,18766.31,0.22,4.0,87.4,4.1,1,34,0,14,2,good,Wells Fargo,Savings,Karen Ramirez,658-179-4615,Married,Canadian,day,PT,,,True,Kaiser Permanente,Pending annual review,2026-06-17 20:21:02
518,EMP-29477,Elizabeth,Lewis,Elizabeth Lewis,non-binary,31.0,1995-11-21,elizabeth.lewis@enterprise.org,126-571-8086,   3346 Park Ave   ,Austin,TX,US,96018,Legal,Systems Administrator,Mary Anderson,Active,Hybrid,2020-12-14,2024-05-25,15.7,Masters,64283.97,5354.67,0.15,5.0,86.5,11.6,3,45,5,5,8,Good,Wells Fargo,checking,Margaret Lee,684-588-4020,MARRIED,Canadian,Night,Part-Time,6.0,WS-06-67,True,UnitedHealth,Completed leadership onboarding,2026-07-09 20:21:02
519,EMP-80817,Anthony,Thompson,Anthony Thompson,Non-Binary,33.0,1993-11-19,anthony.thompson@enterprise.org,526-507-2726,9922 Washington Blvd,New York,NY,US,77266,Operations,Support Agent,Lisa Taylor,On Leave,REMOTE,2015-10-19,,7.2,Masters,85821.14,13996.29,0.24,1.0,94.2,10.3,7,11,1,26,4,Good,Chase,CHECKING,Linda Thompson,989-203-9920,Single,American,Shift 2,PT,,,True,Cigna,,2026-06-12 20:21:02
520,EMP-36671,Jessica,Thomas,Jessica Thomas,male,49.0,1976-06-10,jessica.thomas@company.com,475-284-1509,6060 Oak Ave,New York,ny,USA,35539,Product,Systems Administrator,John Martinez,Terminated,REMOTE,2015-12-24,,15.2,BS,67804.63,8976.63,0.32,,88.4,13.9,10,2,1,8,10,good,Citibank,savings,Mark Jackson,114-107-1093,MARRIED,German,NIGHT,Full-Time,,,False,UnitedHealth,Pending annual review,2026-07-24 20:21:02
521,EMP-48538,Betty,Martinez,Betty Martinez,PREFER NOT TO SAY,35.0,1990-11-17,betty.martinez@enterprise.org,(741) 159-8408,   643 Maple Rd   ,nEW yORK,ny,United States,,Operations,Accountant,Daniel Jackson,Active,Remote,2015-10-06,,5.4,Bachelors,,11620.58,0.22,2.0,86.7,0.0,6,23,5,19,6,Excellent,wELLS fARGO,Checking,Mark Garcia,214-201-8154,Divorced,German,Shift 1,Part-Time,,,True,Cigna,,2026-07-29 20:21:02
522,EMP-20936,Richard,Anderson,Richard Anderson,Prefer Not to Say,24.0,2001-01-08,richard.anderson@company.com,872-273-8082,768 Park Ave,San Diego,ca,United States,20966,Customer Support,Software Engineer,Nancy Smith,Active,Onsite,2023-09-15,,8.4,Master's,,10353.79,0.24,5.0,91.9,12.2,8,57,0,12,12,good,Capital One,savings,,107-672-4722,single,Indian,Shift 1,contract,5.0,WS-05-15,True,Blue Cross Blue Shield,High potential,2026-07-25 20:21:02
523,EMP-67916,Jennifer,Anderson,Jennifer Anderson,Female,19.0,2007-12-08,JENNIFER.ANDERSON@COMPANY.COM,(261) 164-4166, 8851 Main St,phoenix,AZ,usa,33431,Product,Data Analyst,Christopher Thompson,active,remote,2013-09-28,2025-03-02,3.4,MS,45069.41,4630.73,0.32,5.0,91.7,2.3,4,80,5,7,2,Good,Chase,CHECKING,James Martinez,656-801-2314,MARRIED,German,day,Full-Time,,,True,Blue Cross Blue Shield,N/A,2026-07-14 20:21:02
524,EMP-63329,Jessica,Sanchez,JESSICA SANCHEZ,NON-BINARY,20.0,2005-01-30,jessica.sanchez@company.com,413-439-2230,757 Oak Ave,Atlanta,GA,usa,97225,Engineering,Sales Executive,Elizabeth Anderson,Active,remote,2022-04-29,2023-08-14,7.4,BS,93968.93,17629.6,0.22,5.0,88.6,34.6,4,46,5,21,7,Excellent,Citibank,CHECKING,Karen Lewis,320-743-6561,Single,Canadian,NIGHT,Contract,,,True,Kaiser Permanente,Pending annual review,2026-07-10 20:21:02
525,EMP-97291,Susan,Miller,Susan Miller,Non-Binary,30.0,1995-09-12,susan.miller@company.com,455-234-4928,7537 Washington Blvd,SAN JOSE,CA,usa,30384,Customer Support,Accountant,Betty Martinez,On Leave,hybrid,2015-07-18,,8.9,MS,64066.4,5799.64,0.24,2.0,93.6,0.0,6,22,3,11,6,Excellent,Capital One,Savings,Mark Miller,570-132-5641,Divorced,British,NIGHT,Full-Time,12.0,WS-12-93,True,UnitedHealth,,2026-07-14 20:21:02
526,EMP-44752,Mark,Jackson,Mark Jackson,Female,54.0,1972-07-21,MARK.JACKSON@ENTERPRISE.ORG,343-617-2796,2115 Washington Blvd,Atlanta,ga,USA,74371,Finance,Systems Administrator,Jennifer Jackson,Terminated,remote,2015-11-22,,14.7,Master's,49008.38,9121.06,0.32,3.0,99.1,0.0,4,0,0,19,5,EXCELLENT,Wells Fargo,Checking,Margaret Taylor,384-591-3906,Married,American,Shift 1,FT,,,True,Aetna,,2026-07-27 20:21:02
527,EMP-42898,Richard,Martinez,Richard Martinez,Prefer Not to Say,46.0,1979-02-18,richard.martinez@corp.net,535-530-7377,6870 Oak Ave,Los Angeles,CA,U.S.A.,50568,Finance,Data Analyst,Jessica Martin,ACTIVE,Onsite,2020-08-26,,2.3,Masters,91375.55,,0.15,2.0,100.0,3.8,2,53,0,5,4,EXCELLENT,Bank of America,savings,Jennifer Moore,735-654-7809,MARRIED,Canadian,NIGHT,Part-Time,2.0,WS-02-32,False,Blue Cross Blue Shield,,2026-06-17 20:21:02
528,EMP-59902,Karen,Martin,Karen Martin,female,44.0,1981-03-11,karen.martin@enterprise.org,757-587-4650,7032 Main St,Boston,ma,U.S.A.,56394,Finance,Sales Executive,Daniel Ramirez,On Leave,Hybrid,2022-07-21,2022-05-23,0.5,PhD,70701.79,9991.62,0.22,1.0,96.4,8.9,10,68,1,17,7,good,Chase,Checking,Mary Lopez,719-379-9773,Single,British,Night,PT,1.0,WS-01-40,False,Aetna,Transferred from regional branch,2026-06-30 20:21:02
529,EMP-92925,Susan,Martin,Susan Martin,pREFER nOT TO sAY,48.0,1978-04-25,susan.martin@enterprise.org,916-275-2426,2806 Oak Ave,NEW YORK,ny,usa,95904,Human Resources,HR Specialist,Barbara Jackson,Terminated,Hybrid,2017-04-02,,13.8,Master's,70412.19,6440.11,0.32,5.0,94.8,8.7,7,46,2,19,3,good,Wells Fargo,checking,Lisa Robinson,438-177-3792,Divorced,German,day,Contract,7.0,WS-07-68,True,Cigna,N/A,2026-06-11 20:21:02
530,EMP-30682,Betty,Thomas,Betty Thomas,Prefer Not to Say,34.0,1992-10-01,betty.thomas@enterprise.org,731-154-3329,4510 Main St,New York,NY,US,17713,human resources,Data Analyst,Elizabeth Jones,ACTIVE,Hybrid,2022-07-15,2022-06-25,0.5,High School,72804.61,11362.97,0.32,4.0,97.5,18.3,7,9,2,9,11,good,TD Bank,checking,Mary Taylor,122-507-5031,single,American,Day,PT,10.0,WS-10-73,True,Kaiser Permanente,Pending annual review,2026-06-08 20:21:02
531,EMP-55787,Karen,Lewis,karen lewis,Male,43.0,1983-05-08,karen.lewis@enterprise.org,855-922-4791,1522 Park Ave,New York,NY,US,42741,product,HR Specialist,Christopher Martin,Active,Remote,2022-07-27,2020-07-16,2.9,Bachelor's,,6412.79,0.32,4.0,94.1,1.0,7,43,3,17,4,Good,Wells Fargo,CHECKING,Mark Johnson,616-213-6420,Divorced,Canadian,Shift 1,contract,,,True,Blue Cross Blue Shield,Pending annual review,2026-07-22 20:21:02
532,EMP-85261,David,Lopez,David Lopez,FEMALE,41.0,1985-10-30,david.lopez@company.com,418-770-9520,474 Oak Ave,Philadelphia,PA,usa,12275,product,Product Manager,Patricia Hernandez,Active,hybrid,2018-08-29,,8.9,MS,42890.7,8144.16,0.32,3.0,92.8,5.7,3,58,5,23,7,Excellent,Chase,checking,Mary Wilson,944-589-3766,Single,Canadian,Night,contract,13.0,WS-13-56,True,Blue Cross Blue Shield,Pending annual review,2026-07-24 20:21:02
533,EMP-80387,William,Taylor,William Taylor,Non-Binary,55.0,1970-03-26,william.taylor@corp.net,817-697-5526,4991 Washington Blvd,Philadelphia,PA,US,52130,it,Marketing Specialist,Robert Lewis,ACTIVE,REMOTE,2020-06-04,2024-02-05,14.9,PhD,49154.75,8263.87,0.32,4.0,98.4,0.0,5,48,3,6,11,Needs Improvement,TD Bank,savings,Jessica Jones,451-145-3100,Single,American,NIGHT,Contract,,,True,Blue Cross Blue Shield,Completed leadership onboarding,2026-07-18 20:21:02
534,EMP-65490,Mary,Perez,Mary Perez,Prefer Not to Say,32.0,1994-12-03,mary.perez@enterprise.org,281-599-6657,2156 Park Ave,Phoenix,AZ,United States,74210,Operations,Data Analyst,Nancy Johnson,On Leave,REMOTE,2023-05-25,,9.3,PhD,80884.48,7988.57,0.32,1.0,93.8,13.4,5,5,4,12,6,satisfactory,Bank of America,savings,Christopher Smith,479-421-2956,Single,American,Night,Part-Time,,,False,Aetna,Pending annual review,2026-06-07 20:21:02
535,EMP-58686,Sandra,Williams,SANDRA WILLIAMS,female,31.0,1995-12-28,sandra.williams@corp.net,959-878-7354,9456 Park Ave,San Jose,CA,usa,63523,Human Resources,Software Engineer,Jessica Lee,ACTIVE,Remote,2020-09-19,2022-01-20,3.6,Master's,109100.28,17430.54,0.22,,93.5,9.3,7,75,5,29,0,EXCELLENT,Citibank,Checking,Matthew Martin,945-614-7967,Single,Mexican,Shift 1,contract,,,False,Cigna,High potential,2026-07-26 20:21:02
536,EMP-32777,Michael,Smith,Michael Smith,Non-Binary,32.0,1994-09-28,michael.smith@company.com,101-918-5881,3656 Oak Ave,atlanta,GA,USA,12420,Finance,Legal Counsel,Joseph Martinez,On Leave,Remote,2019-04-15,,9.2,Master's,84993.7,5280.62,0.22,1.0,97.4,27.0,7,74,2,21,10,good,Bank of America,CHECKING,David Miller,780-995-2049,Single,German,Night,PT,,,True,Kaiser Permanente,High potential,2026-07-22 20:21:02
537,EMP-93564,Richard,Wilson,Richard Wilson,Non-Binary,23.0,2003-10-28,richard.wilson@enterprise.org,444-110-4153,2934 Park Ave,Houston,TX,USA,14045,Legal,Sales Executive,Michael Perez,ACTIVE,Remote,2015-06-26,2023-11-05,9.0,PhD,103340.41,10282.72,0.15,5.0,98.4,13.4,4,6,2,17,8,good,CAPITAL ONE,Checking,Robert Thompson,507-437-3486,MARRIED,British,day,PT,,,True,Aetna,Completed leadership onboarding,2026-07-03 20:21:02
538,EMP-41189,Thomas,Taylor,THOMAS TAYLOR,Male,30.0,1996-05-23,THOMAS.TAYLOR@CORP.NET,(977) 460-8216,2293 Washington Blvd,San Antonio,tx,United States,84382,Sales,Operations Manager,James Lewis,Active,REMOTE,2018-11-02,2022-12-15,8.2,Masters,88666.58,15771.0,0.24,4.0,94.0,8.8,7,9,5,12,8,Needs Improvement,Citibank,checking,James Harris,134-824-2481,MARRIED,British,NIGHT,FT,,,False,Aetna,Pending annual review,2026-06-24 20:21:02
539,EMP-57788,Sandra,Harris,Sandra Harris,non-binary,20.0,2005-02-01,sandra.harris@company.com,(135) 822-9700,2325 Main St,San Diego,CA,usa,13809,Marketing,Senior Developer,Sarah Brown,Active,Onsite,2024-12-16,2024-06-10,9.4,MS,91206.9,10619.34,0.22,4.0,93.7,11.0,7,46,3,20,0,good,TD BANK,Checking,Barbara Gonzalez,433-602-5702,Married,Mexican,Shift 2,FT,8.0,WS-08-14,False,Aetna,Transferred from regional branch,2026-07-10 20:21:02
540,EMP-42932,  Lisa,Martin,Lisa Martin,Female,35.0,1990-12-29,lisa.martin@corp.net,438-317-2548,6974 Oak Ave,Chicago,IL,usa,74924,Engineering,Operations Manager,,Active,Hybrid,2020-08-28,,15.3,PhD,48227.88,,0.15,1.0,98.5,12.2,5,50,3,29,11,Excellent,TD Bank,savings,Elizabeth Davis,871-686-4800,Single,Mexican,day,Contract,2.0,   WS-02-36,True,Aetna,High potential,2026-08-04 20:21:02
541,EMP-55895,Elizabeth,Jones,Elizabeth Jones,Female,21.0,2004-03-29,elizabeth.jones@corp.net,407-980-1235,1133 Oak Ave,San Jose,CA,US,68783,it,Systems Administrator,Matthew Jones,Terminated,hybrid,2022-01-15,2025-04-01,0.5,MS,,12428.72,0.24,1.0,95.9,0.7,1,27,4,24,7,Needs Improvement,Bank of America,checking,Elizabeth Perez,299-121-9651,Married,Indian,Night,Part-Time,12.0,WS-12-82,False,Aetna,,2026-07-20 20:21:02
542,EMP-76820,Jennifer   ,Lewis,JENNIFER LEWIS,Prefer Not to Say,32.0,1994-03-25,jennifer.lewis@enterprise.org,821-901-3208,8794 Washington Blvd,denver,co,United States,67390,Customer Support,HR Specialist,Anthony Smith,Active,remote,2021-10-27,2025-05-28,12.3,BS,67257.39,9386.77,0.22,4.0,94.8,3.6,4,51,2,23,6,good,Wells Fargo,Checking,Daniel White,334-563-6839,Divorced,Indian,NIGHT,Contract,,,False,Kaiser Permanente,Transferred from regional branch,2026-06-11 20:21:02
543,EMP-52354,Robert,White,Robert White,Male,31.0,1994-04-17,robert.white@company.com,355-906-4804,7109 Maple Rd,Dallas,tx,usa,74807,CUSTOMER SUPPORT,Support Agent,,Terminated,REMOTE,2016-07-15,2022-05-08,8.0,bachelor,90863.39,8953.83,0.32,3.0,94.9,0.0,5,44,3,11,11,Excellent,Bank of America,CHECKING,Robert Davis,468-241-5569,single,American,Shift 1,Full-Time,,,False,UnitedHealth,Completed leadership onboarding,2026-07-02 20:21:02
544,EMP-93619,Robert,Gonzalez,Robert Gonzalez,Female,40.0,1985-05-29,ROBERT.GONZALEZ@ENTERPRISE.ORG,891-264-9376,4211 Washington Blvd,Atlanta,GA,usa,33575,Marketing,Software Engineer,Sarah Lopez,Active,remote,2024-07-25,2022-01-29,6.1,Bachelor's,109984.48,19816.14,0.22,2.0,89.9,0.0,3,28,1,21,12,satisfactory,Chase,savings,Jennifer Lopez,693-356-2553,Divorced,British,Shift 1,Contract,,,False,Kaiser Permanente,Transferred from regional branch,2026-07-01 20:21:02
545,EMP-79446,Mark, Robinson  ,mark robinson,Female,31.0,1994-07-15, mark.robinson@enterprise.org ,693-932-9956,9671 Washington Blvd,San Antonio,tx,U.S.A.,22108,customer support,Support Agent,Sarah Wilson,Active,remote,2018-07-21,2022-05-11,5.5,MS,85854.09,13050.9,0.22,,89.8,21.3,8,22,4,24,12,satisfactory,TD Bank,savings,Sandra Lewis,502-314-2278,Married,American,day,Contract,,,False,Cigna,Pending annual review,2026-06-08 20:21:02
546,EMP-29955,   Thomas  ,Harris,Thomas Harris,Prefer Not to Say,43.0,1982-04-03,thomas.harris@company.com,(796) 135-4747,6460 Washington Blvd,LOS ANGELES,CA,USA,59197,Finance,Sales Executive,Elizabeth Williams,Active,REMOTE,2019-06-06,2024-03-29,12.8,Master's,68373.83,12008.51,0.24,5.0,91.9,3.7,7,5,5,26,12,EXCELLENT,Bank of America,Checking,Elizabeth Wilson,752-206-8244,Divorced,Canadian,day,contract,,,True,Cigna,Pending annual review,2026-07-18 20:21:02
547,EMP-19514,James,Wilson,James Wilson,Prefer Not to Say,38.0,1987-06-01,james.wilson@enterprise.org,380-256-4464,4265 Main St,Denver,co,US,18869,Engineering,HR Specialist,Barbara Smith,ACTIVE,hybrid,2012-07-28,2020-05-04,0.5,MS,35000.0,3076.05,0.22,2.0,97.7,0.0,8,73,2,16,4,satisfactory,Chase,CHECKING,Daniel Garcia,876-692-3912,Married,Mexican,NIGHT,PT,2.0,WS-02-55,True,Kaiser Permanente,Completed leadership onboarding,2026-07-28 20:21:02
548,EMP-67735,Betty,Gonzalez,Betty Gonzalez,PREFER NOT TO SAY,48.0,1977-12-02,betty.gonzalez@enterprise.org,(867) 714-2038,4147 Oak Ave,Houston,tx,USA,32070,IT,HR Specialist,Linda Moore,Active,Hybrid,2013-01-22,2022-08-08,5.7,MS,61638.59,5028.05,0.24,2.0,100.0,24.5,9,2,1,12,0,Needs Improvement,Citibank,Checking,Elizabeth Moore,351-949-3097,Single,Mexican,Shift 1,Full-Time,6.0,WS-06-17,False,Kaiser Permanente,,2026-07-14 20:21:02
549,EMP-86618,James,Clark,James Clark,FEMALE,36.0,1990-05-10,james.clark@enterprise.org,808-173-8727,584 Oak Ave,Los Angeles,ca,USA,56733,Operations,Legal Counsel,Nancy Robinson,Active,remote,2018-08-03,2024-03-29,9.6,Bachelors,76717.86,6357.48,0.15,3.0,83.9,0.0,3,0,4,8,8,EXCELLENT,Bank of America,CHECKING,Michael Taylor,464-960-3175,MARRIED,German,Shift 1,Full-Time,,,False,Aetna,N/A,2026-08-03 20:21:02
550,EMP-27921,Richard,Martin,Richard Martin,Prefer Not to Say,35.0,1991-07-27, richard.martin@company.com ,(581) 635-2138,1198 Oak Ave,San Diego,ca,U.S.A.,73895,Sales,Legal Counsel,,Terminated,Hybrid,2017-05-22,2021-07-09,3.7,MS,78504.23,11620.16,0.22,2.0,100.0,2.2,4,37,5,5,1,EXCELLENT,Wells Fargo,CHECKING,Jessica Clark,566-436-5461,Married,German,NIGHT,FT,14.0,   WS-14-69,False,Blue Cross Blue Shield,Transferred from regional branch,2026-06-13 20:21:02
551,EMP-61034,Betty,Hernandez,Betty Hernandez,Male,42.0,,betty.hernandez@enterprise.org,969-846-2582,4906 Main St,atlanta,GA,USA,75131,Customer Support,Systems Administrator,Michael Johnson,ACTIVE,Remote,2014-05-02,2025-08-21,12.2,High School,78496.36,9269.52,0.32,5.0,95.8,13.8,3,29,3,12,4,EXCELLENT,chase,CHECKING,Betty Hernandez,669-831-7874,Single,Canadian,Shift 2,Contract,,,False,Kaiser Permanente,High potential,2026-07-26 20:21:02
552,EMP-86919,Anthony,Brown,Anthony Brown,Non-Binary,58.0,1968-08-14,anthony.brown@corp.net,(642) 399-2637,5584 Maple Rd,Seattle,WA,U.S.A.,39741,Sales,Support Agent,Thomas Hernandez,On Leave,remote,2012-06-27,2021-05-19,2.3,Masters,84472.64,13219.8,0.24,,90.4,2.0,1,56,2,18,0,Excellent,Bank of America,Checking,Mary White,894-141-8283,MARRIED,Indian,Night,PT,,,False,Aetna,Pending annual review,2026-07-03 20:21:02
553,EMP-96733,Mark,Hernandez,Mark Hernandez,Non-Binary,27.0,1999-05-13,mark.hernandez@corp.net,916-973-8871,4619 Washington Blvd,Seattle,WA,US,58001,Legal,Senior Developer,Nancy White,ACTIVE,remote,2013-07-02,2023-08-14,11.7,BS,77242.1,12134.12,0.32,4.0,100.0,0.0,7,0,5,8,7,Good,Bank of America,checking,Mary Robinson,,Single,Canadian,Day,FT,,,False,Cigna,N/A,2026-06-16 20:21:02
554,EMP-10078,Joseph,Brown,Joseph Brown,PREFER NOT TO SAY,35.0,,JOSEPH.BROWN@ENTERPRISE.ORG,(837) 722-1385,8080 Washington Blvd,Seattle,WA,USA,27759,Finance,  Product Manager,John Gonzalez,Active,REMOTE,2013-06-30,,10.1,MS,59406.87,7269.85,0.15,3.0,93.6,2.5,3,5,5,11,6,Needs Improvement,Chase,Checking,David Thompson,459-133-4027,Single,Canadian,Shift 1,Full-Time,,,False,Aetna,Pending annual review,2026-06-22 20:21:02
555,EMP-17264,Anthony,Clark,Anthony Clark,Non-Binary,62.0,1964-10-12,anthony.clark@company.com,521-678-5547,7216 Main St,Houston,TX,U.S.A.,,Operations,Accountant,Thomas Johnson,On Leave,Remote,2016-03-10,,10.2,PhD,47447.65,7761.54,0.32,3.0,92.2,0.0,2,40,0,5,7,EXCELLENT,TD Bank,checking,Jessica Smith,,single,Mexican,Shift 2,Contract,,,False,Aetna,N/A,2026-06-28 20:21:02
556,EMP-86354,Anthony,Ramirez,Anthony Ramirez,Non-Binary,48.0,1978-02-13,anthony.ramirez@enterprise.org,(781) 454-2030,  7419 Maple Rd  ,PHILADELPHIA,PA,U.S.A.,87065,Human Resources,Accountant,Betty Rodriguez,Active,REMOTE,2012-06-11,2025-07-10,18.4,BS,43280.33,8253.02,0.15,4.0,85.6,7.8,7,42,1,9,12,Excellent,Bank of America,checking,Mark Lewis,140-859-9356,Single,American,Shift 1,PT,,,True,Cigna,High potential,2026-07-01 20:21:02
557,EMP-45713,Mary,Harris,Mary Harris,Prefer Not to Say,48.0,1978-07-22,mary.harris@corp.net,(239) 511-9443,235 Main St,Los Angeles,CA,United States,12374,Operations,Operations Manager,David Ramirez,Terminated,Onsite,2024-04-03,,,bachelor,75008.91,13194.29,0.15,5.0,88.5,5.3,1,43,3,27,3,Good,TD Bank,savings,Margaret Sanchez,138-749-4020,Married,American,Day,FT,12.0,WS-12-63,,Aetna,,2026-06-09 20:21:02
558,EMP-48091,Mark,Wilson,mARK wILSON,MALE,41.0,1984-12-21,mark.wilson@company.com,928-373-9343,5359 Park Ave,Boston,MA,U.S.A.,85854,Marketing,Senior Developer,Lisa Wilson,ACTIVE,Hybrid,2023-02-10,2021-05-06,12.6,MS,54722.08,9718.27,0.15,,95.4,9.3,1,38,1,21,9,satisfactory,Citibank,Checking,Richard Rodriguez,641-494-3362,MARRIED,British,Night,Part-Time,13.0,WS-13-26,True,Aetna,N/A,2026-06-30 20:21:02
559,EMP-74120,Richard,Rodriguez,Richard Rodriguez,Non-Binary,34.0,1992-02-11,richard.rodriguez@corp.net,690-351-6116,4544 Maple Rd,Atlanta,GA,US,98516,Operations,Operations Manager,Thomas Brown,Active,remote,2020-08-04,,4.1,BS,83669.79,15671.78,0.22,4.0,91.0,0.0,9,30,0,30,2,good,Wells Fargo,checking,Patricia Moore,857-721-6642,single,Mexican,NIGHT,Full-Time,,,True,Aetna,,2026-07-04 20:21:02
560,EMP-20573,Nancy,Smith,Nancy Smith,Female,33.0,1993-08-08,nancy.smith@enterprise.org,(197) 959-5618,3151 Oak Ave,Seattle,wa,United States,26213,Product,Senior Developer,Joseph Ramirez,Active,remote,2021-06-19,2022-11-18,1.6,BS,72358.26,11350.45,0.15,,95.9,0.0,8,71,1,17,0,EXCELLENT,TD Bank,savings,Daniel Thomas,871-454-4632,Divorced,Canadian,Night,Contract,,,True,Kaiser Permanente,Pending annual review,2026-07-27 20:21:02
561,EMP-57196,Mark,Harris,Mark Harris,Non-Binary,18.0,2007-06-18,mark.harris@corp.net,195-202-5619,6300 Oak Ave,Dallas,TX,United States,86341,Operations,Legal Counsel,Jennifer Sanchez,active,hybrid,2018-05-26,2022-10-07,9.3,High School,74086.0,7161.23,0.15,4.0,91.2,8.2,10,22,4,15,3,Excellent,TD Bank,Savings,Sandra Hernandez,183-972-7876,single,Mexican,Shift 1,FT,12.0,WS-12-66,True,Kaiser Permanente,Transferred from regional branch,2026-07-22 20:21:02
562,EMP-64298,Lisa   ,Robinson,Lisa Robinson,Female,52.0,1974-12-31,lisa.robinson@corp.net,745-152-2431,9454 Washington Blvd,San Jose,ca,usa,98432,IT,Sales Executive,Charles Martin,ACTIVE,remote,2024-10-15,,13.0,BS,80612.73,,0.15,1.0,100.0,0.0,9,52,5,18,9,EXCELLENT,Citibank,Checking,David Thomas,448-210-5151,Single,Mexican,NIGHT,FT,,,False,Blue Cross Blue Shield,Completed leadership onboarding,2026-08-04 20:21:02
563,EMP-44756,Christopher,Lopez,Christopher Lopez,Female,41.0,1985-10-18,christopher.lopez@corp.net,820-775-3105,5757 Main St,San Jose,CA,USA,86850,CUSTOMER SUPPORT,Systems Administrator,Sandra Rodriguez,Active,Hybrid,2017-03-15,2025-03-12,9.9,PhD,73937.59,9216.76,0.22,4.0,100.0,4.1,8,41,0,11,10,EXCELLENT,Chase,CHECKING,Joseph Martin,101-581-8821,Married,Mexican,Day,FT,2.0,WS-02-94,True,UnitedHealth,,2026-06-20 20:21:02
564,EMP-64041,Karen,Harris,Karen Harris,Male,35.0,1990-06-24,karen.harris@company.com,350-901-1826,9485 Maple Rd,Houston,TX,usa,57501,Legal,Support Agent,,Terminated,Onsite,2013-03-29,2021-12-21,15.2,bachelor,81674.56,7728.88,0.32,3.0,93.5,21.4,2,23,5,17,1,Good,Capital One,CHECKING,Michael Perez,342-209-7469,single,British,Shift 2,contract,5.0,WS-05-42,True,Blue Cross Blue Shield,Completed leadership onboarding,2026-07-14 20:21:02
565,EMP-61543,Mark, Gonzalez,MARK GONZALEZ,Male,29.0,1996-09-22,mark.gonzalez@corp.net,829-967-1908,1581 Oak Ave,Boston,MA,USA,57703,Marketing,Senior Developer,Lisa Lee,ACTIVE,Remote,2021-04-27,,7.7,BS,99748.76,13900.44,0.32,4.0,92.7,23.2,5,66,4,23,11,EXCELLENT,CITIBANK,Savings,Daniel Jackson,493-723-2574,MARRIED,Canadian,Shift 2,Full-Time,,,True,Kaiser Permanente,Pending annual review,2026-06-21 20:21:02
566,EMP-23745,Michael,Jones,Michael Jones,MALE,35.0,1991-07-13,michael.jones@enterprise.org,(238) 859-2104,1134 Park Ave,Dallas,TX,US,64221,Legal,Sales Executive,Karen Garcia,ACTIVE,Hybrid,2020-02-09,2023-08-16,12.7,Bachelors,84923.3,15688.51,0.22,2.0,95.2,0.0,4,30,2,9,8,good,Capital One,Checking,Barbara White,459-922-7716,Married,Indian,day,contract,5.0,WS-05-73,False,UnitedHealth,High potential,2026-07-26 20:21:02
567,EMP-78147,Linda,Brown,Linda Brown,Non-Binary,39.0,1987-07-14,linda.brown@corp.net,459-868-1418,5343 Park Ave   ,Seattle,WA,USA,99185,Legal,Marketing Specialist,Susan Williams,On Leave,REMOTE,2024-04-16,2024-03-23,5.2,MS,71121.01,6710.38,0.22,2.0,91.7,16.3,10,52,1,11,7,Needs Improvement,Bank of America,savings,Sandra Lewis,217-730-2216,Married,Canadian,Shift 2,Contract,,,True,Cigna,Pending annual review,2026-07-15 20:21:02
568,EMP-16590,David,Garcia,David Garcia,Non-Binary,19.0,2006-01-28,david.garcia@corp.net,(463) 701-8975,363 Park Ave,San Diego,CA,usa,51560,IT,Product Manager,Jessica White,On Leave,Hybrid,2016-08-06,2025-12-05,11.1,High School,62292.75,5912.57,0.24,3.0,89.1,4.7,10,68,2,13,4,satisfactory,Capital One,Checking,Sandra Wilson,678-427-3966,Divorced,Indian,Shift 2,FT,5.0,WS-05-40,True,Aetna,Transferred from regional branch,2026-07-06 20:21:02
569,EMP-68245,Barbara,   Gonzalez,Barbara Gonzalez,Prefer Not to Say,36.0,1990-11-16,BARBARA.GONZALEZ@COMPANY.COM,754-897-1466,4796 Maple Rd,atlanta,GA,US,67429,Customer Support, Marketing Specialist  ,Elizabeth Robinson,On Leave,Remote,2022-07-11,,4.9,bachelor,110233.78,20117.87,0.32,3.0,93.6,10.7,6,78,3,15,9,satisfactory,capital one,savings,Margaret Garcia,847-820-2966,Single,Mexican,Shift 2,PT,,,False,UnitedHealth,Completed leadership onboarding,2026-06-24 20:21:02
570,EMP-82355,Robert,Harris,Robert Harris,pREFER nOT TO sAY,44.0,1982-04-26,robert.harris@corp.net,(547) 965-7304,8268 Park Ave,san antonio,TX,U.S.A.,53906,Engineering,Marketing Specialist,,ACTIVE,Remote,2020-12-18,,2.3,Bachelors,70970.17,3731.8,0.22,2.0,95.0,16.3,8,66,1,16,4,good,bank of america,CHECKING,Elizabeth Perez,459-535-9189,single,Indian,Shift 1,Part-Time,,,False,UnitedHealth,,2026-06-15 20:21:02
571,EMP-82491,   Joseph,Perez,Joseph Perez,Male,40.0,1985-12-13,JOSEPH.PEREZ@ENTERPRISE.ORG,479-134-8429,3211 Main St,Seattle,wa,USA,64448,Human Resources,Sales Executive,Linda Moore,Active,Remote,2022-11-04,2025-11-02,15.6,bachelor,102931.94,18693.79,0.22,1.0,97.1,13.9,5,10,1,20,1,good,bank of america,savings,Daniel Miller,948-641-7094,Single,Indian,day,Contract,,,True,Cigna,Transferred from regional branch,2026-07-08 20:21:02
572,EMP-68070,Jennifer,Miller,jennifer miller,Prefer Not to Say,38.0,1987-12-25,jennifer.miller@enterprise.org,434-397-2646,7987 Oak Ave,denver,CO,usa,11564,Finance,Senior Developer,Karen White,Active,Onsite,2024-02-15,2023-08-25,15.1,BS,83195.26,10205.12,0.24,4.0,90.7,0.0,5,14,0,30,4,EXCELLENT,wells fargo,savings,Lisa Robinson,693-350-2915,Single,Mexican,NIGHT,Full-Time,7.0,WS-07-97,True,UnitedHealth,Completed leadership onboarding,2026-07-08 20:21:02
573,EMP-21708,Linda,Lee,Linda Lee,male,52.0,1973-11-16,linda.lee@enterprise.org,233-741-8824,708 Washington Blvd,New York,NY,U.S.A.,50337,Customer Support,Sales Executive,Betty Lewis,Terminated,Onsite,2017-01-19,2024-05-31,11.5,bachelor,66139.12,8140.79,0.24,3.0,92.6,22.1,8,4,4,28,3,Excellent,WELLS FARGO,checking,Betty Lee,366-378-7667,Married,German,day,Full-Time,13.0,WS-13-15,False,Kaiser Permanente,Completed leadership onboarding,2026-07-18 20:21:02
574,EMP-82107,Betty,Harris,Betty Harris,NON-BINARY,,1985-08-12,betty.harris@corp.net,558-315-2204,1995 Washington Blvd,San Diego,CA,U.S.A.,79901,HR,Accountant,Sarah Martinez,Active,hybrid,2016-01-19,2024-02-03,9.1,MS,85828.15,7652.98,0.22,3.0,100.0,10.6,4,53,0,9,7,good,Capital One,savings,Jennifer Harris,905-874-6810,MARRIED,British,Shift 2,Contract,6.0,WS-06-14,False,Aetna,Completed leadership onboarding,2026-06-17 20:21:02
575,EMP-54151,Matthew ,Thomas,MATTHEW THOMAS,Non-Binary,39.0,1986-12-07,matthew.thomas@enterprise.org,(367) 390-6652,9923 Washington Blvd,Austin,TX,United States,47461,Customer Support,Systems Administrator,Charles Sanchez,active,Remote,2022-05-20,2022-11-07,12.7,PhD,54349.52,3818.36,0.22,4.0,97.0,6.4,3,39,1,20,10,good,Chase,savings,Elizabeth Perez,418-547-5284,Divorced,American,Night,FT,,,True,Aetna,N/A,2026-07-13 20:21:02
576,EMP-54759,Richard,Williams,Richard Williams,mALE,28.0,1997-05-06,richard.williams@enterprise.org,460-379-3171,7984 Maple Rd   ,Boston,MA,United States,18094,Sales,Legal Counsel,Daniel Smith,On Leave,Onsite,2015-05-24,,12.7,Bachelors,62393.75,4844.85,0.32,5.0,90.0,0.0,7,60,1,19,3,Excellent,Bank of America,Savings,Joseph Anderson,539-549-5774,MARRIED,British,day,PT,14.0,WS-14-25,False,Kaiser Permanente,,2026-07-06 20:21:02
577,EMP-48564,Charles,Perez,Charles Perez,mALE,30.0,1996-10-14,charles.perez@company.com,512-518-9267,5512 Oak Ave,Phoenix,AZ,USA,65403,Operations,HR Specialist,Daniel Thompson,active,Onsite,2022-11-06,2020-03-01,4.6,Masters,92012.95,7462.78,0.22,2.0,94.2,7.1,2,65,0,8,6,good,Wells Fargo,Checking,Jennifer Davis,650-159-2953,Married,Mexican,day,contract,12.0,WS-12-88,False,Blue Cross Blue Shield,High potential,2026-06-16 20:21:02
578,EMP-97575,Mark,Davis,Mark Davis,Non-Binary,28.0,1998-08-17,mark.davis@company.com,(530) 966-4004,6607 Main St,Houston,TX,US,63791,Finance,Marketing Specialist,Jessica Moore,Active,Remote,2019-07-22,,15.6,BS,85215.84,15685.13,0.15,2.0,100.0,0.0,1,67,2,6,1,Good,Citibank,CHECKING,Jessica Robinson,504-239-9576,MARRIED,Mexican,Shift 2,contract,,,False,Cigna,Transferred from regional branch,2026-06-06 20:21:02
579,EMP-59043,Mary,Moore,Mary Moore,FEMALE,31.0,1994-08-20,mary.moore@company.com,387-872-4238,2640 Main St,san jose,CA,U.S.A.,54733,Product,Software Engineer,Christopher Garcia,Active,remote,2018-05-27,2023-08-29,12.3,PhD,53161.32,8369.72,0.22,1.0,99.5,28.0,6,22,1,24,12,Excellent,bANK OF aMERICA,savings,Nancy Perez,,Divorced,Mexican,NIGHT,contract,,,True,UnitedHealth,,2026-07-12 20:21:02
580,EMP-48225,  Linda,Lee,linda lee,Female,23.0,2003-03-15,linda.lee@enterprise.org,(962) 458-6889,5608 Park Ave,Austin,TX,US,74597,Engineering,Product Manager,Mary Martin,ACTIVE,Remote,2014-08-04,2021-08-16,13.5,Bachelor's,58651.98,9670.7,0.15,3.0,92.0,11.9,6,53,4,18,4,EXCELLENT,chase,checking,Richard Smith,732-793-4275,Married,British,Night,Full-Time,,,False,Aetna,,2026-07-31 20:21:02
581,EMP-60821,Lisa,Rodriguez,Lisa Rodriguez,Male,42.0,1984-07-16, LISA.RODRIGUEZ@COMPANY.COM ,(559) 223-5834,5579 Main St,Philadelphia,PA,USA,93471,Engineering,Operations Manager,James Smith,active,Hybrid,2021-04-06,2022-08-11,1.2,BS,91963.48,18361.58,0.24,1.0,88.8,16.9,5,14,1,25,0,Excellent,TD Bank,CHECKING,Margaret Harris,200-155-7502,single,American,Night,Contract,10.0,WS-10-31,False,Cigna,,2026-06-23 20:21:02
582,EMP-49454,Charles,Johnson,Charles Johnson,Prefer Not to Say,45.0,1980-12-22,charles.johnson@company.com,739-820-9586,4184 Main St,San Jose,ca,U.S.A.,23879,hr,HR Specialist,Patricia Garcia,active,REMOTE,2018-12-28,2023-06-04,11.8,PhD,56011.51,10490.73,0.32,1.0,100.0,5.7,5,11,4,5,10,good,Citibank,checking,Mark Hernandez,655-460-8792,Single,Canadian,Shift 1,Full-Time,,,True,Blue Cross Blue Shield,,2026-06-07 20:21:02
583,EMP-21709,Joseph,Smith,JOSEPH SMITH,Female,41.0,1984-04-02,joseph.smith@corp.net,130-350-6208,   4352 Main St   ,San Diego,CA,usa,51575,Finance,  Senior Developer ,Betty Martinez,On Leave,Hybrid,2016-08-12,,0.5,Masters,76906.88,12005.52,0.15,3.0,93.7,3.9,7,55,1,13,12,Needs Improvement,bANK OF aMERICA,Checking,Christopher Wilson,400-229-2200,single,Mexican,Shift 1,FT,1.0,WS-01-38,False,UnitedHealth,Transferred from regional branch,2026-07-18 20:21:02
584,EMP-65387,Richard,Hernandez,Richard Hernandez,NON-BINARY,44.0,1981-04-11,richard.hernandez@enterprise.org,897-431-5718,1807 Oak Ave,LOS ANGELES,CA,usa,48089,Marketing,Systems Administrator   ,Mary Lee,On Leave,REMOTE,2019-03-16,2024-03-19,6.5,High School,65617.02,8466.77,0.24,1.0,98.2,8.6,5,36,3,14,7,Excellent,Bank of America,Savings,Barbara Lee,977-723-8680,MARRIED,Indian,Day,Full-Time,,,False,UnitedHealth,Pending annual review,2026-07-12 20:21:02
585,EMP-41643,John,Perez,John Perez,Non-Binary,45.0,1980-08-07,john.perez@company.com,507-670-8334,   2871 Park Ave ,Phoenix,AZ,US,88507,IT,Data Analyst,Joseph White,On Leave,REMOTE,2013-02-10,,11.1,BS,54666.34,6226.67,0.15,5.0,93.8,0.2,7,22,5,20,8,satisfactory,capital one,CHECKING,Lisa White,503-614-4299,Single,Canadian,NIGHT,Full-Time,,,False,UnitedHealth,Transferred from regional branch,2026-06-30 20:21:02
586,EMP-29466,Matthew,Clark,Matthew Clark,Prefer Not to Say,50.0,1975-01-03,matthew.clark@corp.net,874-539-3019,4379 Main St,San Antonio,TX,USA,32867,Legal,Accountant,Jessica Davis,active,Hybrid,2016-01-13,2021-02-18,5.0,Masters,38759.22,2006.95,0.15,4.0,98.2,0.0,6,65,3,7,9,satisfactory,Capital One,checking,Mary Ramirez,680-239-6406,Single,Mexican,Shift 1,Contract,12.0,WS-12-97,False,Kaiser Permanente,Pending annual review,2026-06-23 20:21:02
587,EMP-33872,Jessica,Miller,Jessica Miller,Male,25.0,2000-03-14,JESSICA.MILLER@COMPANY.COM,(751) 175-4921,5476 Oak Ave,Austin,tx,usa,98656,Sales,Operations Manager,Thomas Clark,Active,hybrid,2014-04-28,,11.5,BS,101698.06,18144.49,0.32,2.0,98.1,0.4,8,7,5,23,4,Excellent,Capital One,Checking,,639-461-8202,Married,Indian,day,Part-Time,2.0,WS-02-38,True,Kaiser Permanente,Pending annual review,2026-06-24 20:21:02
588,EMP-17088,Thomas,Smith,THOMAS SMITH,Male,41.0,1985-04-04,thomas.smith@enterprise.org,891-923-5036,7270 Oak Ave,dallas,TX,US,22545,Marketing,Systems Administrator,William Gonzalez,active,Hybrid,2019-01-09,,13.5,PhD,115245.41,6026.0,0.22,3.0,100.0,20.0,4,33,4,28,1,satisfactory,Chase,Checking,Nancy Moore,678-767-4806,Divorced,American,Night,contract,15.0,WS-15-78,False,Kaiser Permanente,Pending annual review,2026-07-03 20:21:02
589,EMP-73743,Lisa,Lopez ,Lisa Lopez,fEMALE,,1971-01-17,lisa.lopez@enterprise.org,778-814-7579,9489 Main St,Houston,tx,USA,22228,IT,Senior Developer,Karen Davis,ACTIVE,Onsite,2016-04-08,,16.8,PhD,110375.44,6796.49,0.22,4.0,92.5,0.0,2,68,4,9,0,EXCELLENT,Wells Fargo,checking,,247-925-2581,Divorced,Indian,NIGHT,Contract,3.0,WS-03-48,False,Aetna,Pending annual review,2026-06-15 20:21:02
590,EMP-52109,Mary,Harris,Mary Harris,Male,24.0,2002-01-29,mary.harris@enterprise.org,(561) 262-1560,471 Oak Ave,San Jose,CA,U.S.A.,,OPERATIONS,Operations Manager,Margaret Ramirez,active,hybrid,2017-11-24,,5.2,PhD,89072.83,14395.74,0.15,4.0,95.8,0.0,6,33,0,25,5,EXCELLENT,Wells Fargo,checking,Susan Thomas,,single,German,Shift 2,Contract,10.0,WS-10-86,True,Blue Cross Blue Shield,High potential,2026-07-19 20:21:02
591,EMP-92270,John,Martinez,john martinez,prefer not to say,35.0,1990-09-18,john.martinez@enterprise.org,105-150-1222,6855 Maple Rd,New York,ny,US,43019,Product,Accountant,Sarah Sanchez,Active,Hybrid,2021-02-10,,10.8,High School,45583.9,3249.92,0.32,2.0,95.7,0.0,4,67,0,27,7,Needs Improvement,Wells Fargo,Checking,Thomas Brown,209-911-7292,Divorced,American,day,contract,2.0,WS-02-57,True,Blue Cross Blue Shield,N/A,2026-07-07 20:21:02
592,EMP-19258,Matthew,Thomas,Matthew Thomas,Prefer Not to Say,49.0,1977-11-08,matthew.thomas@company.com,(140) 807-4747,9667 Washington Blvd,Denver,CO,USA,17590,Sales,Data Analyst,William Robinson,On Leave,REMOTE,2021-05-28,,10.7,High School,88836.2,14557.23,0.24,1.0,100.0,0.0,2,11,1,19,10,Excellent,Wells Fargo,checking,Matthew Thomas,709-936-3574,single,German,NIGHT,Contract,,,True,UnitedHealth,N/A,2026-06-07 20:21:02
593,EMP-85399,Elizabeth,Smith,Elizabeth Smith,Non-Binary,37.0,1989-08-16,elizabeth.smith@corp.net,606-673-1299,6609 Washington Blvd,Austin,TX,usa,43376,Legal,Product Manager,David Davis,Active,Hybrid,2014-07-02,2025-02-04,4.7,BS,98790.3,13410.53,0.32,4.0,100.0,4.7,1,78,0,23,1,Needs Improvement,Bank of America,Savings,Richard Clark,450-690-4450,single,Mexican,Shift 2,Full-Time,9.0,WS-09-55,False,Blue Cross Blue Shield,High potential,2026-06-11 20:21:02
594,EMP-95537,Susan,White,Susan White,Prefer Not to Say,57.0,1968-10-11,susan.white@enterprise.org,378-134-6823,2308 Maple Rd,Denver,CO,USA,12394,Customer Support,Marketing Specialist,Elizabeth Johnson,active,REMOTE,2024-01-27,,8.0,BS,95229.26,18951.03,0.24,3.0,100.0,3.2,6,60,3,29,10,good,Bank of America,checking,Daniel Rodriguez,,MARRIED,British,Night,Full-Time,,,False,Cigna,Pending annual review,2026-06-20 20:21:02
595,EMP-28731,Jessica,Gonzalez,Jessica Gonzalez,Non-Binary,42.0,1984-10-22,jessica.gonzalez@enterprise.org,724-653-1509,5117 Maple Rd,Denver,CO,usa,94072,IT,Marketing Specialist,Barbara Johnson,On Leave,REMOTE,2020-12-05,2024-11-05,2.9,PhD,50880.0,8504.05,0.24,2.0,96.9,12.2,10,8,4,8,6,Excellent,TD Bank,checking,James Ramirez,582-922-3844,Married,British,Day,Full-Time,,,False,UnitedHealth,,2026-07-02 20:21:02
596,EMP-18123,Jessica,Martin,jessica martin,MALE,57.0,1968-11-11,jessica.martin@corp.net,406-337-3913,4666 Park Ave,Boston,MA,United States,,Product,Systems Administrator,Karen Martin,ACTIVE,hybrid,2015-11-30,2023-05-15,5.3,Masters,,4113.25,0.22,5.0,96.7,0.0,7,45,4,16,1,EXCELLENT,td bANK,Savings,Anthony Davis,867-160-7020,single,Indian,NIGHT,FT,11.0,WS-11-84,True,UnitedHealth,Pending annual review,2026-07-22 20:21:02
597,EMP-73133,Barbara,Lewis,Barbara Lewis,Non-Binary,53.0,1973-05-05,barbara.lewis@corp.net,(349) 109-3937,7537 Park Ave,Boston,MA,USA,19780,customer support,Sales Executive,Jennifer Wilson,Terminated,Remote,2018-03-26,2023-06-04,12.3,High School,83297.31,9985.51,0.32,4.0,97.3,32.4,9,72,2,24,1,Excellent,Capital One,savings,Jennifer Taylor,363-609-9820,MARRIED,American,Day,Contract,,,True,Aetna,Transferred from regional branch,2026-06-26 20:21:02
598,EMP-59925,David,Garcia,David Garcia,Male,28.0,1997-01-19,david.garcia@enterprise.org,204-680-2131,  4171 Washington Blvd,Chicago,IL,United States,79351,Sales,Accountant,David Smith,Active,Hybrid,2016-09-08,2020-11-21,23.3,Bachelor's,52936.34,6705.64,0.32,2.0,93.4,0.0,1,5,5,27,11,EXCELLENT,TD Bank,checking,Charles Miller,561-468-7796,single,Canadian,Day,Part-Time,2.0,WS-02-99,False,Aetna,Pending annual review,2026-07-05 20:21:02
599,EMP-93049, Nancy,Johnson,Nancy Johnson,female,21.0,2005-07-18,nancy.johnson@company.com,367-115-1001,4522 Park Ave,SAN ANTONIO,TX,US,62803,Customer Support,Marketing Specialist,,Active,remote,2013-11-14,,10.7,Bachelors,78022.21,4281.98,0.15,1.0,98.8,9.0,2,73,2,24,10,good,Chase,Savings,Jessica Gonzalez,295-918-5489,single,Indian,day,FT,,,False,UnitedHealth,N/A,2026-06-12 20:21:02
600,EMP-53553,Richard,Jones,Richard Jones,Non-Binary,33.0,1992-02-28,richard.jones@enterprise.org,212-899-9061,2710 Washington Blvd,Philadelphia,PA,U.S.A.,24335,Sales,Data Analyst,,Active,REMOTE,2023-03-13,2023-09-14,7.2,PhD,73521.05,5555.29,0.32,3.0,92.7,0.9,2,38,2,28,2,Needs Improvement,Wells Fargo,savings,Jessica Sanchez,642-651-1992,Single,American,Shift 1,Full-Time,,,True,Kaiser Permanente,Completed leadership onboarding,2026-06-16 20:21:02
601,EMP-33170,Susan,Taylor,susan taylor,Female,47.0,1979-07-31,susan.taylor@company.com,555-491-9830,8863 Main St,Los Angeles,ca,usa,38831,IT,Systems Administrator,Karen White,On Leave,remote,2021-03-21,2020-07-13,9.3,Bachelor's,81638.85,13675.67,0.15,4.0,99.0,2.4,8,44,0,27,11,Needs Improvement,chase,savings,Sandra Thomas,283-619-5652,Divorced,Indian,Shift 2,Full-Time,,,False,Cigna,High potential,2026-07-04 20:21:02
602,EMP-27200,Daniel,Williams,Daniel Williams,Female,44.0,1981-09-23,daniel.williams@corp.net,563-280-6956,7699 Maple Rd,San Jose,ca,usa,17128,IT,Systems Administrator,Barbara Jackson,Active,Hybrid,2022-06-08,2024-05-20,4.0,High School,92907.11,12163.86,0.22,3.0,91.8,0.0,4,53,0,28,0,Needs Improvement,capital one,checking,Jessica Clark,911-171-7609,Married,German,Day,contract,11.0,WS-11-60,False,UnitedHealth,N/A,2026-06-09 20:21:02
603,EMP-91624,Patricia,Hernandez,PATRICIA HERNANDEZ,PREFER NOT TO SAY,40.0,1985-12-22,patricia.hernandez@enterprise.org,155-235-6894,3180 Oak Ave,Houston,TX,usa,91111,Customer Support, Sales Executive,William Smith,Terminated,remote,2016-07-31,2025-08-01,12.1,High School,74327.75,10807.25,0.15,1.0,97.3,18.8,6,69,2,21,4,Excellent,TD Bank,CHECKING,Linda Smith,383-540-2015,Divorced,German,NIGHT,FT,,,True,Kaiser Permanente,Completed leadership onboarding,2026-06-25 20:21:02
604,EMP-75077,Mark,Johnson,Mark Johnson,Non-Binary,,1989-10-17,mark.johnson@corp.net,865-667-4974,  8779 Park Ave,New York,ny,usa,24887,Engineering,Software Engineer,,active,Onsite,2024-03-26,2023-09-04,5.6,Master's,81861.34,6668.64,0.15,5.0,96.5,0.0,3,65,1,21,5,EXCELLENT,Citibank,checking,,810-243-9785,Divorced,British,Day,Full-Time,4.0,WS-04-52,False,Cigna,Transferred from regional branch,2026-06-22 20:21:02
605,EMP-55288,James,White,James White,Male,31.0,1994-03-31,james.white@enterprise.org,(122) 830-1053,6222 Main St,San Diego,CA,US,86084,Marketing,HR Specialist,Daniel Martin,active,remote,2024-08-06,2022-12-22,7.1,High School,61807.95,,0.22,3.0,91.5,0.0,1,46,3,11,6,EXCELLENT,CITIBANK,checking,Anthony Clark,308-588-4361,Divorced,Mexican,Day,Part-Time,,,False,Blue Cross Blue Shield,Transferred from regional branch,2026-07-08 20:21:02
606,EMP-61035,Charles,Martinez,Charles Martinez,female,20.0,2005-11-19,charles.martinez@corp.net,665-878-2922,1883 Maple Rd,philadelphia,PA,US,40501,Human Resources,Operations Manager,Susan Harris,ACTIVE,Onsite,2014-11-20,,6.8,bachelor,40955.73,3411.73,0.22,1.0,92.7,16.0,6,3,4,28,11,satisfactory,Bank of America,checking,James Smith,351-893-9950,single,Indian,day,Contract,8.0,WS-08-15,True,Aetna,,2026-06-19 20:21:02
607,EMP-76353,Karen,Wilson,Karen Wilson,PREFER NOT TO SAY,25.0,2001-07-22,karen.wilson@company.com,(571) 130-2529,4926 Washington Blvd,San Jose,CA,United States,92693,CUSTOMER SUPPORT,Senior Developer,,Terminated,hybrid,2021-04-14,2024-07-11,2.8,BS,65255.94,9626.93,0.32,,93.2,3.0,9,67,0,10,7,Needs Improvement,Chase,Savings,Barbara Garcia,372-486-6284,Single,Indian,day,Full-Time,11.0,WS-11-67,True,Blue Cross Blue Shield,Completed leadership onboarding,2026-06-15 20:21:02
608,EMP-69813,Karen   ,Anderson,karen anderson,Non-Binary,51.0,1975-06-28,karen.anderson@corp.net,378-646-5041,8934 Washington Blvd,Houston,TX,US,70013,Finance,HR Specialist   ,James Wilson,ACTIVE,hybrid,2021-04-22,,2.3,PhD,67411.91,6441.47,0.32,,96.7,4.2,3,42,5,12,7,EXCELLENT,Bank of America,CHECKING,,182-441-6243,Single,Canadian,NIGHT,contract,8.0,WS-08-35,False,Blue Cross Blue Shield,,2026-07-11 20:21:02
609,EMP-28025,William,Thomas,William Thomas,Male,37.0,1989-04-05,william.thomas@company.com,545-238-1524,8633 Maple Rd,Dallas,tx,usa,62556,Engineering,Sales Executive,Elizabeth Wilson,Active,Onsite,2022-11-23,2023-07-20,3.8,Master's,86462.56,8422.69,0.24,2.0,86.1,16.3,8,22,4,10,9,Needs Improvement,Chase,Savings,Robert Thompson,730-377-1715,Single,American,Shift 1,Contract,2.0,WS-02-39,False,Aetna,Transferred from regional branch,2026-07-01 20:21:02
610,EMP-78893,Michael,Davis,Michael Davis,PREFER NOT TO SAY,40.0,1985-09-16,michael.davis@corp.net,541-188-1989,9187 Main St,Houston,TX,US,50914,Human Resources,Operations Manager,Robert Thomas,Active,Onsite,2020-12-10,,2.7,BS,51686.57,5783.14,0.32,1.0,95.1,0.0,1,72,0,5,0,Needs Improvement,Chase,checking,Anthony Perez,430-416-6567,Married,American,Day,Full-Time,8.0,WS-08-76,False,Cigna,Completed leadership onboarding,2026-06-17 20:21:02
611,EMP-95303,Daniel, Garcia ,Daniel Garcia,Prefer Not to Say,23.0,2002-02-27,DANIEL.GARCIA@COMPANY.COM,940-892-7551,1068 Park Ave,San Jose,ca,usa,62955,Human Resources,Data Analyst,,Active,Hybrid,2012-10-01,2024-07-25,11.9,BS,58067.08,11560.7,0.24,2.0,94.9,6.2,7,43,1,18,10,satisfactory,WELLS FARGO,checking,Michael Martinez,602-788-5315,single,American,Night,PT,6.0,WS-06-99,False,Kaiser Permanente,Transferred from regional branch,2026-07-14 20:21:02
612,EMP-57074,Karen,Lee,Karen Lee,female,47.0,1979-11-21,KAREN.LEE@ENTERPRISE.ORG,903-960-3698,6643 Maple Rd,Denver,CO,USA,12683,Marketing,HR Specialist,Jessica Anderson,Active,hybrid,2018-06-11,,5.3,BS,72664.68,7002.14,0.32,4.0,91.8,6.1,1,37,3,19,2,Good,TD Bank,savings,Lisa Rodriguez,592-253-9354,Divorced,American,day,Full-Time,7.0,WS-07-67,,Kaiser Permanente,Transferred from regional branch,2026-07-17 20:21:02
613,EMP-48216,Jennifer,Martin,Jennifer Martin,NON-BINARY,43.0,1982-05-10,jennifer.martin@corp.net,151-987-3948,6059 Washington Blvd,Phoenix,az,US,84432,Operations,Accountant,Barbara Lewis,Active,hybrid,2015-04-22,2022-07-02,16.2,Masters,97589.47,15371.15,0.15,5.0,98.4,19.8,2,30,4,15,9,satisfactory,Wells Fargo,savings,Sarah White,375-977-6343,single,Canadian,NIGHT,contract,14.0,WS-14-25,True,Blue Cross Blue Shield,High potential,2026-07-16 20:21:02
614,EMP-93543,Robert,Brown,Robert Brown,Prefer Not to Say,41.0,1984-08-10, robert.brown@corp.net ,(976) 128-8273,6689 Oak Ave,New York,NY,USA,38483,Product,Marketing Specialist,Betty Harris,Active,Remote,2021-08-02,,0.5,PhD,69422.33,4018.62,0.15,4.0,99.2,2.2,4,56,4,21,7,good,TD Bank,Savings,Karen Jackson,955-954-4197,Single,Mexican,Shift 1,Contract,,,False,Kaiser Permanente,Transferred from regional branch,2026-07-03 20:21:02
615,EMP-57490,Joseph,Thompson,Joseph Thompson,MALE,55.0,1970-12-27,joseph.thompson@corp.net,390-557-9902,6016 Maple Rd,Boston,MA,USA,35305,Human Resources,   Accountant,Jessica Hernandez,Active,REMOTE,2021-06-27,2025-03-18,7.6,Bachelors,35000.0,5963.8,0.15,2.0,87.7,18.2,10,45,4,26,12,good,Chase,checking,Patricia Lee,433-332-9400,Single,German,Shift 2,Part-Time,,,True,Blue Cross Blue Shield,N/A,2026-06-09 20:21:02
616,EMP-75004,Anthony,Lewis,Anthony Lewis,Female,47.0,1979-05-25,anthony.lewis@enterprise.org,792-725-8794,2779 Maple Rd,Philadelphia,pa,US,37054,Finance,Software Engineer,Joseph Martin,Active,Hybrid,2018-09-21,,6.2,Bachelor's,40922.57,5511.16,0.24,5.0,90.4,6.1,3,33,5,11,8,Good,Chase,Savings,Matthew Thomas,780-176-6812,Married,German,NIGHT,FT,9.0,WS-09-52,True,Aetna,,2026-06-15 20:21:02
617,EMP-14000,Michael,Williams,michael williams,Non-Binary,33.0,1993-01-17,michael.williams@company.com,802-485-1156,3943 Maple Rd,Los Angeles,ca,US,,Finance,Sales Executive,Richard Thompson,Active,remote,2020-11-08,,9.7,bachelor,80239.01,11088.42,0.24,1.0,88.7,8.7,6,78,0,30,12,satisfactory,Bank of America,Checking,Karen Sanchez,993-536-4044,single,German,Day,FT,,,True,UnitedHealth,Pending annual review,2026-06-08 20:21:02
618,EMP-70667,Linda,Clark  ,Linda Clark,Prefer Not to Say,60.0,1966-03-04,linda.clark@company.com,214-460-1920,6622 Main St,SAN DIEGO,CA,usa,17154,legal,Operations Manager,Anthony Jackson,ACTIVE,remote,2021-12-08,2022-04-10,7.2,Masters,80912.49,4437.4,0.32,1.0,87.4,4.7,2,19,1,24,8,Excellent,Chase,savings,Sarah Taylor,580-563-9833,MARRIED,Canadian,Shift 1,Part-Time,,,False,Cigna,Transferred from regional branch,2026-07-01 20:21:02
619,EMP-99988,Susan,Garcia,Susan Garcia,female,29.0,1996-02-06,susan.garcia@enterprise.org,440-704-6815,6402 Washington Blvd,NEW YORK,NY,United States,96228,Customer Support,Senior Developer,,Active,REMOTE,2016-02-04,2024-07-19,10.0,Bachelor's,49169.49,5772.84,0.24,1.0,96.5,0.0,4,13,2,23,6,satisfactory,Bank of America,CHECKING,John Sanchez,769-949-2027,MARRIED,German,Day,contract,,,True,Kaiser Permanente,,2026-06-27 20:21:02
620,EMP-16312,Elizabeth,Wilson,Elizabeth Wilson,Male,28.0,1997-08-17,elizabeth.wilson@company.com,(986) 820-2190,  9873 Main St ,San Jose,ca,U.S.A.,93950,OPERATIONS,Marketing Specialist,John Wilson,On Leave,hybrid,2020-09-19,,4.4,PhD,83839.72,14696.18,0.15,4.0,92.8,3.4,1,43,5,21,11,Good,Capital One,Checking,William Martin,596-828-6280,Married,British,Day,Full-Time,4.0,WS-04-17,False,Kaiser Permanente,,2026-06-30 20:21:02
621,EMP-89804,Susan,Garcia,Susan Garcia,Prefer Not to Say,26.0,1999-04-13,susan.garcia@corp.net,316-285-6945,2332 Washington Blvd,Los Angeles,ca,USA,44387,Finance,Product Manager,Jessica Thompson,Active,REMOTE,2019-05-05,2021-11-08,9.1,BS,99359.18,14785.45,0.24,3.0,92.4,4.6,3,11,1,21,10,EXCELLENT,cHASE,checking,Jessica Gonzalez,897-202-7072,Single,Canadian,day,PT,,,False,Aetna,Pending annual review,2026-07-22 20:21:02
622,EMP-71676,Barbara,Smith,BARBARA SMITH,Non-Binary,39.0,1986-06-03,barbara.smith@corp.net,(248) 198-4350,7185 Maple Rd,San Jose,CA,U.S.A.,31729,Legal,Accountant,James Wilson,active,hybrid,2019-04-22,2025-11-13,3.8,Masters,83031.21,6277.46,0.15,4.0,97.3,1.9,3,46,5,16,8,good,TD Bank,Savings,Betty White,123-884-8008,Married,German,NIGHT,Contract,14.0,WS-14-74,True,Kaiser Permanente,High potential,2026-07-01 20:21:02
623,EMP-27429,Anthony,Perez,Anthony Perez,Male,26.0,2000-01-18,ANTHONY.PEREZ@COMPANY.COM,(560) 865-1400,4779 Washington Blvd,Denver,CO,USA,54232,Operations,Systems Administrator,Lisa Thomas,On Leave,REMOTE,2024-01-18,2025-11-20,11.4,Master's,83172.15,6458.04,0.15,2.0,93.5,2.9,10,49,2,19,11,satisfactory,Wells Fargo,savings,Margaret Harris,925-395-6442,Divorced,Indian,Night,Part-Time,,,,Aetna,N/A,2026-06-12 20:21:02
624,EMP-43605,Nancy,Rodriguez,Nancy Rodriguez,mALE,40.0,1985-03-18,nancy.rodriguez@enterprise.org,916-767-4316,6396 Park Ave,San Jose,CA,USA,29918,human resources,Legal Counsel,Richard Smith,Active,remote,2023-05-15,,9.9,Bachelor's,102080.38,8862.61,0.15,3.0,98.4,1.6,7,22,2,25,0,satisfactory,Capital One,checking,John Jones,272-660-9662,MARRIED,German,Day,contract,,,False,Kaiser Permanente,,2026-07-06 20:21:02
625,EMP-23036,Elizabeth,Martin,Elizabeth Martin,Female,18.0,2007-01-31,elizabeth.martin@enterprise.org,(900) 888-5456,3350 Oak Ave,Houston,TX,USA,74795,Product,Legal Counsel,Linda Harris,ACTIVE,REMOTE,2013-09-13,2025-08-27,5.1,Masters,74378.82,13669.79,0.15,5.0,90.5,25.4,7,65,5,30,4,Excellent,Chase,CHECKING,Matthew Johnson,638-968-8741,Married,Mexican,Day,contract,,,True,Aetna,,2026-06-21 20:21:02
626,EMP-67771,Elizabeth ,Gonzalez,ELIZABETH GONZALEZ,Male,31.0,1994-05-24,elizabeth.gonzalez@enterprise.org,645-425-3732,2006 Washington Blvd,New York,ny,US,69444,PRODUCT, Operations Manager,Mary Smith,active,Onsite,2022-04-23,2022-01-10,4.3,Bachelor's,73608.44,13258.07,0.22,5.0,99.4,6.3,1,22,0,23,10,Needs Improvement,Chase,checking,James Williams,873-383-7359,Single,German,Night,FT,1.0,WS-01-69,False,UnitedHealth,,2026-06-30 20:21:02
627,EMP-10943,Susan,White,Susan White,fEMALE,31.0,1994-01-28,susan.white@enterprise.org,169-136-6116,   8051 Oak Ave,Boston,ma,USA,54292,Marketing,Software Engineer,Joseph Miller,active,REMOTE,2015-05-12,,,Masters,35000.0,6173.01,0.32,4.0,92.5,0.0,7,28,5,21,5,good,Wells Fargo,CHECKING,Patricia Jackson,,MARRIED,British,Day,FT,,,True,Cigna,,2026-07-08 20:21:02
628,EMP-78093,Linda,Lee,,mALE,32.0,1994-10-11,linda.lee@enterprise.org,843-835-5758,1060 Main St,San Antonio,tx,United States,94620,eNGINEERING,HR Specialist,Karen Taylor,Terminated,Onsite,2021-02-07,2021-04-04,14.9,Master's,,13147.33,0.22,4.0,96.9,0.3,1,35,3,8,6,satisfactory,Bank of America,CHECKING,Christopher Martinez,850-718-8066,MARRIED,German,NIGHT,PT,14.0,WS-14-91,,Blue Cross Blue Shield,N/A,2026-06-05 20:21:02
629,EMP-82837,Jessica,Williams,Jessica Williams,Female,32.0,1993-10-30,jessica.williams@enterprise.org,864-580-2884,5623 Oak Ave  ,Austin,TX,US,12008,engineering,Systems Administrator,James Wilson,Active,Hybrid,2022-07-21,,2.4,Masters,123200.97,14459.08,0.24,2.0,96.1,24.1,10,3,4,21,2,Good,wells fargo,CHECKING,Patricia Rodriguez,,Married,Indian,Day,FT,5.0,WS-05-24,,Aetna,N/A,2026-07-15 20:21:02
630,EMP-36496,Nancy,Perez,Nancy Perez,Non-Binary,43.0,1983-01-14,NANCY.PEREZ@COMPANY.COM,728-137-6750,1961 Washington Blvd,Denver,CO,U.S.A.,36760,IT,Operations Manager,Patricia Smith,active,REMOTE,2015-09-02,2024-09-29,27.6,Master's,35000.0,2322.71,0.32,3.0,100.0,18.3,8,48,2,19,8,Good,Citibank,Checking,Sarah Rodriguez,159-862-2273,Divorced,Canadian,day,PT,,,True,Blue Cross Blue Shield,Transferred from regional branch,2026-07-25 20:21:02
631,EMP-77455,   Susan,Brown,Susan Brown,Female,22.0,2003-01-12,susan.brown@corp.net,952-677-2930,8768 Main St,Dallas,tx,U.S.A.,34336,Marketing,Software Engineer,,On Leave,remote,2016-12-01,2022-07-10,6.5,bachelor,79983.57,,0.32,4.0,90.5,0.0,2,74,5,8,11,EXCELLENT,wells fargo,savings,Mark Brown,135-716-6799,Divorced,British,Shift 1,contract,,,,Cigna,Transferred from regional branch,2026-07-28 20:21:02
632,EMP-50554,Linda,Taylor,Linda Taylor,FEMALE,29.0,1997-10-10,linda.taylor@enterprise.org,572-739-3678,2788 Washington Blvd,San Jose,CA,United States,44664,Legal,Accountant,Christopher Martin,ACTIVE,Onsite,2019-04-28,2023-08-08,5.3,Bachelor's,99424.71,8931.71,0.24,,92.6,5.0,4,19,4,29,8,good,Citibank,CHECKING,John Lee,541-134-6803,Single,Mexican,Day,FT,13.0,WS-13-10,False,Aetna,,2026-07-07 20:21:02
633,EMP-42814,Lisa,Perez,Lisa Perez,Male,32.0,1993-10-22,lisa.perez@enterprise.org,(547) 867-3341,7657 Washington Blvd,sAN aNTONIO,tx,US,,Marketing,Legal Counsel,Margaret Harris,Active,Hybrid,2014-09-18,,9.8,Master's,60380.87,6800.93,0.22,1.0,98.8,11.3,6,75,1,17,6,Excellent,Citibank,Checking,James Moore,635-718-5399,Married,American,Day,Contract,9.0,WS-09-95,True,Cigna,High potential,2026-08-01 20:21:02
634,EMP-98843,Margaret,Rodriguez,Margaret Rodriguez,Female,45.0,1980-07-08,margaret.rodriguez@company.com,(486) 134-9931,1381 Maple Rd,San Diego,CA,United States,22279,Marketing,HR Specialist,Charles White,ACTIVE,Onsite,2018-11-07,,8.6,Bachelors,62200.16,9101.64,0.22,3.0,94.2,0.2,8,52,2,23,2,satisfactory,Citibank,savings,Sarah Sanchez,998-339-8783,Married,German,Shift 2,contract,13.0,WS-13-81,True,Aetna,N/A,2026-07-01 20:21:02
635,EMP-42646,Mary,Robinson,Mary Robinson,fEMALE,38.0,1988-04-29,mary.robinson@enterprise.org,712-114-8734,8795 Park Ave,Chicago,IL,US,87025,Legal,HR Specialist,Nancy Davis,ACTIVE,Remote,2024-02-11,,14.5,bachelor,60623.35,12084.12,0.22,2.0,98.7,4.2,5,54,4,16,3,Needs Improvement,Wells Fargo,savings,Charles Taylor,,Married,German,Shift 1,PT,,,False,Blue Cross Blue Shield,N/A,2026-06-09 20:21:02
636,EMP-98084,Anthony,Sanchez,Anthony Sanchez,Prefer Not to Say,,1983-11-27,anthony.sanchez@enterprise.org,(179) 969-3464,7268 Main St,Dallas,tx,US,30769,Operations,Support Agent,Sarah Anderson,Active,remote,2016-03-02,,9.0,High School,88900.41,5381.46,0.22,4.0,87.7,11.3,4,78,5,26,5,satisfactory,Chase,savings,Sarah Jackson,150-536-6893,Divorced,American,NIGHT,FT,,,False,Cigna,,2026-07-20 20:21:02
637,EMP-98533,Linda,Thomas,LINDA THOMAS,Non-Binary,46.0,1980-04-08,linda.thomas@enterprise.org,(724) 383-6557,3243 Washington Blvd,Dallas,tx,U.S.A.,80952,Finance,Operations Manager,Richard Johnson,Active,Hybrid,2019-04-11,,5.7,MS,57215.18,3394.91,0.32,5.0,99.8,3.3,9,69,0,17,12,EXCELLENT,td bank,Savings,Joseph White,,MARRIED,German,Day,Contract,4.0,WS-04-72,True,Kaiser Permanente,High potential,2026-07-11 20:21:02
638,EMP-51788,David,Ramirez,DAVID RAMIREZ,Prefer Not to Say,,1979-05-23,david.ramirez@corp.net,(181) 340-3095,6115 Park Ave,San Jose,ca,usa,57050,Human Resources,Product Manager,David Thomas,On Leave,Remote,2015-05-01,2020-02-14,13.2,PhD,53233.61,8686.21,0.32,1.0,88.6,0.8,4,66,5,25,12,Good,chase,savings,,541-488-2907,Single,German,Shift 1,Part-Time,,,True,Cigna,High potential,2026-07-25 20:21:02
639,EMP-48441,Elizabeth,Thompson,ELIZABETH THOMPSON,Male,21.0,2005-12-08,elizabeth.thompson@enterprise.org,440-967-6930,3221 Maple Rd,Phoenix,az,U.S.A.,33679,Customer Support,Legal Counsel,Anthony Lee,ACTIVE,REMOTE,2021-10-05,2024-03-24,6.0,High School,94931.41,16920.72,0.15,5.0,92.7,27.4,5,13,2,25,0,Excellent,Citibank,checking,Thomas Anderson,207-241-7395,MARRIED,Canadian,Shift 2,PT,,,True,Aetna,Completed leadership onboarding,2026-06-27 20:21:02
640,EMP-37300,Mark,Smith,Mark Smith,Male,33.0,1992-07-21,mark.smith@corp.net,710-131-1670,8048 Oak Ave,San Diego,CA,U.S.A.,17523,Marketing,Sales Executive,Thomas Miller,Active,hybrid,2020-04-21,,2.2,Masters,53091.98,5831.64,0.32,4.0,96.5,34.4,4,16,5,9,4,Needs Improvement,Citibank,savings,John Jackson,421-436-8398,Single,Canadian,Day,PT,5.0,WS-05-52,True,Kaiser Permanente,Completed leadership onboarding,2026-06-21 20:21:02
641,EMP-46415,Mark,Martinez,Mark Martinez,Prefer Not to Say,38.0,1987-05-04,mark.martinez@enterprise.org,536-961-9293,8609 Washington Blvd,San Jose,CA,USA,40401,Human Resources,Legal Counsel,,ACTIVE,REMOTE,2018-05-26,2023-02-26,0.5,Masters,71262.08,5554.07,0.22,3.0,86.8,0.0,9,52,0,6,9,Good,Wells Fargo,Savings,Sarah Thomas,156-567-6203,MARRIED,Canadian,day,Full-Time,,,False,Blue Cross Blue Shield,Pending annual review,2026-07-25 20:21:02
642,EMP-83249,Mark,Smith,Mark Smith,Male,,1976-10-29,mark.smith@corp.net,580-466-1481,3630 Park Ave,Los Angeles,CA,U.S.A.,52245,Legal,Product Manager,Elizabeth Harris,On Leave,Remote,2014-01-23,2025-05-16,11.9,Bachelor's,84333.42,6510.07,0.32,5.0,100.0,0.0,4,71,3,11,12,Needs Improvement,Chase,Savings,Robert White,232-410-9449,Single,Mexican,Shift 1,FT,,,False,UnitedHealth,Transferred from regional branch,2026-08-03 20:21:02
643,EMP-50999,Linda,Gonzalez,Linda Gonzalez,Non-Binary,28.0,1998-10-31,linda.gonzalez@company.com,(178) 817-3893,8417 Oak Ave,Boston,ma,US,13089,IT,Software Engineer,Betty Gonzalez,Active,hybrid,2019-12-17,,16.7,MS,93643.83,5220.85,0.22,2.0,93.8,22.6,5,1,2,8,5,satisfactory,Citibank,checking,Daniel Sanchez,533-629-7836,Single,German,Night,FT,8.0,WS-08-83,True,Aetna,Pending annual review,2026-07-08 20:21:02
644,EMP-90681,Elizabeth,Lewis  ,Elizabeth Lewis,Prefer Not to Say,35.0,1990-06-29, elizabeth.lewis@corp.net ,166-114-4502,4125 Oak Ave,Los Angeles,ca,usa,58313,Marketing,Support Agent,Mark Lewis,On Leave,hybrid,2013-06-04,,11.0,Bachelors,52911.77,8672.05,0.32,4.0,99.6,2.1,1,9,4,29,8,Needs Improvement,Bank of America,CHECKING,Mark Martin,407-795-4443,Married,British,NIGHT,Contract,14.0,WS-14-33,False,Kaiser Permanente,Completed leadership onboarding,2026-06-14 20:21:02
645,EMP-94740,James,Thomas,James Thomas,Non-Binary,32.0,1993-12-08,james.thomas@company.com,(788) 379-2445,8876 Oak Ave,Dallas,TX,US,16788,Customer Support,Support Agent,John Jones,Terminated,Onsite,2021-08-29,,2.7,Master's,99461.66,11751.39,0.22,3.0,105.0,0.0,9,34,3,14,3,Needs Improvement,Wells Fargo,Savings,Sarah Smith,360-788-1276,Married,German,Night,Full-Time,10.0,WS-10-55,True,Kaiser Permanente,,2026-06-09 20:21:02
646,EMP-54861,Nancy,Miller,Nancy Miller,Female,41.0,1984-06-11,nancy.miller@company.com,826-476-6672,8373 Maple Rd,Atlanta,GA,United States,58688,Customer Support,Product Manager,Linda Clark,Active,REMOTE,2017-06-13,2023-03-30,5.1,Bachelors,38587.93,3961.65,0.24,4.0,96.4,0.0,9,1,5,23,5,good,Bank of America,CHECKING,Linda Martin,303-112-2166,MARRIED,Indian,Shift 1,contract,,,False,Blue Cross Blue Shield,,2026-07-14 20:21:02
647,EMP-64991,Jennifer,Perez,jennifer perez,Female,18.0,2008-07-01,jennifer.perez@corp.net,154-913-1522,847 Maple Rd,aUSTIN,TX,United States,86732,Legal,Accountant,Christopher Gonzalez,Terminated,Hybrid,2022-10-07,2022-02-17,7.7,Bachelors,47633.7,6876.79,0.24,1.0,100.0,0.0,8,10,4,25,9,satisfactory,td bank,Checking,Jennifer Johnson,875-507-9000,MARRIED,German,NIGHT,Full-Time,12.0,WS-12-60,False,Cigna,High potential,2026-06-16 20:21:02
648,EMP-61420,Susan,Perez,Susan Perez,Female,47.0,1979-03-07,susan.perez@corp.net,(801) 880-4158,1411 Park Ave,New York,ny,usa,21872,IT,Software Engineer,Jessica Martinez,ACTIVE,remote,2020-06-19,2023-01-01,8.5,Bachelors,100274.13,5377.72,0.22,1.0,90.8,0.0,5,48,5,13,4,good,chase,Checking,Margaret Gonzalez,565-759-4881,single,Mexican,day,PT,,,True,Blue Cross Blue Shield,Transferred from regional branch,2026-08-01 20:21:02
649,EMP-70179,Jennifer,Sanchez,Jennifer Sanchez,Male,43.0,1983-04-13,jennifer.sanchez@enterprise.org,794-538-6423,7470 Park Ave  ,Dallas,TX,US,92369,Customer Support,Senior Developer,Matthew Thomas,Active,Onsite,2016-11-16,2025-06-01,9.0,High School,80280.4,8857.52,0.15,,100.0,0.0,5,27,0,13,9,Needs Improvement,bank of america,savings,,257-502-8677,Divorced,Indian,Shift 1,Part-Time,13.0,WS-13-88,False,Blue Cross Blue Shield,,2026-07-27 20:21:02
650,EMP-54760,John,Brown,John Brown,MALE,45.0,1981-06-03,john.brown@enterprise.org,330-801-5066,4330 Park Ave,boston,MA,USA,93527,Engineering,Senior Developer,Susan Lewis,Active,Remote,2020-03-28,2023-05-24,9.4,bachelor,41902.25,8264.63,0.32,4.0,90.2,0.1,7,66,0,5,9,Needs Improvement,Chase,savings,Susan Lewis,338-476-3108,Married,Indian,Shift 2,Part-Time,,,False,Blue Cross Blue Shield,,2026-06-06 20:21:02
651,EMP-61765,Sarah,Wilson,Sarah Wilson,NON-BINARY,42.0,1983-08-29,sarah.wilson@corp.net,296-751-8644,7626 Washington Blvd,Phoenix,AZ,US,80565,IT,Product Manager,Margaret Harris,active,REMOTE,2020-05-21,,10.5,MS,,12470.62,0.22,4.0,90.4,0.0,1,78,2,27,10,EXCELLENT,TD Bank,Checking,Barbara Lee,199-735-7225,Married,Canadian,Night,Full-Time,,,False,Cigna,Pending annual review,2026-06-28 20:21:02
652,EMP-64862,   John   ,Thompson,John Thompson,Female,27.0,1998-10-26,john.thompson@company.com,799-892-1283,1526 Maple Rd,San Antonio,TX,U.S.A.,63559,marketing,Operations Manager,Barbara Williams,Active,Hybrid,2016-06-26,,7.5,MS,77978.2,8988.37,0.32,4.0,91.6,13.4,4,36,3,9,4,satisfactory,WELLS FARGO,savings,Joseph Gonzalez,919-649-9040,Married,American,day,FT,5.0,WS-05-73,True,Kaiser Permanente,Pending annual review,2026-07-02 20:21:02
653,EMP-73310,James,Martin,James Martin,Prefer Not to Say,38.0,1988-08-26,james.martin@enterprise.org,(243) 548-8811,   5631 Park Ave  ,Atlanta,ga,United States,62746,Engineering,Data Analyst,Betty White,On Leave,remote,2019-08-26,2021-06-12,6.9,MS,55961.63,5577.18,0.32,5.0,95.4,0.0,2,31,2,27,10,Excellent,TD Bank,checking,William Lee,,Single,British,Shift 2,Contract,,,False,Blue Cross Blue Shield,,2026-07-16 20:21:02
654,EMP-80081,Joseph,Taylor,JOSEPH TAYLOR,Prefer Not to Say,40.0,1985-08-29,joseph.taylor@corp.net,900-230-5196,8894 Main St,pHILADELPHIA,PA,U.S.A.,12027,Customer Support,Marketing Specialist  ,Susan Brown,Active,Onsite,2024-12-23,2020-05-13,1.8,Masters,81683.53,9750.68,0.15,2.0,94.2,17.1,6,66,2,14,8,satisfactory,Chase,Savings,Joseph Thomas,553-601-2722,single,German,day,Contract,4.0,   WS-04-87,False,UnitedHealth,High potential,2026-08-04 20:21:02
655,EMP-96116,Michael,Smith,Michael Smith,FEMALE,37.0,1989-02-16,michael.smith@company.com,866-402-1539,4225 Maple Rd,Chicago,il,usa,64521,Operations,HR Specialist,Sandra Garcia,On Leave,Hybrid,2021-05-31,,10.3,Bachelors,66385.71,6954.46,0.15,5.0,94.3,0.0,4,0,0,15,3,good,Capital One,savings,Betty Taylor,744-264-3532,Married,American,Shift 2,Full-Time,1.0,   WS-01-79 ,True,Kaiser Permanente,,2026-06-24 20:21:02
656,EMP-61326,Jennifer,   Brown,Jennifer Brown,prefer not to say,39.0,1986-05-10,jennifer.brown@company.com,708-415-3534,3994 Maple Rd,Austin,tx,U.S.A.,61176,IT,Systems Administrator,Jessica Lee,Terminated,Hybrid,2019-11-16,2020-08-05,6.5,bachelor,44589.17,4633.64,0.24,4.0,93.8,9.5,4,33,3,25,3,satisfactory,Capital One,Checking,Mark Wilson,714-127-6736,MARRIED,Indian,Shift 1,Part-Time,1.0,WS-01-99,False,Kaiser Permanente,Transferred from regional branch,2026-08-01 20:21:02
657,EMP-98671,Betty,Clark,Betty Clark,Female,42.0,1984-09-02,betty.clark@corp.net,(436) 971-5313,2082 Washington Blvd,Atlanta,GA,U.S.A.,77282,Operations,Senior Developer,,Active,REMOTE,2015-11-28,2025-10-17,0.5,Master's,96653.82,17015.29,0.32,2.0,92.6,17.2,1,45,3,30,0,EXCELLENT,Capital One,checking,Betty Miller,773-780-6272,Married,German,day,Part-Time,,,False,UnitedHealth,Completed leadership onboarding,2026-08-03 20:21:02
658,EMP-81727,William,Wilson,,Non-Binary,18.0,2007-05-11,william.wilson@enterprise.org,(735) 761-5676,5751 Main St,Denver,co,United States,15214,Legal,Marketing Specialist,Matthew Wilson,Active,remote,2022-11-13,2023-03-22,6.4,PhD,98071.27,10586.87,0.15,5.0,92.4,4.0,10,3,4,8,12,satisfactory,chase,savings,Linda Rodriguez,414-742-2318,Divorced,Canadian,Day,contract,,,True,Blue Cross Blue Shield,N/A,2026-06-29 20:21:02
659,EMP-72486,Mark,Lopez,Mark Lopez,Female,22.0,2004-01-23,mark.lopez@enterprise.org,(621) 523-6304,6399 Maple Rd,San Antonio,TX,usa,75662,Finance,Marketing Specialist,Thomas Thomas,Active,Onsite,2013-03-16,,0.5,MS,65976.82,6669.32,0.24,4.0,97.8,4.8,9,36,2,19,0,Good,Chase,checking,Barbara Johnson,863-494-4473,single,American,Shift 2,PT,15.0,WS-15-52,True,Kaiser Permanente,,2026-07-23 20:21:02
660,EMP-80099,Christopher,Anderson,Christopher Anderson,NON-BINARY,42.0,1983-04-16,christopher.anderson@company.com,(730) 783-8540,1426 Park Ave  ,Boston,MA,USA,70395,Marketing,Marketing Specialist,James Ramirez,Active,REMOTE,2015-06-25,2022-11-23,10.3,MS,59155.82,5365.17,0.22,3.0,83.8,3.6,9,74,1,27,8,good,Chase,Checking,Daniel Robinson,592-924-8526,Divorced,Mexican,NIGHT,Full-Time,,,False,Kaiser Permanente,,2026-07-25 20:21:02
661,EMP-18826,Mark,Thompson,Mark Thompson,NON-BINARY,39.0,,mark.thompson@enterprise.org,(743) 918-9708,6118 Park Ave,Denver,CO,U.S.A.,67910,Customer Support,Data Analyst,Susan Taylor,Active,remote,2023-08-17,,10.2,Bachelor's,64803.87,9995.26,0.24,1.0,95.2,6.5,5,41,4,27,2,Excellent,Bank of America,CHECKING,Mary White,455-426-9191,Single,Indian,Night,contract,,,False,Aetna,N/A,2026-06-15 20:21:02
662,EMP-47092,Karen,Jones,Karen Jones,fEMALE,26.0,2000-10-11,KAREN.JONES@COMPANY.COM,(489) 102-8939,3501 Maple Rd,San Antonio,tx,United States,10269,Product,Accountant,Barbara Gonzalez,ACTIVE,remote,2016-01-08,2025-07-21,6.4,BS,78211.55,5020.84,0.15,3.0,95.3,0.0,6,12,3,9,10,Excellent,TD Bank,CHECKING,Barbara Johnson,862-913-6111,Married,Indian,Day,contract,,,True,Aetna,N/A,2026-07-05 20:21:02
663,EMP-30154,Mark,Garcia,Mark Garcia,female,55.0,1970-03-20, mark.garcia@company.com ,643-718-3215,4490 Main St,San Diego,CA,United States,14687,Product,Systems Administrator,David Lopez,On Leave,Remote,2023-06-02,,10.5,High School,72303.98,9651.25,0.32,3.0,91.5,1.2,1,44,5,16,7,satisfactory,Bank of America,Savings,,738-852-3060,single,American,day,contract,,,,UnitedHealth,,2026-07-12 20:21:02
664,EMP-13437,Patricia,Anderson  ,Patricia Anderson,Male,44.0,1982-02-11,patricia.anderson@enterprise.org,267-306-3772,1103 Washington Blvd,Phoenix,az,USA,18398,Engineering,Operations Manager,Betty Brown,Active,remote,2017-06-06,,8.8,Bachelor's,63269.37,12483.47,0.15,2.0,96.1,4.4,4,20,4,18,10,EXCELLENT,wells fargo,Savings,Christopher Martinez,405-239-3386,MARRIED,Canadian,Night,Contract,,,,Aetna,Completed leadership onboarding,2026-06-21 20:21:02
665,EMP-17304,James   ,Smith,James Smith,Female,18.0,2008-05-15,james.smith@corp.net,718-430-7236,3111 Park Ave,Los Angeles,CA,usa,78084,Legal,   Marketing Specialist  ,Charles Robinson,On Leave,Onsite,2018-03-03,,13.7,PhD,,4823.07,0.22,4.0,97.1,0.0,2,42,3,20,11,Excellent,CITIBANK,Savings,Susan Garcia,398-428-9932,single,Indian,Night,PT,12.0,WS-12-33,True,Aetna,High potential,2026-07-25 20:21:02
666,EMP-87857,Jennifer,Garcia,Jennifer Garcia,MALE,22.0,2003-11-30,jennifer.garcia@company.com,(248) 596-1449,1671 Maple Rd,Denver,CO,USA,32514,Finance,HR Specialist,Barbara Gonzalez,Active,REMOTE,2024-09-21,,14.9,Master's,,7374.17,0.22,2.0,93.6,0.0,4,43,4,30,11,Excellent,Bank of America,savings,Thomas Lee,473-906-2305,MARRIED,American,Shift 1,Part-Time,,,True,UnitedHealth,N/A,2026-07-12 20:21:02
667,EMP-84761,Barbara,Johnson,Barbara Johnson,fEMALE,27.0,1999-11-29,barbara.johnson@company.com,171-670-8139,6552 Washington Blvd,San Jose,CA,US,92589,Finance,Data Analyst,Linda White,ACTIVE,remote,2020-02-22,,0.5,MS,98146.93,14691.2,0.15,2.0,100.0,0.7,5,80,0,30,1,satisfactory,TD BANK,checking,Barbara White,769-410-2174,single,Indian,Shift 2,contract,,,True,Kaiser Permanente,N/A,2026-06-18 20:21:02
668,EMP-51035,Charles,Gonzalez ,Charles Gonzalez,Non-Binary,25.0,,charles.gonzalez@enterprise.org,(517) 749-2100,3503 Washington Blvd  ,Phoenix,az,USA,34912,Engineering,Sales Executive,Sandra Wilson,ACTIVE,Onsite,2020-03-10,,6.0,Bachelor's,81349.07,6341.18,0.22,4.0,93.3,0.4,8,7,3,19,10,satisfactory,TD Bank,checking,Jennifer Taylor,989-338-1606,Single,Indian,day,Full-Time,12.0,WS-12-15,True,UnitedHealth,N/A,2026-08-04 20:21:02
669,EMP-58748,Richard,Martin,Richard Martin,Prefer Not to Say,26.0,,richard.martin@enterprise.org,897-840-2011,4907 Park Ave,San Diego,ca,USA,14032,IT,Senior Developer,Elizabeth Johnson,Active,Remote,2013-08-24,,6.5,Masters,78062.04,,0.24,3.0,100.0,2.6,9,65,3,22,5,EXCELLENT,Citibank,savings,Joseph Sanchez,218-373-2900,Married,British,Day,Contract,,,,UnitedHealth,High potential,2026-07-27 20:21:02
670,EMP-70008,Jessica,   Johnson,Jessica Johnson,male,55.0,1970-06-28,jessica.johnson@enterprise.org,731-297-5313,5434 Main St,los angeles,ca,usa,75392,Customer Support,Data Analyst,Mary Thomas,Active,Remote,2015-04-07,,8.1,Bachelors,79505.28,15763.35,0.22,3.0,98.5,9.9,1,78,3,26,9,Excellent,Wells Fargo,Savings,Anthony Davis,201-788-1244,MARRIED,German,NIGHT,PT,,,True,Kaiser Permanente,High potential,2026-06-20 20:21:02
671,EMP-45243,   Matthew ,Johnson,Matthew Johnson,Male,52.0,1974-11-09,MATTHEW.JOHNSON@CORP.NET,413-850-2259,2557 Maple Rd,Philadelphia,PA,US,35128,Customer Support,HR Specialist,William Lee,Active,REMOTE,2021-09-21,2024-05-31,5.2,Masters,114797.1,,0.15,2.0,96.8,5.6,8,18,2,11,0,satisfactory,Citibank,savings,Karen Taylor,494-566-8516,Single,Indian,Day,PT,,,True,Blue Cross Blue Shield,Transferred from regional branch,2026-07-21 20:21:02
672,EMP-92975,Barbara,Williams,Barbara Williams,Male,45.0,1980-07-01,barbara.williams@company.com,948-827-7346,9760 Maple Rd,Austin,tx,United States,99025,product,Systems Administrator,Betty Wilson,On Leave,Onsite,2013-12-17,2020-03-22,10.8,Bachelors,79680.49,11451.5,0.22,4.0,93.8,7.8,1,67,3,12,12,Excellent,Bank of America,CHECKING,,500-819-7625,single,Indian,Day,contract,6.0,   WS-06-55,True,Blue Cross Blue Shield,Transferred from regional branch,2026-07-09 20:21:02
673,EMP-92016,Karen,Garcia,Karen Garcia,Male,35.0,1991-01-15, karen.garcia@enterprise.org ,394-893-2106,6529 Main St,bOSTON,ma,USA,33600,IT,Software Engineer,John Jackson,ACTIVE,REMOTE,2014-06-16,2023-06-25,13.8,High School,89644.69,11115.71,0.15,2.0,93.9,2.9,5,72,5,7,1,good,Citibank,checking,James Thompson,909-141-5572,single,British,NIGHT,Part-Time,,,True,Cigna,N/A,2026-06-23 20:21:02
674,EMP-27337,Mark,   Garcia,Mark Garcia,mALE,37.0,1989-07-22,mark.garcia@enterprise.org,308-890-6324,4760 Oak Ave,Los Angeles,ca,usa,27908,OPERATIONS,Software Engineer,Mary Harris,Active,Remote,2023-01-18,2020-01-09,14.1,bachelor,35977.96,,0.22,2.0,95.7,8.5,1,76,5,24,0,Needs Improvement,Citibank,CHECKING,Sarah Sanchez,216-510-7530,Single,Indian,Shift 2,Contract,,,False,Kaiser Permanente,High potential,2026-06-15 20:21:02
675,EMP-87329,Elizabeth,White,ELIZABETH WHITE,FEMALE,35.0,1991-04-23,ELIZABETH.WHITE@ENTERPRISE.ORG,899-763-1616,8672 Maple Rd,Chicago,il,United States,64036,Customer Support,Data Analyst,Charles Hernandez,Terminated,remote,2017-08-11,2022-06-08,7.6,PhD,105152.67,10814.07,0.15,5.0,91.5,0.0,8,52,0,30,10,Good,Wells Fargo,Savings,Nancy Perez,337-486-1606,Single,Mexican,Shift 1,FT,,,False,Cigna,Transferred from regional branch,2026-07-10 20:21:02
676,EMP-38321,Patricia,Taylor,Patricia Taylor,MALE,51.0,1974-06-19,patricia.taylor@corp.net,402-509-2284,1924 Washington Blvd,PHILADELPHIA,PA,United States,10593,IT,  Data Analyst   ,Mark Martin,ACTIVE,Remote,2018-12-18,,2.1,MS,101933.39,7096.54,0.24,3.0,92.6,3.1,5,37,5,15,0,satisfactory,Bank of America,CHECKING,Richard Miller,303-864-5157,single,Mexican,Day,PT,,,True,UnitedHealth,Transferred from regional branch,2026-08-02 20:21:02
677,EMP-28015,Karen,Thompson,Karen Thompson,Female,54.0,,karen.thompson@company.com,732-143-5775,474 Main St,Seattle,WA,usa,77582,Marketing,Accountant,William Sanchez,Active,REMOTE,2023-11-02,,13.4,Masters,60407.95,9848.66,0.22,4.0,96.8,27.9,5,18,2,5,7,Good,Bank of America,Savings,Mary Clark,464-945-1975,Single,Indian,day,FT,,,False,UnitedHealth,,2026-07-23 20:21:02
678,EMP-51770,Jessica,Sanchez,Jessica Sanchez,Male,42.0,1984-04-08,jessica.sanchez@enterprise.org,(387) 186-6837,2554 Park Ave,Denver,CO,United States,64492,Sales,Senior Developer,Daniel Rodriguez,On Leave,Hybrid,2024-03-28,,2.2,BS,60699.56,9237.17,0.32,2.0,89.9,0.0,7,3,0,20,10,Good,Chase,checking,James Lewis,162-945-3540,MARRIED,Canadian,NIGHT,Contract,15.0,WS-15-86,False,Cigna,Transferred from regional branch,2026-06-14 20:21:02
679,EMP-82988,Jessica,Thomas,,Female,18.0,2007-05-05,jessica.thomas@company.com,106-898-3092,7170 Maple Rd,Dallas,tx,US,39196,Product,Support Agent,Barbara Harris,ACTIVE,Hybrid,2012-04-23,,14.3,High School,68443.53,13384.6,0.32,3.0,93.3,5.4,5,80,1,10,10,EXCELLENT,Capital One,Checking,David Rodriguez,606-986-7516,Married,Mexican,NIGHT,contract,14.0,   WS-14-11,True,Blue Cross Blue Shield,N/A,2026-07-03 20:21:02
680,EMP-80801,David,Lewis,DAVID LEWIS,Non-Binary,41.0,1984-10-04,david.lewis@corp.net,(696) 734-8637,4528 Oak Ave,Atlanta,GA,US,17954,Sales,Legal Counsel,Elizabeth Thompson,Terminated,remote,2024-07-06,2020-07-10,9.3,PhD,71114.62,13032.23,0.22,4.0,91.2,1.1,2,44,3,22,7,Excellent,Citibank,CHECKING,John Hernandez,225-959-7613,single,Canadian,Shift 2,FT,,,True,Kaiser Permanente,Completed leadership onboarding,2026-07-31 20:21:02
681,EMP-48242,James,Thompson,James Thompson,Male,26.0,1999-05-04,james.thompson@enterprise.org,658-635-8071,8328 Oak Ave,San Diego,CA,USA,70875,fINANCE,Product Manager,Mark Robinson,On Leave,Onsite,2022-03-23,,9.7,Bachelor's,67526.76,8631.4,0.32,5.0,92.5,20.3,3,24,2,9,9,Needs Improvement,Chase,Checking,Margaret Martin,876-171-4648,Married,British,Shift 1,Contract,3.0,WS-03-46,True,UnitedHealth,N/A,2026-07-24 20:21:02
682,EMP-33688,John,Moore,JOHN MOORE,Male,,1990-04-13,john.moore@enterprise.org,219-314-2592,5223 Oak Ave,Denver,CO,US,35318,Sales,Sales Executive,Betty Davis,Active,Remote,2015-12-03,2020-12-28,11.7,BS,36812.88,3496.73,0.24,5.0,100.0,0.3,6,73,3,20,0,Excellent,Chase,savings,James Lopez,773-842-3063,Married,Canadian,Day,Full-Time,,,False,Aetna,N/A,2026-07-11 20:21:02
683,EMP-35293,Margaret,Gonzalez,Margaret Gonzalez,Female,36.0,1990-03-06,margaret.gonzalez@enterprise.org,693-619-2918,2267 Washington Blvd,New York,NY,United States,35281,Engineering,Senior Developer,William Jones,Terminated,Hybrid,2015-04-17,2021-07-28,8.2,Bachelor's,61466.58,4686.09,0.22,3.0,100.0,0.4,3,7,4,23,11,Excellent,Capital One,Checking,Patricia Jones,320-623-3474,MARRIED,Mexican,Night,PT,13.0,WS-13-86,True,Blue Cross Blue Shield,Completed leadership onboarding,2026-06-22 20:21:02
684,EMP-58175,Karen,Lopez,Karen Lopez,Male,20.0,2006-06-10,karen.lopez@company.com,106-985-6353, 8632 Main St,Austin,tx,usa,45940,Marketing,Sales Executive,Michael Garcia,Active,Onsite,2019-09-19,,15.5,BS,75826.51,12419.37,0.15,5.0,97.2,3.2,1,77,0,12,6,Good,Chase,savings,David Thompson,118-961-7039,Divorced,Mexican,NIGHT,Part-Time,13.0, WS-13-60 ,False,Blue Cross Blue Shield,High potential,2026-07-14 20:21:02
685,EMP-96721,Michael,White,Michael White,Non-Binary,27.0,1999-11-02,michael.white@corp.net,(697) 523-1546,5978 Oak Ave,Los Angeles,CA,USA,55074,Finance,Systems Administrator,Sarah Moore,Terminated,hybrid,2024-02-06,,12.7,PhD,70165.01,7842.36,0.24,3.0,98.9,8.0,10,26,1,27,4,EXCELLENT,Wells Fargo,savings,Matthew Sanchez,900-396-2634,MARRIED,Canadian,Shift 1,Part-Time,10.0,WS-10-22,True,Kaiser Permanente,High potential,2026-06-13 20:21:02
686,EMP-62478,Jessica,Anderson,Jessica Anderson,Male,37.0,1988-12-06,jessica.anderson@enterprise.org,(293) 720-5266,8801 Park Ave,Chicago,il,U.S.A.,52803,Operations,Sales Executive,Margaret Miller,active,REMOTE,2013-01-04,,,PhD,83645.26,13611.47,0.24,5.0,97.4,2.5,5,66,2,11,11,EXCELLENT,Citibank,savings,Sarah Williams,362-122-6719,Single,British,Day,Contract,,,True,Kaiser Permanente,High potential,2026-06-11 20:21:02
687,EMP-60631,John,   Thomas  ,JOHN THOMAS,Female,44.0,1982-06-03,john.thomas@company.com,269-425-6354,5395 Maple Rd,Atlanta,GA,United States,45594,Finance,Senior Developer,Matthew White,Terminated,remote,2013-05-16,,5.3,bachelor,35290.78,2405.9,0.24,1.0,91.9,0.0,5,65,1,10,4,satisfactory,Chase,checking,Sandra Harris,793-521-2251,single,Indian,NIGHT,PT,,,False,Blue Cross Blue Shield,,2026-07-22 20:21:02
688,EMP-38737,Daniel,Smith,Daniel Smith,Non-Binary,44.0,1982-04-21,daniel.smith@company.com,296-497-9272,6540 Oak Ave,PHOENIX,az,US,,Legal,Operations Manager,David Miller,active,hybrid,2024-10-24,2020-02-25,4.1,Master's,,12301.12,0.24,2.0,91.7,5.8,7,19,2,19,7,Excellent,chase,CHECKING,Jessica Garcia,225-151-7106,Divorced,German,Shift 2,PT,9.0,WS-09-20,False,UnitedHealth,Transferred from regional branch,2026-06-15 20:21:02
689,EMP-58241,Jennifer,Martin,jENNIFER mARTIN,PREFER NOT TO SAY,27.0,1998-05-25,jennifer.martin@corp.net,(647) 161-3655,2923 Washington Blvd,New York,NY,usa,23941,Marketing,  HR Specialist ,Linda Brown,active,remote,2015-01-28,2022-07-19,0.5,Bachelors,50251.47,4627.87,0.15,1.0,95.5,0.0,5,39,1,7,4,Excellent,Citibank,CHECKING,Nancy Ramirez,968-480-6502,MARRIED,Canadian,NIGHT,Part-Time,,,False,Blue Cross Blue Shield,Completed leadership onboarding,2026-08-01 20:21:02
690,EMP-50078,Charles,Anderson,Charles Anderson,Prefer Not to Say,51.0,1975-11-19, charles.anderson@corp.net ,(115) 974-8337,6331 Washington Blvd,Seattle,wa,U.S.A.,68618,Marketing,Support Agent,Mary Anderson,Active,REMOTE,2018-05-04,2020-07-14,9.6,Master's,62869.93,4351.89,0.22,4.0,97.3,1.6,3,16,5,16,9,satisfactory,Bank of America,Savings,Michael Harris,927-411-4805,single,American,Shift 2,FT,,,False,UnitedHealth,,2026-08-02 20:21:02
691,EMP-73928,Patricia,Brown,Patricia Brown,Male,29.0,1997-05-20,PATRICIA.BROWN@ENTERPRISE.ORG,606-220-6275,271 Oak Ave,Austin,TX,usa,27069,Finance,Marketing Specialist,Thomas Moore,Active,hybrid,2020-06-09,2022-04-25,1.3,Masters,108961.86,14460.7,0.15,5.0,90.7,0.6,2,8,3,21,4,satisfactory,Wells Fargo,Checking,Robert White,366-892-9338,Married,British,Shift 1,Part-Time,8.0,WS-08-87,False,Blue Cross Blue Shield,N/A,2026-06-17 20:21:02
692,EMP-62067,Margaret,White,Margaret White,Female,37.0,1989-10-22,margaret.white@enterprise.org,630-858-5778,4070 Main St,Philadelphia,PA,United States,78153,Product,Marketing Specialist,Michael Sanchez,ACTIVE,hybrid,2019-11-22,,5.9,PhD,56085.08,3055.78,0.15,4.0,98.0,10.3,6,43,1,5,0,EXCELLENT,Citibank,checking,Patricia Jones,459-701-3873,Married,Mexican,NIGHT,PT,6.0,WS-06-58,True,UnitedHealth,N/A,2026-06-24 20:21:02
693,EMP-92113,Jennifer,Hernandez,Jennifer Hernandez,Non-Binary,43.0,1983-10-28,jennifer.hernandez@company.com,(415) 258-9278,2183 Main St,sEATTLE,wa,United States,10462,IT,Product Manager,David Garcia,active,hybrid,2014-05-25,2025-10-04,6.4,Bachelors,68749.68,8092.69,0.22,,98.1,2.6,2,73,2,17,11,Needs Improvement,Bank of America,Checking,,845-455-1682,MARRIED,Indian,NIGHT,Full-Time,11.0,WS-11-52,False,UnitedHealth,Pending annual review,2026-07-19 20:21:02
694,EMP-86070, Sandra   ,Rodriguez,Sandra Rodriguez,Prefer Not to Say,23.0,2003-02-26,SANDRA.RODRIGUEZ@COMPANY.COM,950-577-6161,  9546 Washington Blvd,Los Angeles,CA,United States,45469,Marketing,HR Specialist,,Active,Remote,2013-10-06,2020-07-04,5.5,PhD,94506.25,6758.25,0.24,5.0,97.6,11.2,5,21,4,28,6,EXCELLENT,Chase,savings,Mark Thompson,783-987-9680,Married,Mexican,day,Full-Time,,,True,Aetna,High potential,2026-07-24 20:21:02
695,EMP-86091,Robert,Miller,rOBERT mILLER,Prefer Not to Say,34.0,1991-10-21,robert.miller@company.com,(385) 663-7539,2874 Washington Blvd,Dallas,tx,USA,58028,sALES,Operations Manager,Nancy Jackson,Active,Remote,2014-09-16,2023-05-04,13.9,Bachelor's,84635.67,12009.68,0.15,3.0,91.5,0.0,10,54,5,29,10,satisfactory,Wells Fargo,Checking,,915-371-4250,Single,Canadian,day,contract,,,False,Blue Cross Blue Shield,,2026-06-16 20:21:02
696,EMP-32069,Linda,Anderson,Linda Anderson,Non-Binary,52.0,1973-01-10, linda.anderson@enterprise.org ,514-427-7437,8049 Park Ave   ,Seattle,WA,usa,54143,Customer Support,HR Specialist,Jennifer Sanchez,Active,remote,2018-07-13,2021-08-20,2.3,BS,67465.99,5870.51,0.32,3.0,94.0,49.0,2,62,3,16,10,good,Bank of America,checking,Betty Robinson,960-633-9527,Married,Indian,Shift 2,Full-Time,,,False,Aetna,Pending annual review,2026-07-17 20:21:02
697,EMP-16245,Thomas,Miller,Thomas Miller,Male,46.0,1979-07-06,thomas.miller@enterprise.org,655-122-8886,513 Main St,San Jose,CA,USA,28759,customer support,Accountant,,On Leave,Onsite,2015-06-26,2022-08-19,17.1,PhD,66806.27,5994.5,0.22,4.0,98.6,6.3,10,29,4,10,10,Excellent,TD Bank,CHECKING,Karen Rodriguez,435-366-3585,single,German,Night,PT,4.0,WS-04-41,True,UnitedHealth,High potential,2026-07-24 20:21:02
698,EMP-77510,John,Sanchez,JOHN SANCHEZ,Prefer Not to Say,24.0,2001-01-27, john.sanchez@corp.net ,841-163-5305,7269 Oak Ave,New York,ny,United States,49601,Finance,Sales Executive,Robert Gonzalez,active,Remote,2022-11-11,,16.8,Bachelor's,38278.56,7636.59,0.24,1.0,91.1,8.3,4,23,4,19,4,Good,CHASE,savings,David Clark,899-900-2122,MARRIED,Indian,Night,Contract,,,False,Aetna,Pending annual review,2026-07-08 20:21:02
699,EMP-10609,Lisa,Hernandez,Lisa Hernandez,Prefer Not to Say,34.0,1992-05-05, LISA.HERNANDEZ@CORP.NET ,237-774-1062,9651 Main St,San Diego,CA,USA,62378,Customer Support,Support Agent,Susan Jackson,active,REMOTE,2019-08-19,2020-09-16,10.2,PhD,78703.51,14207.34,0.24,3.0,97.1,17.3,10,48,3,23,7,good,Chase,Savings,Michael Gonzalez,413-685-6692,Divorced,Canadian,Shift 2,contract,,,True,Aetna,Completed leadership onboarding,2026-07-26 20:21:02
700,EMP-48896,Karen,Brown,Karen Brown,Prefer Not to Say,52.0,1973-10-07,KAREN.BROWN@COMPANY.COM,761-210-8857,562 Oak Ave,Houston,tx,U.S.A.,36739,CUSTOMER SUPPORT,Systems Administrator,Sandra Lopez,ACTIVE,REMOTE,2019-05-02,,9.5,bachelor,88268.95,5752.33,0.22,3.0,91.4,2.9,4,37,1,7,11,good,Chase,Checking,Mark Gonzalez,925-300-6705,Single,German,Shift 1,Contract,,,True,Kaiser Permanente,Pending annual review,2026-07-29 20:21:02
701,EMP-73539,Margaret,Wilson,mARGARET wILSON,Prefer Not to Say,47.0,1979-10-23,margaret.wilson@corp.net,277-624-5974,9486 Main St,Philadelphia,PA,usa,97006,Human Resources,Marketing Specialist,Michael Brown,Active,Remote,2021-05-19,,10.3,High School,98669.87,6576.04,0.32,3.0,89.1,0.0,1,40,2,12,3,good,td bank,Savings,Richard Thomas,610-817-5254,single,Mexican,Shift 1,Part-Time,,,True,Cigna,Transferred from regional branch,2026-06-27 20:21:02
702,EMP-49659,Betty,Smith,bETTY sMITH,Prefer Not to Say,54.0,1971-02-23,betty.smith@corp.net,(874) 208-7177,5236 Park Ave,Atlanta,GA,usa,43796,sales,Data Analyst,Robert Lee,Active,Onsite,2022-02-28,2023-08-29,15.6,Masters,89712.44,5869.08,0.22,5.0,100.0,0.0,4,77,3,9,6,good,Wells Fargo,savings,Susan Clark,158-695-5821,Married,British,NIGHT,Full-Time,10.0,WS-10-55,False,Blue Cross Blue Shield,Pending annual review,2026-06-24 20:21:02
703,EMP-52221,Jennifer,Taylor,Jennifer Taylor,Prefer Not to Say,21.0,2004-11-12,jennifer.taylor@enterprise.org,692-210-8589,6030 Park Ave,Atlanta,GA,U.S.A.,96182,Finance,Systems Administrator,William Davis,On Leave,Remote,2021-06-10,2025-08-20,5.4,Bachelor's,60293.93,4062.68,0.24,2.0,98.6,11.8,6,24,4,13,5,EXCELLENT,Citibank,CHECKING,Karen Hernandez,773-231-5319,Married,American,day,PT,,,False,Kaiser Permanente,N/A,2026-06-25 20:21:02
704,EMP-46269,Patricia,Anderson,Patricia Anderson,female,44.0,1982-12-23,patricia.anderson@company.com,994-995-1543,5200 Oak Ave,San Jose,CA,United States,57281,Engineering,Sales Executive,Nancy Thompson,ACTIVE,remote,2012-06-10,,1.4,PhD,58835.63,11183.95,0.22,1.0,98.5,0.6,8,73,4,20,5,EXCELLENT,TD Bank,CHECKING,James Gonzalez,462-884-2613,Divorced,American,Shift 2,Part-Time,,,True,Cigna,High potential,2026-08-02 20:21:02
705,EMP-45644,Patricia,Thompson,Patricia Thompson,female,40.0,1985-11-22, patricia.thompson@corp.net ,(804) 464-1733,4306 Washington Blvd,Los Angeles,ca,usa,84998,Customer Support,Sales Executive,Jessica Taylor,Terminated,Onsite,2017-08-30,2025-07-18,3.1,Masters,58062.98,10987.81,0.22,4.0,100.0,6.5,9,69,2,28,6,Good,Chase,Checking,Michael Thompson,304-910-1869,Divorced,American,Night,Full-Time,2.0,WS-02-64,False,UnitedHealth,Completed leadership onboarding,2026-07-19 20:21:02
706,EMP-86238,Mary,Miller,Mary Miller,Male,35.0,1991-10-03,mary.miller@company.com,(868) 825-1695,1919 Park Ave,Denver,CO,usa,29904,Human Resources,Data Analyst,Nancy Smith,ACTIVE,Remote,2024-10-05,,10.7,High School,68664.7,8184.55,0.15,1.0,94.9,0.9,1,19,1,22,8,Excellent,Citibank,savings,Sandra Smith,243-916-6830,Divorced,Canadian,Shift 1,FT,,,False,Blue Cross Blue Shield,High potential,2026-06-22 20:21:02
707,EMP-34806,Barbara,Martinez,Barbara Martinez,PREFER NOT TO SAY,27.0,1999-11-11,barbara.martinez@corp.net,(330) 172-8780,   264 Park Ave,Austin,tx,US,98458,lEGAL,Support Agent,Karen Hernandez,ACTIVE,Onsite,2012-07-20,,17.6,bachelor,49390.89,9283.1,0.32,3.0,95.9,0.0,1,22,5,14,9,good,Citibank,CHECKING,Daniel Garcia,670-470-9975,Divorced,German,Night,Full-Time,2.0,WS-02-10,True,UnitedHealth,Completed leadership onboarding,2026-06-16 20:21:02
708,EMP-50393,Sarah,Ramirez,,non-binary,48.0,1978-12-09,sarah.ramirez@enterprise.org,(205) 839-8406,5742 Maple Rd,San Diego,CA,United States,92197,Operations, Data Analyst,William Brown,Active,hybrid,2022-12-01,,1.7,Bachelors,78694.21,14665.85,0.32,2.0,99.7,8.3,6,14,1,18,3,good,Chase,savings,Matthew Martin,770-862-4466,Single,Canadian,Night,Contract,2.0,WS-02-69,False,Kaiser Permanente,Transferred from regional branch,2026-06-08 20:21:02
709,EMP-31526,Jessica,Martinez,Jessica Martinez,Female,30.0,1996-02-12,JESSICA.MARTINEZ@ENTERPRISE.ORG,(842) 433-1538,1330 Maple Rd,San Jose,CA,US,37268,Product,Product Manager,Sandra Thompson,Active,Hybrid,2021-05-12,2025-09-11,8.0,MS,78926.09,15727.72,0.24,3.0,91.0,0.0,2,71,3,16,0,good,Citibank,CHECKING,Susan Robinson,445-168-2629,Single,British,day,Part-Time,14.0,WS-14-52,,Aetna,,2026-06-26 20:21:02
710,EMP-75472, Karen  ,Lopez,karen lopez,pREFER nOT TO sAY,44.0,1981-07-07,karen.lopez@company.com,(575) 438-1000,2687 Oak Ave,Boston,MA,USA,24405,Marketing,HR Specialist,Nancy White,ACTIVE,remote,2015-01-06,2024-03-28,6.8,Bachelor's,53647.3,5045.35,0.32,1.0,93.6,12.5,6,35,2,29,12,Needs Improvement,Capital One,CHECKING,David Davis,986-332-6431,Divorced,Mexican,day,contract,,,True,UnitedHealth,Pending annual review,2026-06-06 20:21:02
711,EMP-94558,Christopher,Martin,Christopher Martin,non-binary,40.0,1986-08-09,christopher.martin@company.com,688-568-5086,7034 Oak Ave,DENVER,co,U.S.A.,13336,IT,Software Engineer,James Martinez,active,Hybrid,2020-09-25,2021-02-21,0.5,PhD,87064.95,16918.63,0.24,5.0,96.5,0.0,5,45,4,28,4,Excellent,chase,checking,Jennifer Smith,401-933-2471,Married,Mexican,NIGHT,FT,6.0,WS-06-44,False,Aetna,N/A,2026-06-20 20:21:02
712,EMP-58924,Elizabeth,Brown,Elizabeth Brown,Prefer Not to Say,44.0,1982-04-23,elizabeth.brown@enterprise.org,130-978-7585,1947 Oak Ave,Los Angeles,CA,US,23182,Operations,Legal Counsel,Betty Martin,active,Hybrid,2020-03-04,2021-10-17,13.3,Bachelors,82352.4,11319.66,0.22,4.0,95.7,3.5,7,72,5,26,4,Needs Improvement,Chase,Checking,Betty Taylor,,Married,German,Night,Contract,14.0,WS-14-19,True,UnitedHealth,N/A,2026-06-20 20:21:02
713,EMP-60297,Charles,Brown,Charles Brown,Non-Binary,44.0,1982-10-13,charles.brown@company.com,811-838-5400,7858 Park Ave,San Jose,ca,U.S.A.,10356,OPERATIONS,Systems Administrator,Daniel Perez,ACTIVE,Remote,2017-03-29,2023-08-27,2.3,BS,99252.16,6358.52,0.24,1.0,100.0,0.2,2,18,3,21,7,Needs Improvement,Citibank,CHECKING,Jessica Harris,761-141-9399,Married,German,Night,Part-Time,,,True,Aetna,Pending annual review,2026-07-16 20:21:02
714,EMP-46952,Thomas,Martinez,THOMAS MARTINEZ,Prefer Not to Say,28.0,1998-07-30,thomas.martinez@enterprise.org,135-920-5766,   9786 Main St,Chicago,IL,U.S.A.,48621,Sales,Product Manager   ,Anthony Davis,active,Onsite,2017-05-08,2023-02-03,13.9,Bachelors,88308.34,16200.78,0.24,4.0,100.0,4.2,2,63,1,12,3,Good,CAPITAL ONE,savings,Thomas Garcia,148-183-6483,MARRIED,German,Shift 2,PT,7.0,WS-07-80,False,Blue Cross Blue Shield,High potential,2026-07-07 20:21:02
715,EMP-11139,Christopher,Johnson,christopher johnson,Prefer Not to Say,30.0,1996-10-13,christopher.johnson@company.com,(874) 812-5017,1818 Oak Ave,Atlanta,ga,USA,89395,IT,Operations Manager,Charles Williams,Terminated,Hybrid,2023-05-30,2022-11-16,9.4,Masters,105702.97,12248.51,0.32,2.0,91.7,0.0,5,39,1,26,1,good,Wells Fargo,CHECKING,,369-932-7295,Divorced,British,Shift 1,Contract,7.0,WS-07-98,False,Blue Cross Blue Shield,N/A,2026-07-25 20:21:02
716,EMP-51559,Robert,Thompson,Robert Thompson,Non-Binary,34.0,1992-07-27,robert.thompson@company.com,671-400-3543,7257 Park Ave,Los Angeles,CA,United States,75437,Operations,Accountant,Jessica Lewis,ACTIVE,remote,2014-09-26,2022-10-26,9.4,BS,49049.81,3660.35,0.15,2.0,91.2,0.0,2,23,2,20,2,Excellent,Bank of America,savings,,404-170-8913,single,American,NIGHT,Full-Time,,,False,Aetna,Transferred from regional branch,2026-06-27 20:21:02
717,EMP-83013,Nancy,Lee,Nancy Lee,NON-BINARY,38.0,1988-06-27,NANCY.LEE@CORP.NET,798-659-3936,8741 Park Ave,San Antonio,tx,USA,58438,Engineering,Sales Executive,Charles Thompson,Terminated,hybrid,2014-02-03,2021-02-12,6.5,Masters,87168.16,5928.81,0.22,3.0,100.0,0.9,4,25,5,23,11,satisfactory,Wells Fargo,checking,Michael Miller,793-564-2618,single,Canadian,NIGHT,Full-Time,5.0,WS-05-16,True,Aetna,N/A,2026-06-13 20:21:02
718,EMP-92135,Matthew,Clark,MATTHEW CLARK,pREFER nOT TO sAY,18.0,2007-08-15,matthew.clark@corp.net,780-609-3796,565 Washington Blvd,Phoenix,AZ,U.S.A.,27742,Finance,Operations Manager,Charles Wilson,Active,Onsite,2015-04-15,,12.4,High School,43770.14,6515.48,0.22,3.0,100.0,0.0,1,56,3,23,9,satisfactory,Chase,CHECKING,Michael Williams,892-679-8594,MARRIED,British,Day,FT,7.0,WS-07-55,True,Kaiser Permanente,,2026-08-03 20:21:02
719,EMP-28864,Joseph,Anderson,Joseph Anderson,PREFER NOT TO SAY,34.0,1992-01-12,joseph.anderson@company.com,650-457-8724,3979 Park Ave,Boston,MA,usa,69117,Human Resources,Sales Executive,Betty Gonzalez,Active,Remote,2014-05-27,,6.9,High School,62445.32,6935.0,0.32,2.0,93.6,0.0,9,4,5,11,12,satisfactory,chase,savings,Robert Davis,471-137-7284,Divorced,Mexican,NIGHT,Part-Time,,,False,Aetna,Transferred from regional branch,2026-07-17 20:21:02
720,EMP-61552,David,Clark,David Clark,Male,52.0,1974-01-15, david.clark@corp.net ,330-463-5622,4288 Washington Blvd,Chicago,il,United States,60328,Finance,Senior Developer,John Thomas,On Leave,REMOTE,2012-04-07,,0.5,Master's,100539.31,16430.06,0.22,1.0,96.7,0.0,3,46,2,24,7,Needs Improvement,Chase,Savings,Jessica Williams,770-507-1655,Married,British,day,PT,,,False,Aetna,High potential,2026-08-02 20:21:02
721,EMP-26103,Barbara,Gonzalez,Barbara Gonzalez,Female,25.0,2001-10-16,barbara.gonzalez@corp.net,(195) 455-1375,1096 Park Ave,Austin,tx,usa,,Operations,Legal Counsel,Barbara Lewis,Terminated,hybrid,2017-01-12,2023-08-06,2.6,High School,108527.86,17888.56,0.32,3.0,90.3,11.5,10,7,5,29,4,Excellent,Citibank,savings,David Gonzalez,699-606-9650,single,Mexican,NIGHT,FT,15.0,WS-15-71,False,Kaiser Permanente,High potential,2026-08-04 20:21:02
722,EMP-81215,Betty,Gonzalez,Betty Gonzalez,Non-Binary,30.0,1996-09-08,betty.gonzalez@corp.net,(593) 172-3528,432 Main St,San Diego,ca,USA,91617,Customer Support,Systems Administrator,David Williams,Terminated,remote,2019-11-14,2024-02-09,6.0,BS,56661.45,8938.3,0.22,1.0,96.6,8.6,2,79,3,10,11,Needs Improvement,TD Bank,Checking,Michael Wilson,643-114-7350,Married,Canadian,NIGHT,contract,,,False,Blue Cross Blue Shield,,2026-08-02 20:21:02
723,EMP-42561,Daniel  ,Thomas,Daniel Thomas,Prefer Not to Say,49.0,1976-08-09,daniel.thomas@company.com,558-453-3775,806 Main St,San Diego,CA,USA,93527,Legal, Software Engineer,Michael Jones,ACTIVE,hybrid,2020-12-06,,13.3,High School,,5486.34,0.24,2.0,96.8,6.9,1,12,0,9,12,Excellent,Bank of America,Savings,Daniel Gonzalez,323-994-1685,Single,American,Day,PT,15.0,WS-15-18,True,Kaiser Permanente,,2026-07-06 20:21:02
724,EMP-67195,Karen,Taylor,Karen Taylor,Non-Binary,45.0,1981-03-11,karen.taylor@company.com,681-490-5215,5496 Park Ave,dENVER,CO,U.S.A.,25930,FINANCE,  Product Manager,Elizabeth Sanchez,On Leave,Hybrid,2019-05-01,,15.2,Masters,65809.02,4837.11,0.22,3.0,86.3,9.6,6,59,2,24,5,EXCELLENT,Bank of America,checking,Christopher Harris,320-350-7140,Single,German,Shift 2,contract,6.0,WS-06-46,False,Aetna,,2026-07-30 20:21:02
725,EMP-37047,Karen,Sanchez  ,Karen Sanchez,Prefer Not to Say,34.0,1991-06-21, karen.sanchez@corp.net ,729-163-1719,3874 Main St,Atlanta,ga,usa,60684,Legal,Support Agent,Richard Johnson,active,hybrid,2021-09-26,2023-07-01,10.1,Bachelor's,73921.9,10764.17,0.32,1.0,90.1,8.8,6,32,2,25,8,Good,TD Bank,savings,Barbara Anderson,220-351-8376,Married,British,Night,FT,9.0,WS-09-84,True,Cigna,Pending annual review,2026-06-15 20:21:02
726,EMP-32744,Margaret,Anderson,Margaret Anderson,NON-BINARY,29.0,1997-08-31,margaret.anderson@enterprise.org,381-763-1960,2644 Main St,Houston,tx,USA,40628,Customer Support,Operations Manager,Mark Robinson,Terminated,Remote,2016-10-27,,8.4,Master's,98609.82,8160.4,0.22,2.0,100.0,2.7,7,46,3,26,5,Good,Capital One,Savings,Nancy Smith,,Married,Canadian,NIGHT,FT,,,False,Kaiser Permanente,High potential,2026-06-22 20:21:02
727,EMP-69891,Jessica,Smith,Jessica Smith,Male,49.0,1976-08-04,jessica.smith@company.com,(466) 658-8580,9551 Main St,Atlanta,GA,USA,88661,customer support,Product Manager,Karen Harris,Active,Onsite,2020-04-24,,10.4,High School,74951.92,4446.0,0.24,3.0,92.1,11.7,4,17,0,26,6,Good,Citibank,Savings,Joseph Lee,293-666-1139,MARRIED,Canadian,Shift 2,Part-Time,15.0,WS-15-31,False,Aetna,Completed leadership onboarding,2026-07-30 20:21:02
728,EMP-50553,Linda,Williams,Linda Williams,Prefer Not to Say,29.0,1996-09-29,linda.williams@company.com,(326) 131-7166,1935 Maple Rd,Austin,tx,usa,76350,Operations,Data Analyst,Elizabeth Thompson,ACTIVE,REMOTE,2019-01-07,2020-07-28,2.6,Masters,91726.57,8157.68,0.24,4.0,96.2,16.6,10,61,1,25,4,Good,Capital One,CHECKING,Sarah Jackson,291-916-5714,Divorced,American,NIGHT,contract,,,False,Blue Cross Blue Shield,High potential,2026-06-25 20:21:02
729,EMP-87535,Karen,Gonzalez,Karen Gonzalez,Non-Binary,53.0,1973-08-02,karen.gonzalez@corp.net,659-489-7296,2995 Oak Ave,aTLANTA,GA,U.S.A.,54355,engineering,Systems Administrator,Robert Lee,Active,Remote,2019-07-04,2022-01-20,10.9,Master's,102991.89,8334.29,0.32,2.0,88.3,0.0,6,67,5,20,12,EXCELLENT,Chase,Checking,Lisa Clark,555-459-2997,Married,British,day,Part-Time,,,False,UnitedHealth,Transferred from regional branch,2026-07-28 20:21:02
730,EMP-54158,John,Hernandez,John Hernandez,prefer not to say,24.0,2001-08-25,john.hernandez@corp.net,785-625-2373,8923 Oak Ave,atlanta,GA,US,30846,Legal,Support Agent,Michael Perez,active,Onsite,2021-08-27,,7.3,BS,85055.69,9620.21,0.32,5.0,100.0,4.4,6,13,2,12,6,satisfactory,Citibank,Checking,Daniel Jackson,866-462-1591,single,Mexican,day,Full-Time,11.0,  WS-11-92   ,False,Kaiser Permanente,N/A,2026-07-09 20:21:02
731,EMP-47438,Anthony, Jackson,Anthony Jackson,Non-Binary,,1992-02-01, ANTHONY.JACKSON@COMPANY.COM ,772-903-1160,2881 Oak Ave,Seattle,WA,United States,26043,fINANCE,  Systems Administrator,Daniel Lewis,On Leave,hybrid,2017-05-23,2025-10-12,7.2,Bachelor's,90323.92,8458.54,0.24,3.0,100.0,0.0,8,37,2,26,12,good,TD Bank,checking,Patricia Lee,530-941-6674,MARRIED,Canadian,Day,FT,4.0,WS-04-35,False,Aetna,Completed leadership onboarding,2026-08-02 20:21:02
732,EMP-53583,Joseph,White,Joseph White,Male,50.0,,joseph.white@corp.net,(495) 689-6851,7088 Main St,New York,NY,United States,65163,Product,Senior Developer,Richard Harris,On Leave,Hybrid,2014-05-28,2022-11-29,2.1,Masters,,16861.38,0.32,5.0,92.1,6.1,7,6,0,5,1,Needs Improvement,TD Bank,Checking,Mark Taylor,496-747-4550,MARRIED,American,day,Part-Time,12.0,WS-12-96,True,Kaiser Permanente,High potential,2026-06-29 20:21:02
733,EMP-38886,Sarah,Clark,Sarah Clark,female,44.0,1981-04-10,sarah.clark@company.com,108-205-9379,5333 Oak Ave,New York,NY,usa,27192,human resources,Legal Counsel,Jennifer Taylor,active,remote,2021-10-15,,7.3,PhD,64612.07,5177.84,0.32,3.0,93.3,8.8,8,54,1,30,12,Good,Wells Fargo,savings,Susan Perez,195-982-9497,Divorced,Indian,Shift 2,contract,,,False,Aetna,Transferred from regional branch,2026-07-25 20:21:02
734,EMP-71446,Patricia,Harris,Patricia Harris,Male,37.0,1988-07-18, patricia.harris@company.com ,(511) 112-8756,7324 Maple Rd,Phoenix,AZ,U.S.A.,94636,Product,Marketing Specialist,Sarah Jones,active,remote,2016-11-18,2021-12-25,9.7,BS,71372.29,13262.72,0.32,4.0,92.5,7.1,1,27,0,15,1,Excellent,Wells Fargo,savings,Barbara Johnson,778-525-6295,MARRIED,Mexican,Shift 2,contract,,,True,UnitedHealth,N/A,2026-07-04 20:21:02
735,EMP-20251,Linda,Martinez,Linda Martinez,Female,42.0,1983-01-27,linda.martinez@enterprise.org,735-556-7907,798 Washington Blvd,Boston,MA,United States,92807,Marketing,Accountant,Richard Anderson,On Leave,remote,2017-09-27,,3.1,High School,51933.35,7157.01,0.15,5.0,86.6,1.2,4,35,0,24,11,Excellent,Wells Fargo,CHECKING,Jennifer Thomas,216-597-4245,Married,American,Night,Full-Time,,,True,Cigna,N/A,2026-06-21 20:21:02
736,EMP-57138,Patricia,Clark,Patricia Clark,Prefer Not to Say,35.0,1991-04-24,patricia.clark@corp.net,821-842-9054, 7916 Main St,San Jose,CA,U.S.A.,88855,PRODUCT,Operations Manager ,Margaret Davis,Terminated,Hybrid,2014-02-28,,12.8,bachelor,106669.55,17524.61,0.32,4.0,89.4,5.8,10,73,4,14,2,EXCELLENT,Chase,savings,Margaret Hernandez,333-150-6191,Divorced,American,Day,Contract,13.0,WS-13-31,True,Aetna,Pending annual review,2026-06-12 20:21:02
737,EMP-83774,Elizabeth,Martin,Elizabeth Martin,Prefer Not to Say,32.0,1993-02-01,elizabeth.martin@corp.net,589-155-5931,8992 Washington Blvd,Denver,CO,usa,28805,IT,Product Manager,Patricia Lee,Active,Hybrid,2018-09-23,2024-07-12,8.9,Masters,83009.63,16441.84,0.22,5.0,95.7,1.6,10,75,5,16,3,EXCELLENT,Bank of America,Checking,Mary Taylor,,Single,Canadian,Shift 1,Full-Time,11.0,WS-11-67,True,Aetna,,2026-06-25 20:21:02
738,EMP-29543,Elizabeth,Williams,Elizabeth Williams,Prefer Not to Say,62.0,1963-03-18,elizabeth.williams@enterprise.org,844-401-3311,8210 Oak Ave,Austin,tx,USA,45070,FINANCE,Sales Executive,Mark Thomas,Active,hybrid,2022-12-30,2024-09-23,5.3,bachelor,39065.24,5981.44,0.24,5.0,100.0,4.1,6,11,4,17,6,Excellent,CITIBANK,checking,Jessica Johnson,424-806-9704,single,Mexican,Shift 2,Part-Time,14.0,WS-14-37,False,Cigna,,2026-07-06 20:21:02
739,EMP-26118,Jennifer,Williams,Jennifer Williams,Male,35.0,, jennifer.williams@enterprise.org ,(549) 691-7945,3098 Washington Blvd,Denver,co,US,48039,Engineering,Software Engineer,Sarah Thomas,active,Onsite,2021-06-03,2023-03-20,3.2,Master's,85119.31,8182.31,0.32,5.0,91.4,2.3,9,62,5,13,9,satisfactory,Bank of America,Checking,Michael White,270-487-7597,Single,German,NIGHT,Part-Time,8.0,WS-08-56,False,UnitedHealth,N/A,2026-06-21 20:21:02
740,EMP-60662,Mark,Hernandez,Mark Hernandez,nON-bINARY,38.0,1987-04-25,MARK.HERNANDEZ@COMPANY.COM,364-177-3263,6218 Main St,Chicago,IL,United States,51313,Legal,Marketing Specialist,Robert Perez,On Leave,Remote,2015-04-06,2022-11-03,4.6,MS,,18699.44,0.15,4.0,96.3,0.0,6,67,5,21,10,good,WELLS FARGO,savings,Christopher Jackson,717-958-7375,MARRIED,Canadian,NIGHT,contract,,,True,Kaiser Permanente,Pending annual review,2026-07-23 20:21:02
741,EMP-35679,Thomas,Anderson,Thomas Anderson,Prefer Not to Say,19.0,2006-06-03,thomas.anderson@company.com,544-651-2679,   4187 Maple Rd   ,Atlanta,GA,United States,92812,Legal,Product Manager,Christopher Lopez,Terminated,REMOTE,2023-09-22,,12.6,Masters,78697.36,,0.22,2.0,100.0,0.8,10,44,0,22,6,good,Bank of America,Savings,Susan Perez,289-647-2444,single,Indian,Shift 2,FT,,,False,Kaiser Permanente,,2026-06-23 20:21:02
742,EMP-40005,Daniel,Martin,Daniel Martin,Non-Binary,46.0,1980-03-16,daniel.martin@corp.net,(320) 808-8961,2398 Washington Blvd,phoenix,AZ,US,40852,Sales,Senior Developer,Michael Gonzalez,Terminated,REMOTE,2018-02-20,2021-03-30,8.7,MS,43460.07,2701.45,0.24,1.0,91.0,1.5,3,33,3,17,3,Needs Improvement,Capital One,Savings,Margaret Gonzalez,,Married,Mexican,NIGHT,contract,,,False,Kaiser Permanente,Completed leadership onboarding,2026-07-13 20:21:02
743,EMP-78769,Matthew,   Ramirez  ,Matthew Ramirez,Female,35.0,1991-10-23,matthew.ramirez@enterprise.org,(373) 731-1470,5748 Park Ave,Phoenix,AZ,United States,45811,Sales,Sales Executive,Richard Clark,Terminated,remote,2014-04-01,2025-06-19,2.3,PhD,59873.53,4336.33,0.32,3.0,95.9,28.1,6,30,1,6,0,Excellent,citibank,savings,Matthew Lopez,976-967-8802,MARRIED,Indian,NIGHT,FT,,,True,Blue Cross Blue Shield,N/A,2026-07-13 20:21:02
744,EMP-41499,Betty,Moore,,Prefer Not to Say,43.0,1982-06-08,betty.moore@company.com,(512) 726-2325,9412 Oak Ave,Philadelphia,PA,US,96729,Finance,Marketing Specialist,Susan Hernandez,Active,Remote,2014-02-24,,15.4,Masters,120428.99,7537.43,0.24,1.0,93.0,17.6,4,6,1,22,1,Good,Citibank,CHECKING,Sandra Johnson,457-855-8132,Single,American,Shift 2,Part-Time,,,False,Blue Cross Blue Shield,Pending annual review,2026-07-04 20:21:02
745,EMP-48177,Mary,Thompson,Mary Thompson,Male,30.0,1996-09-07,MARY.THOMPSON@CORP.NET,(551) 924-9510,6596 Oak Ave,San Jose,CA,U.S.A.,,Finance,Software Engineer,John Taylor,Active,remote,2013-03-03,2022-02-16,12.5,Bachelor's,86191.54,9589.59,0.24,5.0,90.9,0.4,9,8,4,13,4,EXCELLENT,Capital One,CHECKING,Anthony Wilson,415-570-2136,Married,Indian,NIGHT,Full-Time,,,False,Cigna,N/A,2026-08-02 20:21:02
746,EMP-54073,Richard,   Gonzalez,Richard Gonzalez,Non-Binary,42.0,1983-04-21,RICHARD.GONZALEZ@COMPANY.COM,897-843-4623,6262 Washington Blvd,Atlanta,GA,US,,Customer Support,Legal Counsel,Christopher Lopez,On Leave,Hybrid,2022-11-14,2022-05-21,0.5,PhD,88641.39,17294.38,0.24,4.0,95.6,11.2,10,5,5,11,5,Excellent,Chase,CHECKING,Lisa Robinson,927-967-1299,Single,Canadian,Shift 2,FT,15.0,WS-15-44,False,Aetna,,2026-06-25 20:21:02
747,EMP-86138,Mary,Jones,Mary Jones,PREFER NOT TO SAY,51.0,1975-07-20,mary.jones@company.com,(650) 349-2601,8849 Main St,Phoenix,az,usa,60577,Marketing,HR Specialist,William Lee,Active,remote,2019-03-05,2024-05-27,7.6,High School,,9401.88,0.15,1.0,99.2,1.4,6,27,4,8,5,good,Wells Fargo,Checking,Sandra Williams,376-326-9904,Divorced,Indian,day,Full-Time,,,True,Cigna,Transferred from regional branch,2026-06-20 20:21:02
748,EMP-45879,Karen,Robinson,Karen Robinson,Male,57.0,1969-10-11,karen.robinson@company.com,710-773-6588,6762 Maple Rd,PHOENIX,az,USA,28546,Product,Legal Counsel,Betty Sanchez,Active,Remote,2020-12-12,,3.8,PhD,63997.69,6661.3,0.24,5.0,94.3,0.0,5,16,1,30,8,EXCELLENT,Citibank,savings,Susan Rodriguez,417-728-2764,single,American,Shift 1,FT,,,True,Aetna,,2026-07-14 20:21:02
749,EMP-80450,Mary,Perez,Mary Perez,female,46.0,1979-12-20,mary.perez@company.com,(618) 396-8779,3236 Washington Blvd,Houston,TX,U.S.A.,33030,IT, Senior Developer  ,Sarah Garcia,Active,REMOTE,2024-04-02,,9.0,Masters,49147.49,3342.91,0.24,4.0,92.3,5.8,5,3,3,11,9,good,Bank of America,savings,Patricia White,517-449-8197,MARRIED,American,Shift 2,Full-Time,,,True,UnitedHealth,Pending annual review,2026-07-30 20:21:02
750,EMP-76327,Mary,Martin,Mary Martin,Female,41.0,1984-05-12,mary.martin@enterprise.org,(536) 965-2427,4227 Park Ave,Austin,TX,usa,49883,Marketing,Product Manager,Barbara Clark,Active,Hybrid,2020-07-19,2023-02-04,14.0,Bachelor's,97829.29,18760.25,0.24,4.0,92.2,8.1,9,34,0,28,9,EXCELLENT,Bank of America,savings,,105-598-2823,single,German,Day,contract,5.0, WS-05-54,False,Aetna,Transferred from regional branch,2026-07-22 20:21:02
751,EMP-60287,Sarah,Johnson,Sarah Johnson,Male,42.0,1984-07-01, sarah.johnson@corp.net ,418-642-3292,480 Park Ave,Boston,ma,United States,69726,Sales,Support Agent,David Smith,ACTIVE,Onsite,2020-06-20,2022-12-07,13.5,Bachelor's,84330.91,11991.95,0.32,2.0,100.0,5.3,7,30,5,9,12,good,Bank of America,savings,Linda Clark,977-431-1970,Married,Canadian,NIGHT,FT,15.0,WS-15-15,True,Aetna,N/A,2026-06-12 20:21:02
752,EMP-28460,Jennifer,Wilson,Jennifer Wilson,Male,38.0,1987-12-19,jennifer.wilson@corp.net,478-198-4190,7216 Maple Rd,Austin,TX,U.S.A.,17764,Engineering,Operations Manager,Daniel Anderson,Active,Onsite,2019-01-18,,10.9,bachelor,48119.11,8558.89,0.15,5.0,97.5,0.0,6,53,2,27,0,satisfactory,Bank of America,checking,Mark Clark,141-143-7762,MARRIED,German,Night,Part-Time,4.0,WS-04-76,False,Kaiser Permanente,Transferred from regional branch,2026-06-24 20:21:02
753,EMP-88237,David,Robinson,David Robinson,Female,49.0,1976-10-12,DAVID.ROBINSON@ENTERPRISE.ORG,463-507-7000,5557 Washington Blvd,PHILADELPHIA,PA,U.S.A.,34659,Product,Product Manager,Jennifer Jones,Active,Remote,2023-07-27,2022-05-11,17.7,Masters,103008.0,9805.94,0.22,3.0,97.8,7.4,8,36,4,21,8,satisfactory,TD Bank,savings,Mark Taylor,675-809-3083,Divorced,British,Night,Full-Time,,,True,Aetna,N/A,2026-07-31 20:21:02
754,EMP-56133,John,Thomas,John Thomas,Male,44.0,1982-06-30,john.thomas@corp.net,866-361-8704,6902 Main St ,Los Angeles,CA,US,37962,Finance,Data Analyst,Michael Jackson,Active,Onsite,2016-01-05,,2.3,High School,72769.82,5723.67,0.24,1.0,91.0,0.0,4,80,1,18,11,satisfactory,BANK OF AMERICA,checking,David Miller,208-444-1595,Single,Mexican,Shift 2,FT,9.0,WS-09-66,True,Blue Cross Blue Shield,Completed leadership onboarding,2026-07-13 20:21:02
755,EMP-89364,Patricia,Miller,Patricia Miller,PREFER NOT TO SAY,34.0,1991-10-03,patricia.miller@corp.net,853-676-4084,7381 Main St,los angeles,CA,US,42419,OPERATIONS,Marketing Specialist,Robert Anderson,Terminated,hybrid,2022-07-11,2021-10-24,5.9,Bachelors,65447.09,11900.0,0.24,1.0,88.7,0.0,10,78,4,18,8,Needs Improvement,Chase,checking,James Thomas,547-607-7422,MARRIED,Mexican,Night,contract,9.0,WS-09-23,True,Kaiser Permanente,N/A,2026-06-13 20:21:02
756,EMP-99389,Joseph,Rodriguez,JOSEPH RODRIGUEZ,male,36.0,1990-01-06,joseph.rodriguez@enterprise.org,322-563-4452,661 Oak Ave,Philadelphia,pa,usa,87743,Product,Legal Counsel,Mark Robinson,active,REMOTE,2018-01-09,,5.2,BS,35000.0,2061.71,0.32,3.0,100.0,4.8,10,32,3,11,12,Needs Improvement,Citibank,checking,Lisa Miller,448-462-8191,Single,Canadian,NIGHT,Full-Time,,,True,Kaiser Permanente,,2026-07-01 20:21:02
757,EMP-85787,Matthew,Hernandez,Matthew Hernandez,nON-bINARY,36.0,1989-07-12,matthew.hernandez@corp.net,272-453-9981,8491 Main St,san antonio,tx,USA,99407,IT,Senior Developer,Anthony Martin,Active,Onsite,2018-10-09,2023-04-10,,Bachelors,60446.55,3151.65,0.22,3.0,95.0,0.0,10,51,1,30,6,Good,Chase,Savings,Margaret Wilson,238-427-5373,MARRIED,German,Night,Contract,6.0,WS-06-37,,UnitedHealth,Pending annual review,2026-07-01 20:21:02
758,EMP-20965,Joseph,Martinez,Joseph Martinez,Prefer Not to Say,39.0,1987-10-03,joseph.martinez@enterprise.org,661-763-9993,6486 Main St,Los Angeles,CA,usa,30914,operations,Product Manager  ,,On Leave,hybrid,2017-07-15,,4.3,Master's,95269.12,5832.39,0.22,2.0,95.9,8.2,6,26,1,20,9,good,Chase,Checking,Elizabeth Lewis,578-881-8841,MARRIED,Indian,Night,Contract,4.0,WS-04-69  ,True,Blue Cross Blue Shield,High potential,2026-06-10 20:21:02
759,EMP-34426,David,Gonzalez,David Gonzalez,MALE,39.0,1986-03-13,DAVID.GONZALEZ@ENTERPRISE.ORG,(397) 652-5933,1523 Maple Rd,cHICAGO,IL,United States,,it,Accountant,Christopher Martinez,Active,Remote,2013-09-15,,1.3,Master's,66763.53,11548.32,0.32,1.0,95.7,29.2,4,42,0,28,4,Good,Bank of America,Savings,Michael Jones,803-321-6059,Divorced,German,Night,contract,,,False,Kaiser Permanente,Pending annual review,2026-06-27 20:21:02
760,EMP-63258,Barbara,Anderson,Barbara Anderson,FEMALE,33.0,1992-01-01,barbara.anderson@enterprise.org,(247) 300-2250,7640 Park Ave,Philadelphia,pa,US,69316,ENGINEERING,Accountant,Christopher Smith,ACTIVE,Hybrid,2024-10-22,,12.1,Bachelors,42247.9,2906.88,0.32,2.0,95.6,0.0,8,19,5,7,2,good,Wells Fargo,checking,Michael Gonzalez,621-763-8881,single,Indian,NIGHT,Contract,7.0,WS-07-71,True,Kaiser Permanente,,2026-08-04 20:21:02
761,EMP-21664,Daniel,Davis,Daniel Davis,Female,41.0,1984-01-02,daniel.davis@enterprise.org,494-172-5859,5864 Main St,Boston,MA,U.S.A.,70248,Human Resources,Accountant,Charles Hernandez,Active,remote,2012-08-27,2025-10-12,8.7,BS,68324.42,8114.41,0.32,1.0,89.9,0.0,7,48,0,26,5,Needs Improvement,Bank of America,Savings,Jennifer White,562-640-1753,MARRIED,British,Day,FT,,,True,Aetna,N/A,2026-07-05 20:21:02
762,EMP-19331,John,Garcia,John Garcia,Non-Binary,30.0,1996-12-20,john.garcia@company.com,136-575-3497,6189 Park Ave,Chicago,IL,United States,39400,IT,Data Analyst,Matthew Martin,active,hybrid,2022-07-13,2022-09-24,8.5,PhD,52729.62,6108.76,0.32,4.0,100.0,0.0,1,70,5,14,2,Excellent,Capital One,savings,David Brown,802-366-9339,single,British,Night,Full-Time,15.0,WS-15-61,True,Blue Cross Blue Shield,N/A,2026-06-11 20:21:02
763,EMP-83018,Christopher,Martinez,Christopher Martinez,PREFER NOT TO SAY,18.0,2008-08-27,christopher.martinez@company.com,343-762-4579,9589 Park Ave,SAN JOSE,ca,USA,19890,Legal,Accountant,James Lee,Active,remote,2018-04-09,2023-10-23,6.4,Masters,77207.79,13668.56,0.15,5.0,97.5,13.0,1,18,5,21,4,satisfactory,Wells Fargo,Checking,Margaret Sanchez,790-486-4491,single,Canadian,Shift 1,Full-Time,,,False,Blue Cross Blue Shield,Completed leadership onboarding,2026-07-21 20:21:02
764,EMP-27395,Linda,Taylor,Linda Taylor,Prefer Not to Say,28.0,1997-02-08,linda.taylor@enterprise.org,442-715-5386,3546 Park Ave,Los Angeles,ca,U.S.A.,66575,Legal,Data Analyst,Margaret Harris,On Leave,remote,2023-03-23,,0.5,bachelor,68459.65,12774.44,0.15,1.0,93.9,2.0,6,66,5,15,10,EXCELLENT,Chase,CHECKING,John Robinson,154-196-5673,Married,Canadian,NIGHT,Contract,,,True,Kaiser Permanente,,2026-07-03 20:21:02
765,EMP-87618,James,Brown,James Brown,Female,44.0,1981-03-25,james.brown@enterprise.org,(674) 697-3950,4599 Washington Blvd,San Diego,CA,U.S.A.,99969,Human Resources,Accountant,Sarah Davis,ACTIVE,remote,2013-01-09,,13.2,Masters,46919.97,9323.29,0.15,2.0,100.0,0.0,2,10,5,14,8,Excellent,Wells Fargo,Checking,Anthony White,339-121-5489,Divorced,Indian,day,FT,,,False,UnitedHealth,Transferred from regional branch,2026-07-16 20:21:02
766,EMP-85974,Sandra,Clark,Sandra Clark,Prefer Not to Say,29.0,1996-08-19,sandra.clark@enterprise.org,191-782-2419,6472 Washington Blvd ,Houston,tx,usa,60823,Product,Marketing Specialist,Elizabeth Sanchez,ACTIVE,Remote,2012-09-10,2025-11-08,1.4,High School,85054.3,10928.56,0.15,5.0,93.3,17.8,3,28,2,13,4,EXCELLENT,Wells Fargo,Savings,Betty Robinson,874-572-3803,Married,Mexican,Shift 2,Part-Time,,,False,Kaiser Permanente,High potential,2026-06-05 20:21:02
767,EMP-96640,William,Jackson,William Jackson,Female,32.0,,william.jackson@enterprise.org,943-639-7158,6047 Park Ave,Houston,tx,U.S.A.,55327,Sales,  Systems Administrator,Betty Robinson,On Leave,Onsite,2015-07-25,2023-07-25,1.1,Master's,81459.49,15153.62,0.32,3.0,94.7,0.0,8,14,0,8,2,EXCELLENT,citibank,CHECKING,,445-741-9625,Married,British,day,FT,8.0,WS-08-90,True,Cigna,Pending annual review,2026-06-10 20:21:02
768,EMP-54442,Robert,Lopez ,Robert Lopez,Non-Binary,43.0,1983-03-04,robert.lopez@enterprise.org,858-295-1164,2738 Park Ave,Boston,ma,United States,97220,Operations,HR Specialist,Patricia Thompson,Active,hybrid,2017-05-23,,5.3,bachelor,,,0.22,4.0,90.6,5.4,5,72,5,5,1,Good,Chase,savings,,954-460-8374,Single,German,NIGHT,PT,1.0,WS-01-88,True,Cigna,Completed leadership onboarding,2026-08-04 20:21:02
769,EMP-45551,Richard,Miller,Richard Miller,Male,50.0,1976-06-18,richard.miller@enterprise.org,518-700-7793,7882 Main St,Los Angeles,ca,usa,69990,IT,Systems Administrator,Elizabeth Robinson,Active,hybrid,2020-08-17,2024-01-04,9.4,High School,81794.48,9759.79,0.15,3.0,96.4,0.6,3,56,3,6,5,EXCELLENT,Capital One,savings,David Robinson,429-540-3671,MARRIED,American,day,contract,13.0,WS-13-78,False,Kaiser Permanente,Completed leadership onboarding,2026-08-03 20:21:02
770,EMP-23293,Linda,Lewis,Linda Lewis,Prefer Not to Say,30.0,1995-03-24,linda.lewis@company.com,935-772-9813,9042 Main St,Boston,MA,United States,,Product,Product Manager,Nancy White,Active,remote,2016-02-24,,10.1,PhD,100590.37,8539.15,0.15,2.0,83.9,5.2,9,36,1,29,2,EXCELLENT,TD Bank,Checking,Betty Robinson,403-715-7341,Single,Indian,Shift 2,contract,,,True,Cigna,Transferred from regional branch,2026-06-29 20:21:02
771,EMP-91315,John,Thompson,John Thompson,Non-Binary,39.0,, john.thompson@corp.net ,(831) 960-6752,   6618 Oak Ave ,San Antonio,tx,usa,28676,Customer Support,Operations Manager,,active,Onsite,2017-10-04,,8.0,MS,82968.98,14519.84,0.22,1.0,90.9,5.0,3,63,2,18,2,Excellent,Chase,savings,David Moore,942-674-4475,Single,British,Night,FT,1.0,WS-01-25,False,Blue Cross Blue Shield,Completed leadership onboarding,2026-08-04 20:21:02
772,EMP-98050,Anthony,Miller,Anthony Miller,fEMALE,32.0,1994-05-09,anthony.miller@enterprise.org,(484) 497-9934,4909 Park Ave,Philadelphia,pa,USA,64862,Operations,Legal Counsel,Mark Thomas,On Leave,hybrid,2018-05-30,2023-11-12,2.1,PhD,71041.25,7755.69,0.15,5.0,100.0,5.4,5,49,4,26,2,satisfactory,Capital One,checking,John Gonzalez,287-783-9542,Married,British,Day,Full-Time,9.0,WS-09-69,False,Blue Cross Blue Shield,N/A,2026-06-08 20:21:02
773,EMP-72710,Nancy,Thomas,Nancy Thomas,Prefer Not to Say,49.0,1976-01-19,nancy.thomas@corp.net,940-283-9147,6814 Park Ave,San Diego,CA,USA,78411,Legal,Marketing Specialist,Jennifer Smith,ACTIVE,Onsite,2019-04-11,2023-04-27,0.5,BS,51394.33,5693.85,0.32,3.0,96.3,6.4,2,44,1,7,2,EXCELLENT,Wells Fargo,Savings,Daniel Taylor,730-613-8934,MARRIED,German,NIGHT,FT,11.0,WS-11-75,True,UnitedHealth,,2026-06-14 20:21:02
774,EMP-16955,Margaret,  Sanchez   ,margaret sanchez,Non-Binary,58.0,1967-07-08,margaret.sanchez@company.com,483-442-3526,8067 Park Ave,Seattle,WA,US,35645,HR, HR Specialist  ,Daniel Brown,ACTIVE,Onsite,2023-03-23,,16.0,Masters,88578.94,5113.16,0.24,4.0,90.9,0.3,6,57,5,20,3,Good,TD Bank,Savings,Sarah Garcia,720-169-4084,Single,Mexican,NIGHT,Part-Time,7.0,WS-07-59,False,Aetna,N/A,2026-06-24 20:21:02
775,EMP-11301,Thomas,Rodriguez,Thomas Rodriguez,Prefer Not to Say,50.0,1975-12-09,THOMAS.RODRIGUEZ@ENTERPRISE.ORG,740-247-5250,4632 Maple Rd,Atlanta,GA,U.S.A.,90541,IT,Support Agent,James Jackson,Terminated,Remote,2013-03-23,2021-08-25,4.9,MS,42572.12,6729.58,0.32,2.0,97.2,11.9,4,10,1,28,8,satisfactory,Wells Fargo,Checking,Charles Garcia,699-351-1725,Single,German,Day,Part-Time,,,True,Blue Cross Blue Shield,N/A,2026-07-27 20:21:02
776,EMP-94597,Nancy,Taylor,nancy taylor,Non-Binary,51.0,1975-11-17, nancy.taylor@company.com ,562-610-8800,3469 Oak Ave,PHILADELPHIA,pa,USA,,Marketing,Product Manager,Elizabeth Davis,On Leave,Hybrid,2023-12-06,,9.6,bachelor,88741.32,5260.56,0.22,2.0,100.0,6.7,6,32,1,19,11,good,Citibank,checking,Sarah Hernandez,179-735-7927,Divorced,British,day,PT,7.0,WS-07-79,True,Blue Cross Blue Shield,Pending annual review,2026-07-12 20:21:02
777,EMP-75720,Thomas,Martin,Thomas Martin,Prefer Not to Say,34.0,1991-05-11,thomas.martin@enterprise.org,159-568-9162,5017 Maple Rd,Boston,MA,United States,55029,Legal,Operations Manager,John Brown,Active,Hybrid,2021-04-24,2025-06-15,4.9,Bachelors,111190.3,8183.28,0.24,5.0,87.6,0.0,5,54,4,14,5,Needs Improvement,Bank of America,Checking,,977-454-6651,single,Canadian,Shift 2,Part-Time,11.0,WS-11-33,False,Aetna,,2026-06-27 20:21:02
778,EMP-30265,Richard,Martinez,Richard Martinez,Prefer Not to Say,19.0,2007-06-13,richard.martinez@corp.net,855-895-6039,5226 Park Ave,San Jose,ca,U.S.A.,10346,Human Resources,Systems Administrator,Linda White,ACTIVE,Remote,2019-10-01,2022-02-12,8.6,Bachelors,74965.27,13752.83,0.32,1.0,93.9,0.0,3,22,1,6,5,Excellent,Bank of America,Checking,Sarah Jackson,835-467-7282,Single,Mexican,day,PT,,,True,Cigna,High potential,2026-07-28 20:21:02
779,EMP-12032,Betty,Williams,Betty Williams,Non-Binary,47.0,1978-04-13, BETTY.WILLIAMS@ENTERPRISE.ORG ,431-159-7600,7670 Washington Blvd,Dallas,TX,US,33961,mARKETING,Software Engineer,Barbara Johnson,Active,Hybrid,2012-05-07,,3.5,bachelor,76283.34,9112.24,0.15,3.0,93.2,28.4,7,77,2,29,12,satisfactory,TD Bank,checking,Richard Moore,578-506-5167,Single,British,Night,contract,9.0,WS-09-49 ,True,Cigna,N/A,2026-07-03 20:21:02
780,EMP-45549, Jessica ,White,Jessica White,fEMALE,36.0,1989-06-18,jessica.white@company.com,(437) 145-2894,6146 Washington Blvd,Philadelphia,PA,usa,65252,PRODUCT,Senior Developer,Mary Smith,Terminated,Onsite,2014-10-01,2024-04-10,1.5,Masters,79655.73,12969.83,0.22,3.0,91.2,0.0,3,50,4,25,10,good,BANK OF AMERICA,checking,Daniel Lopez,792-638-1783,MARRIED,Indian,Shift 1,FT,13.0,WS-13-53,True,Aetna,High potential,2026-06-17 20:21:02
781,EMP-39277,Lisa,White,Lisa White,Non-Binary,18.0,2008-10-15,lisa.white@company.com,(618) 475-5887,3799 Oak Ave,BOSTON,MA,United States,46677,legal,Product Manager,Joseph Davis,active,remote,2012-11-07,,14.0,bachelor,94167.72,9595.68,0.32,1.0,95.3,0.0,1,68,1,17,2,satisfactory,TD Bank,checking,Susan Ramirez,844-712-1004,Single,British,Day,PT,,,False,Cigna,High potential,2026-07-12 20:21:02
782,EMP-60360,Richard,   Ramirez,Richard Ramirez,Male,40.0,1986-03-18,richard.ramirez@enterprise.org,429-328-4247,9574 Oak Ave,Seattle,wa,US,87560,IT,Systems Administrator,Nancy Thomas,On Leave,REMOTE,2021-09-08,,13.4,Masters,79486.79,15413.18,0.22,,99.5,16.6,10,19,2,29,5,Needs Improvement,bank of america,Savings,Margaret Clark,160-779-8536,Married,British,NIGHT,Contract,,,True,Blue Cross Blue Shield,Transferred from regional branch,2026-06-12 20:21:02
783,EMP-40475,Elizabeth,Moore,Elizabeth Moore,Female,53.0,1973-04-08,elizabeth.moore@enterprise.org,(696) 955-4078,1557 Washington Blvd,Chicago,IL,U.S.A.,21275,Legal,Data Analyst,Mary Robinson,Active,remote,2013-06-25,2023-08-01,5.8,Masters,77886.87,11215.27,0.24,,99.1,0.0,1,11,1,12,0,satisfactory,TD Bank,Checking,William Clark,118-361-1131,Married,German,day,Part-Time,,,True,Kaiser Permanente,Completed leadership onboarding,2026-06-28 20:21:02
784,EMP-29660,Joseph,Harris,Joseph Harris,Prefer Not to Say,32.0,1993-03-19,joseph.harris@corp.net,201-482-9934,5478 Park Ave,Seattle,wa,usa,50575,Engineering,Systems Administrator,Patricia Martinez,ACTIVE,hybrid,2014-08-30,2020-03-02,4.0,bachelor,62412.96,8009.19,0.32,3.0,91.3,3.7,10,48,4,7,2,good,Citibank,CHECKING,Charles Brown,966-687-3585,single,Indian,NIGHT,Full-Time,11.0,WS-11-74,False,Cigna,N/A,2026-06-08 20:21:02
785,EMP-48855,Sandra,Moore,Sandra Moore,Non-Binary,59.0,1967-05-18,sandra.moore@company.com,116-140-8575,2280 Oak Ave,philadelphia,PA,U.S.A.,42530,Marketing,Accountant,William Anderson,ACTIVE,Onsite,2015-12-10,2025-08-10,14.7,Master's,113407.35,13270.19,0.24,3.0,105.0,0.9,6,19,0,19,3,Excellent,Chase,Checking,Christopher Hernandez,549-796-3743,MARRIED,Mexican,Day,Part-Time,12.0,WS-12-96,False,Cigna,,2026-07-22 20:21:02
786,EMP-17229,Thomas,Taylor,Thomas Taylor,Male,23.0,2002-01-11,thomas.taylor@company.com,388-330-6022,  5183 Washington Blvd  ,Phoenix,AZ,usa,73961,Legal,HR Specialist,Thomas Lee,Terminated,remote,2017-05-16,,8.5,Bachelors,60619.87,5309.8,0.22,4.0,87.2,0.0,10,48,1,22,10,good,CHASE,Savings,Robert Ramirez,995-973-7523,Single,American,NIGHT,PT,,,True,Blue Cross Blue Shield,,2026-07-18 20:21:02
787,EMP-53727,Daniel,Martin,daniel martin,Male,51.0,1975-07-18, DANIEL.MARTIN@COMPANY.COM ,(668) 696-7514,6404 Main St,New York,ny,US,93098,Marketing,Product Manager,William Robinson,On Leave,Hybrid,2020-03-02,,13.9,BS,72852.9,13033.88,0.24,3.0,100.0,8.3,5,79,0,16,10,good,Citibank,Savings,Richard Miller,521-832-6041,Divorced,American,Day,FT,15.0,WS-15-47,False,UnitedHealth,,2026-07-30 20:21:02
788,EMP-64161,Barbara,Davis,Barbara Davis,Prefer Not to Say,50.0,1976-11-25,barbara.davis@corp.net,(166) 416-6606,7197 Maple Rd,Chicago,IL,U.S.A.,18497,Customer Support,Software Engineer,Nancy Rodriguez,Active,hybrid,2013-09-13,2023-02-09,13.7,MS,55532.42,7762.66,0.24,4.0,100.0,0.0,8,10,0,6,4,Needs Improvement,TD Bank,Savings,Susan Harris,896-386-4858,Divorced,Indian,NIGHT,Full-Time,12.0,WS-12-88,True,UnitedHealth,High potential,2026-07-29 20:21:02
789,EMP-60225,Betty,Miller,Betty Miller,PREFER NOT TO SAY,41.0,1984-08-13,betty.miller@corp.net,213-811-3766,2393 Park Ave,Seattle,WA,USA,,Engineering,Accountant,Patricia Taylor,ACTIVE,REMOTE,2015-10-24,,6.9,PhD,58521.29,7258.62,0.32,1.0,91.4,0.0,3,78,1,12,3,satisfactory,Wells Fargo,Savings,Lisa Miller,184-482-5050,Married,German,day,FT,,,True,UnitedHealth,Completed leadership onboarding,2026-08-03 20:21:02
790,EMP-45738,Daniel,Robinson,DANIEL ROBINSON,Prefer Not to Say,58.0,1968-03-15,daniel.robinson@corp.net,(766) 231-5755,6656 Oak Ave,Phoenix,az,USA,88366,Marketing,Systems Administrator,Betty Thompson,ACTIVE,hybrid,2021-11-06,2021-08-02,8.0,BS,90642.6,6422.76,0.22,4.0,91.0,14.3,4,50,4,28,1,Excellent,Wells Fargo,checking,David Jones,896-596-9871,Divorced,Mexican,Day,Contract,5.0,WS-05-69,True,UnitedHealth,Pending annual review,2026-07-31 20:21:02
791,EMP-10458,Barbara,Anderson,Barbara Anderson,Female,29.0,1997-08-15,barbara.anderson@company.com,872-337-5550,6146 Maple Rd,Seattle,WA,U.S.A.,82106,IT,Sales Executive,William Thomas,Terminated,Onsite,2019-03-24,2020-04-23,0.5,MS,86194.01,,0.32,2.0,95.9,3.6,8,56,0,13,9,Good,Capital One,Savings,Elizabeth Taylor,232-539-2919,MARRIED,German,NIGHT,Part-Time,1.0,WS-01-51,True,Kaiser Permanente,High potential,2026-08-03 20:21:02
792,EMP-72119,Christopher,Taylor,Christopher Taylor,Male,44.0,1981-07-01,christopher.taylor@company.com,(247) 300-6660,913 Oak Ave,Austin,TX,United States,86158,it,Sales Executive ,Jennifer Thomas,active,Remote,2020-02-06,2025-09-30,11.7,bachelor,55283.92,7842.23,0.24,2.0,93.6,0.0,3,38,0,22,0,satisfactory,Citibank,Checking,James Davis,646-206-9039,Divorced,American,Shift 2,PT,,,False,Cigna,High potential,2026-06-08 20:21:02
793,EMP-83667,Margaret,Jackson,margaret jackson,NON-BINARY,49.0,1976-07-10,margaret.jackson@corp.net,(686) 697-8482,1784 Washington Blvd,Seattle,wa,USA,86376,Marketing,Legal Counsel,Linda Thomas,Active,REMOTE,2012-06-24,2021-08-20,12.5,MS,47542.81,6093.6,0.22,2.0,96.8,7.0,9,54,5,20,1,Good,Wells Fargo,Savings,Margaret Clark,680-806-6566,MARRIED,British,Shift 2,Full-Time,,,False,Cigna,,2026-06-27 20:21:02
794,EMP-20939,Lisa,Lee,Lisa Lee,Prefer Not to Say,31.0,1995-10-02,lisa.lee@corp.net,(446) 871-2419,7208 Washington Blvd,Philadelphia,PA,U.S.A.,24446,Sales,Legal Counsel,Richard Brown,Active,Remote,2014-08-07,,0.5,High School,100805.22,14425.31,0.24,5.0,98.8,0.0,7,41,5,23,5,EXCELLENT,Citibank,savings,Christopher Gonzalez,661-222-5564,Married,Indian,Shift 1,Full-Time,,,True,Kaiser Permanente,,2026-07-29 20:21:02
795,EMP-10629,Mark,Wilson,Mark Wilson,Female,32.0,1994-08-06,MARK.WILSON@ENTERPRISE.ORG,613-223-8980,1165 Washington Blvd,Dallas,TX,US,55397,Marketing,Legal Counsel,Mary Lewis,Active,Hybrid,2020-03-26,2022-11-16,0.9,bachelor,,11626.53,0.15,5.0,91.8,0.0,1,53,4,15,6,Needs Improvement,CAPITAL ONE,CHECKING,Daniel Miller,295-187-7513,Married,Indian,Shift 2,Contract,1.0,WS-01-99,True,Blue Cross Blue Shield,N/A,2026-06-29 20:21:02
796,EMP-84302,James,Lee,JAMES LEE,PREFER NOT TO SAY,39.0,1987-03-29,JAMES.LEE@ENTERPRISE.ORG,719-266-1417,4839 Park Ave,Dallas,tx,usa,56841,Marketing,Data Analyst,Betty Clark,On Leave,hybrid,2019-06-14,,8.4,bachelor,101828.64,12151.56,0.22,4.0,91.5,0.0,8,80,5,28,8,good,TD Bank,Savings,Jennifer Johnson,,MARRIED,American,Shift 2,contract,7.0,WS-07-26,True,Kaiser Permanente,Transferred from regional branch,2026-06-24 20:21:02
797,EMP-91526,Christopher,Brown,Christopher Brown,Male,22.0,2004-05-29,CHRISTOPHER.BROWN@ENTERPRISE.ORG,816-915-1318,5755 Park Ave,New York,NY,United States,63909,hr,Marketing Specialist,Sarah Martinez,On Leave,REMOTE,2019-11-30,,2.2,Masters,74539.5,,0.15,,91.4,1.2,6,38,5,14,4,Needs Improvement,Citibank,checking,Robert Clark,457-352-8483,Married,Mexican,NIGHT,Full-Time,,,False,Cigna,Completed leadership onboarding,2026-07-13 20:21:02
798,EMP-29889,Betty,Rodriguez,Betty Rodriguez,Non-Binary,29.0,1996-01-10, betty.rodriguez@enterprise.org ,384-477-1956,  3765 Maple Rd ,Denver,CO,usa,23491,Finance,Support Agent,Michael Ramirez,ACTIVE,Remote,2020-01-12,,2.4,Bachelor's,80173.22,11575.86,0.32,3.0,96.1,3.6,3,55,0,11,5,satisfactory,Wells Fargo,savings,Sandra Ramirez,184-787-3097,Married,German,NIGHT,Full-Time,,,True,Aetna,High potential,2026-06-10 20:21:02
799,EMP-62305,Jessica,White,Jessica White,nON-bINARY,32.0,1993-03-21,jessica.white@enterprise.org,281-960-8548,4337 Park Ave,Philadelphia,pa,U.S.A.,41037,Sales,Data Analyst,Anthony Thompson,Terminated,remote,2017-09-06,,10.1,Bachelor's,81629.71,6458.21,0.15,2.0,95.7,11.5,9,65,0,19,0,EXCELLENT,Capital One,Checking,Anthony Thompson,999-948-6478,Divorced,German,Day,Part-Time,,,False,Blue Cross Blue Shield,Transferred from regional branch,2026-06-09 20:21:02
800,EMP-35563,Elizabeth, Smith  ,Elizabeth Smith,Non-Binary,38.0,1988-03-23,elizabeth.smith@corp.net,520-562-2691,3838 Maple Rd,Los Angeles,CA,USA,72856,Human Resources,Sales Executive,Betty Sanchez,Active,Remote,2012-02-17,,0.5,Masters,78209.79,5424.61,0.32,1.0,100.0,0.0,4,24,5,30,11,Good,Chase,CHECKING,Karen Anderson,263-167-2082,Married,Mexican,Night,FT,,,True,Kaiser Permanente,Completed leadership onboarding,2026-06-19 20:21:02
801,EMP-17280,Susan,Sanchez,Susan Sanchez,Male,34.0,1992-12-11, susan.sanchez@company.com ,217-131-5299,867 Maple Rd,san antonio,TX,United States,60733,Operations,Senior Developer,James Miller,Terminated,Hybrid,2016-09-20,2022-01-13,4.4,High School,82466.97,11220.02,0.15,2.0,96.6,1.5,9,69,4,5,7,good,Capital One,savings,Barbara Anderson,508-422-6109,Divorced,Mexican,Night,PT,10.0,WS-10-22,True,Aetna,Completed leadership onboarding,2026-07-14 20:21:02
802,EMP-99618,Linda,Rodriguez,Linda Rodriguez,Male,36.0,1990-06-06,linda.rodriguez@enterprise.org,248-267-4497,4844 Maple Rd,Austin,TX,U.S.A.,97510,Operations,Sales Executive,Richard Harris,active,hybrid,2018-12-17,,9.7,Masters,99060.96,14304.22,0.15,3.0,98.9,16.7,4,25,4,7,4,Excellent,cAPITAL oNE,savings,Margaret Martinez,218-884-3167,MARRIED,British,Shift 1,Contract,6.0,WS-06-91,False,Blue Cross Blue Shield,Pending annual review,2026-06-12 20:21:02
803,EMP-11375,Anthony,Wilson,Anthony Wilson,Prefer Not to Say,36.0,1990-09-19,anthony.wilson@company.com,(831) 590-6630,9638 Oak Ave,Houston,TX,USA,30735,IT,Legal Counsel,Michael Lewis,Active,Onsite,2021-12-03,,9.7,High School,95589.15,,0.15,4.0,99.4,11.3,5,53,1,19,8,Good,Citibank,savings,Jennifer Williams,823-871-7433,single,German,Night,Contract,4.0,WS-04-74,False,UnitedHealth,,2026-07-13 20:21:02
804,EMP-20916,Daniel,Ramirez,Daniel Ramirez,male,43.0,1982-08-06,daniel.ramirez@enterprise.org,191-228-3331,8337 Maple Rd,CHICAGO,IL,U.S.A.,36800,Engineering,Operations Manager,Sarah Jackson,ACTIVE,Remote,2012-07-13,2021-09-14,6.2,BS,70925.46,3967.38,0.24,1.0,100.0,18.9,10,56,0,30,10,good,Capital One,CHECKING,Jennifer Moore,824-518-8346,Single,German,Day,PT,,,False,UnitedHealth,Completed leadership onboarding,2026-06-28 20:21:02
805,EMP-96324,Susan,Garcia,susan garcia,MALE,26.0,1999-12-07,SUSAN.GARCIA@COMPANY.COM,(303) 542-5234,7082 Washington Blvd,San Antonio,tx,USA,66974,Engineering,Data Analyst,Jennifer Garcia,Terminated,hybrid,2017-11-02,2023-09-15,6.0,PhD,78573.89,14415.23,0.24,2.0,100.0,2.1,9,41,2,15,0,Excellent,Citibank,CHECKING,Elizabeth Sanchez,461-635-4416,Single,Indian,Night,Part-Time,9.0,WS-09-74,True,Kaiser Permanente,Pending annual review,2026-06-13 20:21:02
806,EMP-79740,Christopher,Moore,Christopher Moore,male,38.0,1988-11-25,CHRISTOPHER.MOORE@CORP.NET,851-300-1524,1791 Maple Rd,Philadelphia,pa,usa,22530,Marketing,Software Engineer,Jennifer Thomas,ACTIVE,Remote,2012-08-27,,17.0,Master's,57796.15,8523.48,0.15,4.0,100.0,17.6,8,60,5,22,8,EXCELLENT,Chase,CHECKING,Barbara Jackson,456-890-1405,Divorced,Canadian,Shift 1,PT,,,False,Blue Cross Blue Shield,N/A,2026-07-16 20:21:02
807,EMP-75461,   Patricia,Rodriguez,Patricia Rodriguez,Male,43.0,1983-09-17,PATRICIA.RODRIGUEZ@COMPANY.COM,567-747-1554,325 Maple Rd,AUSTIN,TX,US,62925,marketing,Operations Manager,Sandra Jackson,active,hybrid,2014-03-30,,12.2,BS,99363.89,18234.85,0.32,4.0,100.0,0.0,7,43,1,29,7,Good,Citibank,savings,Sarah Hernandez,310-800-8262,Divorced,Canadian,Shift 2,Full-Time,11.0,WS-11-24   ,False,Aetna,,2026-07-08 20:21:02
808,EMP-78439,Jessica,Martinez,Jessica Martinez,FEMALE,46.0,1979-05-06,JESSICA.MARTINEZ@COMPANY.COM,635-307-2920,4521 Main St,Denver,CO,USA,20704,Sales,Senior Developer,David Perez,On Leave,Onsite,2018-02-23,2022-02-12,6.4,Bachelors,63565.08,3824.12,0.22,3.0,96.7,0.0,1,63,0,23,2,good,Capital One,checking,Joseph Rodriguez,519-810-5720,Divorced,Canadian,NIGHT,Contract,11.0,WS-11-69 ,False,UnitedHealth,,2026-06-27 20:21:02
809,EMP-92031,Robert,Robinson,Robert Robinson,FEMALE,47.0,1978-08-30,robert.robinson@corp.net,620-520-4945,5841 Oak Ave,Houston,TX,US,57172,Engineering,Operations Manager,James Thompson,Terminated,hybrid,2019-03-24,,6.9,High School,96303.44,6814.68,0.15,2.0,100.0,3.2,7,70,5,13,9,Good,Chase,checking,Margaret Anderson,370-393-8466,Divorced,Canadian,Shift 2,contract,10.0,WS-10-31,True,Cigna,High potential,2026-06-16 20:21:02
810,EMP-26930,Linda, Perez ,Linda Perez,Prefer Not to Say,47.0,1979-07-20,linda.perez@enterprise.org,(724) 250-3445,9071 Main St,Chicago,il,U.S.A.,12736,Customer Support,Accountant,Mark Garcia,Active,Remote,2015-09-25,2022-07-12,4.4,BS,54548.29,10080.09,0.15,5.0,93.5,0.1,2,32,4,23,10,Needs Improvement,Wells Fargo,Savings,Nancy Garcia,296-229-3891,Divorced,Indian,Shift 2,Full-Time,,,False,Kaiser Permanente,,2026-07-23 20:21:02
811,EMP-29229,Sandra,Robinson,Sandra Robinson,Non-Binary,42.0,1983-07-02,sandra.robinson@enterprise.org,557-234-3528,8552 Park Ave,san diego,ca,US,93494,Legal,Marketing Specialist,Jennifer Perez,ACTIVE,remote,2016-07-01,,8.2,High School,46281.81,4846.22,0.22,4.0,88.4,0.0,1,6,3,26,0,satisfactory,Capital One,savings,Jessica Davis,864-780-7255,Divorced,Mexican,Shift 1,PT,,,False,Blue Cross Blue Shield,Completed leadership onboarding,2026-06-18 20:21:02
812,EMP-51573,Joseph,Clark,Joseph Clark,Prefer Not to Say,40.0,1985-02-08,joseph.clark@corp.net,398-900-1917,6322 Main St,Philadelphia,PA,usa,32120,OPERATIONS,Senior Developer,Mary Anderson,On Leave,Remote,2018-04-11,2023-12-17,0.5,Masters,95252.75,15541.02,0.15,4.0,94.2,7.0,1,10,3,28,11,EXCELLENT,CHASE,checking,Christopher Hernandez,500-565-8530,single,Canadian,Shift 1,Full-Time,,,True,Cigna,Completed leadership onboarding,2026-07-16 20:21:02
813,EMP-44134,Daniel,Martin,daniel martin,Prefer Not to Say,26.0,2000-05-14,daniel.martin@corp.net,340-118-3714,3689 Main St,Phoenix,AZ,United States,11272,Marketing,Legal Counsel,Patricia Harris,Active,hybrid,2012-05-29,2022-03-13,8.1,bachelor,79296.53,13958.13,0.15,2.0,92.2,0.0,4,56,5,12,1,Excellent,TD Bank,Checking,Margaret Harris,627-741-9936,MARRIED,Mexican,Shift 2,contract,6.0,WS-06-82,False,Aetna,Completed leadership onboarding,2026-06-10 20:21:02
814,EMP-73042,Thomas,Johnson,Thomas Johnson,pREFER nOT TO sAY,22.0,2004-10-06,thomas.johnson@company.com,675-524-4219,  6448 Park Ave  ,atlanta,ga,USA,15120,Product,Legal Counsel,Betty Ramirez,Active,Hybrid,2013-06-10,,16.7,Bachelors,102985.67,9207.79,0.22,3.0,93.1,0.0,2,64,5,6,8,good,Bank of America,checking,Jennifer Ramirez,234-265-8788,Married,Indian,NIGHT,Contract,3.0,WS-03-24,True,Aetna,,2026-07-18 20:21:02
815,EMP-39046,Elizabeth,Williams,Elizabeth Williams,Prefer Not to Say,43.0,1983-08-20,elizabeth.williams@enterprise.org,817-381-7674,6556 Maple Rd,New York,NY,US,67719,Engineering,Legal Counsel,Daniel Lee,On Leave,hybrid,2023-04-21,2024-10-15,5.6,MS,55091.93,7830.62,0.32,4.0,100.0,0.0,4,76,0,22,1,EXCELLENT,chase,savings,Betty Thompson,342-998-2915,MARRIED,Canadian,NIGHT,FT,4.0,WS-04-71,True,Cigna,Completed leadership onboarding,2026-07-22 20:21:02
816,EMP-34041,   Jennifer,Hernandez,Jennifer Hernandez,Non-Binary,21.0,2004-09-28,jennifer.hernandez@enterprise.org,(593) 264-8269,4854 Maple Rd,Dallas,TX,United States,98707,Legal,Data Analyst,James Wilson,Terminated,remote,2022-01-29,2022-12-04,6.6,Bachelors,76686.48,8158.53,0.32,5.0,100.0,0.0,7,10,4,9,5,satisfactory,Capital One,Savings,Sandra Smith,630-980-9089,MARRIED,American,Night,PT,,,True,Blue Cross Blue Shield,Pending annual review,2026-07-22 20:21:02
817,EMP-51427,Margaret,Robinson,Margaret Robinson,male,46.0,1980-02-03,margaret.robinson@corp.net,(304) 296-6192,4820 Maple Rd,sAN aNTONIO,TX,U.S.A.,98139,Operations,Legal Counsel,Lisa Lewis,Active,Hybrid,2014-12-22,,0.5,BS,74945.0,14767.06,0.15,2.0,95.1,25.3,7,55,5,19,8,Excellent,Chase,Checking,Jessica Garcia,372-151-4539,single,British,Day,Part-Time,8.0,WS-08-63,False,UnitedHealth,Completed leadership onboarding,2026-06-20 20:21:02
818,EMP-88048,Lisa,Gonzalez,LISA GONZALEZ,Non-Binary,33.0,,lisa.gonzalez@corp.net,458-355-9402,6214 Washington Blvd,PHILADELPHIA,PA,USA,99573,IT,Senior Developer,Sandra Lewis,active,remote,2020-02-26,2025-01-28,7.2,PhD,67588.34,12136.16,0.32,3.0,88.3,2.5,4,15,5,10,12,Excellent,Citibank,checking,Mark Martinez,683-928-6992,Single,Canadian,NIGHT,Full-Time,,,False,Kaiser Permanente,Pending annual review,2026-06-15 20:21:02
819,EMP-66091,Jessica,Anderson,Jessica Anderson,Female,42.0,1983-11-24, jessica.anderson@enterprise.org ,514-872-8910,730 Washington Blvd,San Jose,ca,U.S.A.,27855,Human Resources,Software Engineer,John Martinez,active,Hybrid,2018-10-23,,11.4,BS,77988.39,14578.33,0.32,,93.6,26.4,5,71,2,7,10,Good,Capital One,Savings,Sarah Davis,830-511-1556,Married,Mexican,Night,Contract,15.0,WS-15-18,False,Kaiser Permanente,Pending annual review,2026-06-18 20:21:02
820,EMP-16053,Barbara,Moore,Barbara Moore,nON-bINARY,28.0,1997-04-18,BARBARA.MOORE@CORP.NET,990-167-1546,3392 Main St,Dallas,tx,usa,42892,IT,Data Analyst,Susan Hernandez,Terminated,hybrid,2022-11-28,,7.1,Master's,35000.0,4231.91,0.32,5.0,95.9,4.7,7,65,5,6,9,good,WELLS FARGO,CHECKING,Sarah Harris,666-556-5683,single,Canadian,Night,Full-Time,8.0,WS-08-91,False,Cigna,N/A,2026-06-06 20:21:02
821,EMP-99355,Joseph,Smith,Joseph Smith,Non-Binary,52.0,1973-07-15,joseph.smith@enterprise.org,337-270-8641,5371 Washington Blvd,Seattle,wa,USA,71968,Human Resources,Support Agent,Richard Lewis,Terminated,REMOTE,2013-10-27,2024-02-14,12.0,BS,,9745.6,0.22,1.0,92.7,0.0,7,5,3,26,6,satisfactory,Wells Fargo,Savings,Betty Garcia,442-436-9826,MARRIED,Canadian,NIGHT,Part-Time,,,True,UnitedHealth,Transferred from regional branch,2026-07-26 20:21:02
822,EMP-56878,Betty,Martinez,Betty Martinez,Female,32.0,1994-02-08,betty.martinez@enterprise.org,814-887-2436,1450 Main St,New York,ny,U.S.A.,64805,human resources,Senior Developer,Richard Sanchez,ACTIVE,REMOTE,2013-07-23,,13.5,PhD,113088.67,18854.58,0.22,5.0,92.0,0.0,1,10,1,9,9,EXCELLENT,Wells Fargo,checking,Michael Anderson,699-260-8883,MARRIED,Indian,Shift 2,contract,,,False,Cigna,Pending annual review,2026-06-27 20:21:02
823,EMP-34895, Michael  ,Taylor,Michael Taylor,Non-Binary,,1976-08-14,michael.taylor@corp.net,(861) 431-1156,1659 Oak Ave,San Diego,CA,United States,39180,Customer Support,Accountant,Jessica Gonzalez,active,remote,2018-06-06,,,bachelor,70751.42,4647.53,0.24,5.0,100.0,45.0,10,71,1,11,9,satisfactory,Citibank,Savings,Christopher Jones,502-132-3610,Divorced,German,day,FT,,,True,UnitedHealth,N/A,2026-08-03 20:21:02
824,EMP-18916,Robert,Williams,ROBERT WILLIAMS,NON-BINARY,41.0,1984-12-10, robert.williams@company.com ,473-378-8995,4297 Maple Rd,New York,NY,US,86992,Sales,Data Analyst   ,Sarah Perez,ACTIVE,remote,2013-08-19,,7.9,MS,,5474.84,0.22,1.0,105.0,0.0,9,62,4,20,5,Excellent,chase,Checking,Thomas Martinez,421-406-3872,Divorced,German,Shift 2,contract,,,False,Aetna,Pending annual review,2026-06-05 20:21:02
825,EMP-94325,David,Sanchez,david sanchez,Prefer Not to Say,40.0,1985-05-28,david.sanchez@corp.net,955-133-8628,8168 Oak Ave,New York,ny,U.S.A.,53832,Marketing,Systems Administrator,Nancy Lewis,Active,Onsite,2022-05-13,2021-07-22,8.1,PhD,55492.68,3106.11,0.15,4.0,100.0,0.0,3,46,2,11,8,Excellent,Citibank,checking,Michael Moore,813-938-7466,Married,Canadian,Shift 1,Full-Time,7.0,WS-07-36,True,Aetna,Pending annual review,2026-07-31 20:21:02
826,EMP-44087,Mark,Wilson,Mark Wilson,Female,44.0,1981-12-01,mark.wilson@company.com,(698) 606-2722,4626 Maple Rd,boston,MA,USA,14699,Engineering,Software Engineer,Charles Lewis,active,Hybrid,2012-12-02,2024-08-01,5.2,Bachelors,95036.5,17910.79,0.32,5.0,92.5,0.0,9,38,1,10,5,Excellent,Citibank,CHECKING,Barbara Anderson,809-545-5804,Married,Mexican,Night,FT,8.0, WS-08-53 ,False,UnitedHealth,Transferred from regional branch,2026-06-11 20:21:02
827,EMP-34513,Matthew,Ramirez,Matthew Ramirez,NON-BINARY,27.0,1998-04-15, matthew.ramirez@corp.net ,(864) 122-4643,3711 Main St,Austin,TX,usa,16648,Marketing,Senior Developer,Richard Jones,Active,remote,2019-07-31,2022-04-15,4.1,PhD,79707.77,7542.94,0.32,4.0,88.4,3.4,7,40,4,16,8,Excellent,Citibank,savings,Barbara Martinez,744-914-7363,MARRIED,Mexican,Day,Contract,,,False,Blue Cross Blue Shield,Completed leadership onboarding,2026-07-04 20:21:02
828,EMP-76878,Sandra,Hernandez,Sandra Hernandez,Non-Binary,19.0,2007-08-04,SANDRA.HERNANDEZ@CORP.NET,739-121-8536,5787 Maple Rd,philadelphia,PA,USA,22697,Sales,Systems Administrator,Sarah Taylor,active,REMOTE,2020-07-19,2020-12-19,1.9,High School,35000.0,2086.7,0.32,2.0,94.6,1.1,3,53,4,11,10,EXCELLENT,Wells Fargo,Savings,Christopher Ramirez,161-499-1795,Single,American,Shift 2,PT,,,False,Blue Cross Blue Shield,N/A,2026-07-14 20:21:02
829,EMP-29945,Betty,Gonzalez,Betty Gonzalez,Non-Binary,27.0,1998-01-02,betty.gonzalez@corp.net,(935) 813-8763,6087 Park Ave,Denver,CO,usa,25784,Marketing,Accountant,Thomas Martin,active,hybrid,2013-05-18,,2.7,bachelor,56588.34,10259.01,0.15,1.0,92.5,15.3,4,8,0,21,11,good,TD Bank,Checking,Christopher Williams,606-647-4428,Divorced,British,Shift 1,Contract,10.0,WS-10-34 ,False,Cigna,High potential,2026-06-29 20:21:02
830,EMP-86044,Jessica,Miller,Jessica Miller,Male,41.0,1984-01-07,jessica.miller@enterprise.org,(669) 956-7301,6801 Park Ave,sEATTLE,WA,United States,34832,Customer Support,Accountant,Elizabeth Moore,active,remote,2014-12-31,2024-12-09,3.6,Masters,78621.25,8020.1,0.24,3.0,100.0,0.0,8,61,3,26,0,Excellent,Chase,Checking,Susan Harris,596-229-6500,MARRIED,Canadian,NIGHT,contract,,,False,UnitedHealth,N/A,2026-07-28 20:21:02
831,EMP-87168,Mary,Gonzalez,Mary Gonzalez,Male,43.0,,mary.gonzalez@company.com,601-205-1317,7380 Maple Rd,Austin,tx,US,34287,Legal,Sales Executive,William Jackson,Active,Hybrid,2023-09-12,2025-09-18,5.9,bachelor,80143.98,14800.51,0.22,,93.8,0.0,8,33,5,17,10,Needs Improvement,Chase,CHECKING,William Thomas,324-588-1155,single,German,NIGHT,FT,12.0,WS-12-52,True,Blue Cross Blue Shield,High potential,2026-08-04 20:21:02
832,EMP-93085,Robert,Miller,Robert Miller,fEMALE,38.0,1988-05-05,robert.miller@corp.net,467-955-1538,4030 Park Ave,denver,co,usa,59490,Sales,Accountant,David Taylor,Terminated,Hybrid,2013-08-03,2025-05-18,6.4,Master's,71713.3,4814.25,0.24,3.0,96.1,0.0,3,76,3,20,7,Excellent,Citibank,CHECKING,Elizabeth Ramirez,654-314-2453,MARRIED,Mexican,NIGHT,FT,2.0,WS-02-60,False,UnitedHealth,Pending annual review,2026-06-14 20:21:02
833,EMP-14546,Karen,Williams,Karen Williams,prefer not to say,28.0,1997-09-23,karen.williams@company.com,132-992-8022,5889 Main St,Philadelphia,PA,usa,65583,Sales,Software Engineer,Margaret Davis,Active,REMOTE,2017-07-26,,2.9,BS,47229.15,3892.86,0.24,4.0,87.0,7.9,3,19,5,11,0,Needs Improvement,Wells Fargo,Checking,David Jackson,518-857-6964,single,American,Night,Contract,,,True,UnitedHealth,,2026-06-14 20:21:02
834,EMP-86022,Anthony,Gonzalez,Anthony Gonzalez,Non-Binary,42.0,1983-04-14,anthony.gonzalez@corp.net,871-446-3614,1415 Washington Blvd,san jose,CA,USA,77460,Sales,Marketing Specialist,Joseph Taylor,active,REMOTE,2022-02-06,,,Bachelor's,64751.9,12714.01,0.24,3.0,90.5,7.0,7,77,3,26,1,Needs Improvement,TD Bank,Checking,Daniel Brown,837-685-8574,Single,British,Shift 1,Full-Time,,,True,Kaiser Permanente,Transferred from regional branch,2026-06-09 20:21:02
835,EMP-88849,Sarah,Lee,Sarah Lee,NON-BINARY,44.0,1981-05-15,sarah.lee@enterprise.org,(271) 954-3726,9368 Oak Ave,Dallas,TX,U.S.A.,13926,Engineering,Sales Executive,William Davis,Terminated,REMOTE,2014-08-13,,12.1,BS,55122.75,3057.95,0.22,5.0,97.1,7.9,10,58,1,17,12,Excellent,Chase,Checking,,545-547-8247,Divorced,German,Night,contract,,,False,Cigna,,2026-07-18 20:21:02
836,EMP-97916,Mary,Clark,Mary Clark,Female,35.0,1991-05-28,mary.clark@corp.net,778-180-9810,4727 Main St,Seattle,wa,U.S.A.,20548,Sales,Software Engineer,Mark Lee,On Leave,Onsite,2020-10-15,,4.3,Master's,64929.92,5879.69,0.22,4.0,94.5,3.2,9,68,3,6,11,Good,CITIBANK,savings,Jennifer Clark,386-609-7123,MARRIED,Indian,Day,contract,13.0,WS-13-16,False,UnitedHealth,,2026-07-18 20:21:02
837,EMP-77431,Linda,Sanchez,Linda Sanchez,MALE,34.0,1992-05-30,linda.sanchez@enterprise.org,440-336-3246,3527 Main St,Phoenix,AZ,United States,61215,IT,Accountant,Lisa Smith,Terminated,hybrid,2020-11-26,2024-02-29,7.4,Masters,67046.41,12075.9,0.22,4.0,89.1,29.5,4,57,0,19,1,Needs Improvement,Citibank,CHECKING,James Anderson,512-901-2904,Single,British,Shift 2,Contract,5.0,WS-05-51,False,Cigna,Completed leadership onboarding,2026-07-10 20:21:02
838,EMP-35562,Daniel,Moore,dANIEL mOORE,Female,42.0,1983-03-01,DANIEL.MOORE@COMPANY.COM,684-662-4047,9321 Oak Ave,atlanta,GA,usa,16022,HR,Sales Executive,Anthony Thompson,ACTIVE,Remote,2023-02-01,2023-11-22,5.3,Bachelor's,101295.6,7037.6,0.22,5.0,92.2,0.0,8,1,5,14,5,good,Wells Fargo,CHECKING,,841-583-5861,Single,American,Night,PT,,,True,Aetna,,2026-06-18 20:21:02
839,EMP-50913,Karen,Davis,Karen Davis,Female,49.0,1977-12-02,karen.davis@company.com,867-566-4255,4750 Washington Blvd,Seattle,wa,USA,20032,Customer Support,  Support Agent   ,Patricia Lee,On Leave,hybrid,2018-06-21,2021-09-11,0.6,BS,67391.85,5754.81,0.32,5.0,93.3,27.8,9,74,1,25,10,Excellent,CHASE,Checking,Nancy Moore,630-804-2229,single,Canadian,Night,Part-Time,12.0,WS-12-28,False,Cigna,Transferred from regional branch,2026-08-02 20:21:02
840,EMP-21881,Karen,Lewis,,Female,49.0,1976-09-13,karen.lewis@company.com,407-194-9125,809 Oak Ave,Dallas,tx,usa,27116,MARKETING,Operations Manager,,ACTIVE,Remote,2021-12-21,2021-12-17,10.4,bachelor,70949.52,,0.22,3.0,92.4,3.8,7,26,0,6,6,Excellent,Citibank,checking,Elizabeth Lewis,661-579-8668,MARRIED,Mexican,Shift 2,Full-Time,,,False,Kaiser Permanente,,2026-06-29 20:21:02
841,EMP-64662,Robert,White,Robert White,male,23.0,2002-11-13,robert.white@corp.net,(706) 750-3932,7943 Washington Blvd,houston,TX,USA,52599,Customer Support,Legal Counsel,Mary Martinez,On Leave,Onsite,2020-03-06,,14.6,Master's,80952.1,10191.71,0.24,1.0,89.6,16.8,3,6,2,20,3,EXCELLENT,Capital One,CHECKING,Sarah Clark,229-495-4675,MARRIED,British,Shift 1,Full-Time,4.0,WS-04-39,False,Blue Cross Blue Shield,Pending annual review,2026-07-31 20:21:02
842,EMP-17813,Michael,Thomas  ,Michael Thomas,Male,28.0,1998-11-17, michael.thomas@enterprise.org ,978-995-9696,4423 Main St,Houston,TX,USA,50842,Sales,Senior Developer,Sandra Brown,ACTIVE,hybrid,2023-04-13,2023-06-13,6.4,Master's,62713.54,5829.4,0.24,2.0,91.5,0.0,1,27,0,26,10,satisfactory,Wells Fargo,Checking,Thomas Brown,625-458-4869,single,Canadian,day,Part-Time,6.0,WS-06-78,False,Kaiser Permanente,Completed leadership onboarding,2026-07-19 20:21:02
843,EMP-41484,Joseph,Robinson,Joseph Robinson,Female,47.0,1978-12-28,joseph.robinson@corp.net,240-109-9706,8225 Park Ave,New York,NY,US,30051,CUSTOMER SUPPORT,HR Specialist,Lisa Rodriguez,Active,REMOTE,2016-03-27,2021-02-11,1.1,Bachelor's,107175.62,6075.55,0.15,4.0,99.1,0.0,1,0,3,19,12,EXCELLENT,TD Bank,Checking,,842-923-4611,single,Canadian,Shift 1,PT,,,False,Blue Cross Blue Shield,N/A,2026-06-24 20:21:02
844,EMP-41596,Betty,Martin,BETTY MARTIN,NON-BINARY,48.0,1978-07-14,betty.martin@company.com,756-786-1770,5574 Park Ave,nEW yORK,NY,usa,15913,Operations,Senior Developer,Nancy Taylor,Active,hybrid,2022-12-13,2025-10-17,5.7,BS,72001.19,7341.37,0.15,2.0,87.8,0.0,5,74,1,22,11,Needs Improvement,WELLS FARGO,Savings,Mark Thompson,392-602-8673,Married,Indian,NIGHT,PT,7.0,WS-07-88,True,Aetna,High potential,2026-06-12 20:21:02
845,EMP-20553,Anthony,Sanchez,,Non-Binary,32.0,1993-07-13,anthony.sanchez@company.com,668-214-6925,6475 Park Ave,Atlanta,GA,United States,48157,Legal,Accountant ,Karen Smith,Active,Onsite,2024-03-22,,10.5,Bachelors,100921.26,6420.74,0.24,1.0,89.5,0.3,9,55,1,7,6,Excellent,Wells Fargo,checking,Linda Johnson,408-367-8844,Divorced,American,day,Part-Time,15.0,WS-15-39,True,Blue Cross Blue Shield,Pending annual review,2026-06-24 20:21:02
846,EMP-21173,Charles,Lewis,charles lewis,Female,26.0,2000-05-11,charles.lewis@enterprise.org,(412) 545-9515, 7372 Oak Ave,Boston,MA,U.S.A.,39218,Finance,Marketing Specialist,Linda Lewis,On Leave,hybrid,2018-07-24,,13.7,Master's,77856.19,11099.42,0.15,2.0,92.1,0.0,9,12,4,16,10,Good,TD Bank,Checking,Anthony Hernandez,905-195-5147,MARRIED,Mexican,NIGHT,Part-Time,8.0,WS-08-38,False,Blue Cross Blue Shield,Transferred from regional branch,2026-06-23 20:21:02
847,EMP-46710,Jessica,Williams,Jessica Williams,Male,31.0,1994-05-28,jessica.williams@company.com,518-197-4807,7834 Main St,Houston,TX,United States,52154,Product,Systems Administrator,Mark Rodriguez,ACTIVE,Hybrid,2022-05-23,2021-03-29,1.1,Bachelors,64276.56,12038.11,0.22,2.0,93.7,24.2,9,46,5,8,10,Good,Chase,CHECKING,Matthew Clark,885-558-5556,single,British,Shift 1,FT,6.0,WS-06-84,True,Blue Cross Blue Shield,,2026-07-23 20:21:02
848,EMP-39742,Jessica,Clark,Jessica Clark,Non-Binary,37.0,1988-04-24, jessica.clark@enterprise.org ,(984) 159-6384,8935 Washington Blvd,Dallas,tx,United States,41421,Finance,Senior Developer,Jessica Martinez,ACTIVE,Hybrid,2016-06-27,,6.9,Master's,67562.84,,0.22,3.0,91.4,26.0,8,35,0,24,3,satisfactory,Capital One,CHECKING,Daniel Lewis,386-586-4217,MARRIED,German,Shift 1,FT,3.0,WS-03-23,False,Cigna,Pending annual review,2026-07-06 20:21:02
849,EMP-20625,Thomas,Moore,Thomas Moore,prefer not to say,44.0,1981-03-08,thomas.moore@enterprise.org,223-818-8497,9761 Maple Rd,Austin,TX,US,49121,Legal,Software Engineer,David Davis,On Leave,hybrid,2020-09-07,2025-02-12,4.0,MS,95067.66,10440.07,0.24,2.0,95.6,0.0,7,28,0,6,7,Needs Improvement,Capital One,Savings,Michael Thompson,889-943-2248,single,Canadian,NIGHT,contract,6.0,WS-06-63,True,Kaiser Permanente,,2026-06-17 20:21:02
850,EMP-23565,Lisa,Gonzalez,Lisa Gonzalez,pREFER nOT TO sAY,53.0,1972-04-29,lisa.gonzalez@enterprise.org,573-317-5896,132 Main St,Phoenix,AZ,US,68766,Sales,Systems Administrator,Charles Garcia,active,hybrid,2020-12-09,2021-02-10,20.1,MS,65595.13,12211.06,0.15,5.0,92.9,0.0,7,69,3,12,10,good,TD Bank,savings,Anthony Wilson,484-494-4773,Married,Indian,Night,FT,1.0,WS-01-12,False,Blue Cross Blue Shield,,2026-07-28 20:21:02
851,EMP-35657,Thomas,Davis,Thomas Davis,Female,35.0,1990-01-05, thomas.davis@corp.net ,972-756-9233,8562 Oak Ave,Seattle,WA,USA,18994,sales,HR Specialist,James Jones,Terminated,Onsite,2015-03-31,,11.0,Masters,101519.4,10983.42,0.32,3.0,91.7,4.1,7,50,3,10,6,Good,Citibank,checking,Sandra Miller,642-305-4229,Married,Canadian,NIGHT,contract,9.0, WS-09-43,False,Blue Cross Blue Shield,,2026-07-19 20:21:02
852,EMP-85498,Sarah,Lopez,Sarah Lopez,Non-Binary,47.0,1978-02-26,sarah.lopez@corp.net,429-407-8675,4488 Washington Blvd,chicago,IL,usa,28569,Product,Operations Manager,Mark Thomas,Terminated,Onsite,2021-08-18,2020-06-27,9.2,Bachelor's,44345.99,2523.41,0.32,5.0,94.0,13.6,1,6,1,10,0,EXCELLENT,TD Bank,savings,Elizabeth Harris,623-270-3236,Divorced,Canadian,Night,Full-Time,10.0,  WS-10-49  ,True,Blue Cross Blue Shield,Pending annual review,2026-06-08 20:21:02
853,EMP-13039,Jennifer,Lopez,Jennifer Lopez,male,36.0,1990-02-17,JENNIFER.LOPEZ@ENTERPRISE.ORG,(895) 498-6234,5067 Park Ave,San Antonio,TX,usa,13423,Finance,Legal Counsel,Margaret Thomas,On Leave,Remote,2013-05-01,2022-02-23,11.9,Bachelor's,80947.9,,0.15,3.0,94.5,5.9,6,67,4,24,4,good,Chase,CHECKING,Anthony Smith,689-846-9964,MARRIED,Canadian,Night,FT,,,True,UnitedHealth,,2026-07-29 20:21:02
854,EMP-39303,Nancy,Wilson,Nancy Wilson,Prefer Not to Say,18.0,2008-04-23,nancy.wilson@corp.net,(759) 921-8546,5610 Oak Ave,Denver,CO,USA,80959,CUSTOMER SUPPORT,Senior Developer,Anthony Martin,ACTIVE,Hybrid,2016-01-18,2025-01-23,7.2,Bachelors,77860.98,12581.73,0.32,2.0,99.2,14.4,5,11,2,26,3,Excellent,TD Bank,savings,Lisa Perez,725-419-5928,Single,British,Night,Part-Time,14.0,WS-14-28,True,Kaiser Permanente,,2026-07-11 20:21:02
855,EMP-32815,Daniel,Robinson,Daniel Robinson,Male,32.0,1993-06-21,daniel.robinson@company.com,(579) 422-8968,1885 Maple Rd,Houston,TX,US,19172,Marketing,HR Specialist,Robert Brown,On Leave,REMOTE,2015-06-14,,13.3,MS,98022.59,,0.24,2.0,93.9,4.5,7,66,2,8,7,Excellent,Citibank,Checking,Richard Jackson,602-929-6402,Married,Canadian,Shift 2,Part-Time,,,True,Blue Cross Blue Shield,N/A,2026-06-07 20:21:02
856,EMP-82282,Christopher,Harris,christopher harris,FEMALE,51.0,1974-07-31,christopher.harris@company.com,321-763-9425,4994 Oak Ave,San Antonio,TX,U.S.A.,45965,Finance,Data Analyst,Nancy Perez,Terminated,hybrid,2019-07-14,,11.6,bachelor,83586.82,,0.22,4.0,96.9,5.0,5,68,3,18,12,Good,TD Bank,Checking,Robert Taylor,518-720-6711,Married,American,Day,Full-Time,12.0,WS-12-86,True,Blue Cross Blue Shield,N/A,2026-07-10 20:21:02
857,EMP-71858,Daniel,Moore,Daniel Moore,MALE,36.0,1989-05-14,daniel.moore@corp.net,(376) 272-4480,4253 Washington Blvd,Dallas,TX,United States,51881,Customer Support,  Sales Executive,Thomas Lewis,Terminated,hybrid,2012-12-25,,5.2,bachelor,63913.24,8455.61,0.24,5.0,100.0,13.8,5,0,3,6,2,good,Capital One,Checking,Charles Lee,414-149-6658,Married,American,day,PT,10.0,  WS-10-89,True,Kaiser Permanente,High potential,2026-08-03 20:21:02
858,EMP-31337,Charles,Davis,Charles Davis,Male,51.0,1975-08-16,charles.davis@company.com,958-812-8354,6223 Oak Ave,San Jose,CA,United States,28337,Operations,Legal Counsel,Matthew Lee,ACTIVE,Onsite,2018-10-24,2024-09-26,1.0,Masters,86718.08,5600.07,0.15,1.0,91.3,7.9,5,34,2,25,8,Good,cHASE,checking,Matthew Wilson,118-794-2155,MARRIED,American,Day,FT,2.0,WS-02-41,False,Cigna,,2026-06-25 20:21:02
859,EMP-53890,Patricia,Thompson,Patricia Thompson,PREFER NOT TO SAY,31.0,1994-09-07, patricia.thompson@corp.net ,120-205-3592,3462 Maple Rd,Los Angeles,CA,usa,19089,Customer Support,Data Analyst,James Rodriguez,Active,REMOTE,2021-10-01,2024-10-06,3.3,PhD,72669.79,6832.34,0.22,4.0,100.0,0.0,10,36,4,28,1,good,Capital One,Savings,John Lewis,692-775-1027,single,American,Day,Contract,,,False,Kaiser Permanente,,2026-08-01 20:21:02
860,EMP-92350,Daniel,Garcia,dANIEL gARCIA,Prefer Not to Say,29.0,1996-04-01,daniel.garcia@corp.net,129-620-9474,3350 Park Ave,Seattle,wa,US,84876,Sales,Systems Administrator,Anthony Thomas,Active,Remote,2023-01-14,,0.5,BS,76195.36,11230.35,0.22,3.0,99.7,0.0,7,78,5,14,6,EXCELLENT,Wells Fargo,Savings,Sandra Anderson,479-127-7003,single,Mexican,Shift 1,contract,,,True,Cigna,Completed leadership onboarding,2026-07-23 20:21:02
861,EMP-46244,Linda,Lee,Linda Lee,MALE,27.0,1998-06-23,linda.lee@enterprise.org,(404) 159-5871,5262 Washington Blvd,Chicago,il,usa,19218,Engineering,Marketing Specialist,,Active,Hybrid,2022-05-21,2024-05-04,12.2,Bachelors,54281.78,5620.35,0.15,2.0,94.3,2.3,8,36,3,17,6,satisfactory,Capital One,savings,Jessica White,907-289-5999,Married,British,Night,FT,9.0,WS-09-49,True,Kaiser Permanente,Completed leadership onboarding,2026-07-09 20:21:02
862,EMP-23891,Robert,Harris,Robert Harris,Prefer Not to Say,47.0,1978-10-21,robert.harris@corp.net,516-823-2995,275 Maple Rd,Chicago,IL,USA,83272,mARKETING,Legal Counsel,Thomas Rodriguez,Active,remote,2015-08-01,,10.3,MS,51412.62,5590.88,0.32,3.0,95.9,13.0,2,45,1,21,0,satisfactory,Citibank,checking,Joseph Harris,216-530-7149,Single,German,Night,contract,,,True,Aetna,,2026-07-10 20:21:02
863,EMP-58650,Matthew,   Davis  ,Matthew Davis,Non-Binary,53.0,1973-10-27, matthew.davis@company.com ,918-679-7809,6061 Oak Ave,Houston,TX,U.S.A.,16294,engineering,Sales Executive,Lisa Sanchez,ACTIVE,remote,2020-07-20,2020-02-21,11.3,High School,37791.04,3679.26,0.24,2.0,99.3,10.5,6,67,5,21,3,Excellent,Bank of America,savings,Mary Garcia,521-655-7397,Single,Canadian,day,PT,,,True,Blue Cross Blue Shield,N/A,2026-06-27 20:21:02
864,EMP-61623,Sandra,Lopez,Sandra Lopez,Prefer Not to Say,34.0,1992-01-10,sandra.lopez@corp.net,922-188-2129,6467 Maple Rd,Philadelphia,pa,usa,35784,Sales,Accountant,Robert Wilson,On Leave,REMOTE,2018-01-06,2024-06-08,4.1,Bachelor's,82583.06,8205.73,0.15,4.0,100.0,5.0,1,47,3,21,7,good,citibank,Checking,Jessica Robinson,792-737-7240,Divorced,German,NIGHT,FT,,,,UnitedHealth,Transferred from regional branch,2026-07-26 20:21:02
865,EMP-69820,Karen,Thomas,Karen Thomas,female,49.0,1977-09-20,karen.thomas@corp.net,924-256-2731,5249 Park Ave,San Diego,CA,usa,81577,Marketing,Support Agent,Anthony Martinez,ACTIVE,REMOTE,2012-07-03,2025-11-10,7.6,Masters,92068.43,16906.07,0.24,4.0,93.2,0.9,7,57,4,24,7,satisfactory,Bank of America,checking,Sandra Wilson,764-121-3049,Married,Canadian,Shift 2,FT,,,True,Blue Cross Blue Shield,,2026-06-16 20:21:02
866,EMP-91197,Elizabeth,Harris,Elizabeth Harris,Prefer Not to Say,43.0,1983-01-28,elizabeth.harris@enterprise.org,(909) 961-2313,4461 Main St,Austin,TX,United States,24118,IT,Operations Manager,Christopher Clark,Active,remote,2019-02-02,2022-06-12,10.1,Masters,69400.13,,0.15,1.0,88.6,1.8,3,55,4,18,9,good,Citibank,savings,Margaret Taylor,952-344-4517,Married,Indian,Night,FT,,,True,Cigna,Transferred from regional branch,2026-07-23 20:21:02
867,EMP-65104,Charles,Taylor,charles taylor,Prefer Not to Say,41.0,1984-06-10,charles.taylor@company.com,753-408-8678,8996 Oak Ave,Denver,co,U.S.A.,86942,Sales,  Marketing Specialist,Jessica Perez,Active,Onsite,2021-09-05,2024-05-30,17.2,BS,51649.32,9591.32,0.24,3.0,97.6,2.4,7,68,2,24,2,Excellent,Bank of America,Checking,James Harris,913-454-8836,Divorced,German,Day,Contract,5.0,WS-05-27,True,Blue Cross Blue Shield,Pending annual review,2026-06-05 20:21:02
868,EMP-28864,James,Thompson,James Thompson,female,37.0,1988-10-14,james.thompson@enterprise.org,128-777-2980,1420 Washington Blvd,Denver,CO,USA,29246,Sales,Sales Executive,Mark Gonzalez,Terminated,REMOTE,2024-02-05,,6.8,Bachelor's,97336.68,10927.93,0.15,2.0,95.9,0.0,3,4,4,17,1,satisfactory,cHASE,Savings,Betty Smith,472-125-7241,MARRIED,Mexican,Shift 1,FT,,,True,Kaiser Permanente,,2026-08-04 20:21:02
869,EMP-98099,Matthew,Moore,Matthew Moore,Prefer Not to Say,30.0,1995-08-01,matthew.moore@enterprise.org,477-485-8032,6627 Oak Ave   ,Boston,MA,U.S.A.,33668,ENGINEERING,Systems Administrator,Charles Thomas,Active,Onsite,2016-05-10,,17.5,Master's,75986.17,,0.32,2.0,98.8,0.0,6,9,5,8,9,Excellent,Capital One,Checking,Karen Smith,741-622-2433,single,Canadian,day,Full-Time,10.0,WS-10-41 ,False,UnitedHealth,Pending annual review,2026-07-28 20:21:02
870,EMP-20250,Matthew,Moore,Matthew Moore,FEMALE,31.0,1995-06-07,matthew.moore@enterprise.org,628-419-3045,9618 Park Ave,NEW YORK,NY,US,34479,Sales,Senior Developer,William Sanchez,Active,hybrid,2020-12-20,2020-12-17,9.8,BS,81222.2,5697.05,0.32,4.0,85.6,8.3,2,70,1,28,8,Excellent,Wells Fargo,checking,Daniel Jackson,324-280-2218,single,Canadian,Shift 1,Contract,7.0,WS-07-17,True,Blue Cross Blue Shield,Transferred from regional branch,2026-06-30 20:21:02
871,EMP-64252,Patricia,Sanchez,,Prefer Not to Say,26.0,1999-08-18,patricia.sanchez@corp.net,(371) 258-1974,1069 Oak Ave,Atlanta,GA,usa,84542,IT,  Product Manager   ,Charles Garcia,ACTIVE,Hybrid,2021-08-27,2020-10-21,9.7,Bachelor's,104160.51,7448.45,0.22,4.0,87.5,35.0,7,62,0,17,11,good,Bank of America,Checking,Robert Jones,181-138-3713,Single,American,day,Part-Time,1.0,WS-01-80,,Kaiser Permanente,High potential,2026-07-21 20:21:02
872,EMP-93535,Patricia,Clark,Patricia Clark,Male,41.0,1984-09-10,patricia.clark@corp.net,335-154-8893,2437 Park Ave,Boston,ma,usa,71849,Operations,   Product Manager,Robert Ramirez,On Leave,hybrid,2020-12-13,2020-04-02,9.0,Bachelors,,16239.61,0.32,5.0,100.0,2.1,8,4,4,19,8,Good,Bank of America,CHECKING,Karen Williams,636-430-6052,Married,American,NIGHT,FT,11.0,WS-11-93,False,Blue Cross Blue Shield,Transferred from regional branch,2026-07-18 20:21:02
873,EMP-32340,Nancy,Davis,Nancy Davis,Non-Binary,49.0,1976-01-10,NANCY.DAVIS@CORP.NET,101-635-8423,9960 Park Ave,Phoenix,az,US,98371,Engineering,Product Manager,Anthony Clark,On Leave,remote,2023-03-07,,15.5,High School,70012.72,8225.93,0.22,3.0,100.0,7.5,2,1,5,8,12,good,BANK OF AMERICA,CHECKING,Thomas Jackson,591-361-5668,Married,American,Shift 2,PT,,,True,UnitedHealth,Completed leadership onboarding,2026-07-11 20:21:02
874,EMP-47679,Karen,Brown,KAREN BROWN,Prefer Not to Say,40.0,1985-07-05,karen.brown@company.com,(922) 731-1224,4906 Oak Ave,Los Angeles,ca,U.S.A.,31156,Product,Product Manager,Sandra Lee,active,remote,2016-06-16,2020-04-10,0.5,PhD,86062.98,8694.71,0.22,2.0,92.3,2.1,10,46,0,12,3,Excellent,Chase,savings,Lisa Martin,374-301-3185,Divorced,Indian,day,Part-Time,,,False,Cigna,Transferred from regional branch,2026-07-02 20:21:02
875,EMP-35576,Nancy,Robinson,Nancy Robinson,Male,36.0,1990-05-25,nancy.robinson@corp.net,(966) 213-7159,5920 Maple Rd,Seattle,WA,US,88526,Finance,Software Engineer,William Thomas,Terminated,remote,2018-09-21,2022-12-27,3.9,Masters,,6515.09,0.24,2.0,100.0,0.0,10,29,0,25,8,EXCELLENT,CHASE,CHECKING,Jessica Garcia,294-681-9905,Single,Canadian,Day,contract,,,True,Cigna,Completed leadership onboarding,2026-07-07 20:21:02
876,EMP-31545,Nancy,Miller,nancy miller,prefer not to say,42.0,1983-09-07,nancy.miller@corp.net,541-793-5435,625 Maple Rd,New York,NY,U.S.A.,19872,sales,Systems Administrator,Jessica Davis,Active,Onsite,2023-07-01,2023-05-21,0.5,Masters,86015.75,7187.14,0.24,3.0,94.0,0.0,4,54,3,26,0,Excellent,Bank of America,Checking,Jessica Lee,237-208-2929,Married,Mexican,day,Full-Time,4.0,WS-04-13,False,Aetna,,2026-06-08 20:21:02
877,EMP-94024,Thomas,Williams,Thomas Williams,Male,38.0,1987-09-07,thomas.williams@company.com,824-561-7618,4377 Washington Blvd,Dallas,TX,United States,45889,Finance,Marketing Specialist,Michael Ramirez,Active,Remote,2016-12-04,2020-06-20,12.1,Bachelors,98664.54,6399.79,0.22,2.0,90.7,0.4,1,15,1,25,8,satisfactory,Chase,Checking,Matthew Smith,239-701-6635,single,German,NIGHT,PT,,,True,UnitedHealth,High potential,2026-07-13 20:21:02
878,EMP-64539,Anthony,Wilson,Anthony Wilson,Female,18.0,2008-04-11,anthony.wilson@company.com,(428) 459-5304,5023 Washington Blvd,San Antonio,tx,U.S.A.,63024,Engineering,Marketing Specialist,Mark Harris,Terminated,Onsite,2015-06-16,,6.4,Master's,107867.56,11360.49,0.24,5.0,96.8,0.0,9,77,3,15,6,EXCELLENT,Capital One,CHECKING,Barbara Rodriguez,711-979-6142,MARRIED,Indian,Shift 2,Contract,6.0,WS-06-64,True,UnitedHealth,,2026-06-21 20:21:02
879,EMP-52972,Robert,Garcia,,Male,29.0,1996-06-17, ROBERT.GARCIA@ENTERPRISE.ORG ,570-239-4038,3170 Main St,New York,ny,United States,28013,Human Resources,Sales Executive,Lisa Taylor,Active,Onsite,2017-05-15,2021-09-02,7.8,PhD,75360.34,9341.17,0.32,1.0,97.4,9.5,9,75,2,11,11,satisfactory,Wells Fargo,Savings,David Moore,352-928-6216,MARRIED,Mexican,Shift 1,Full-Time,6.0,WS-06-44,True,Kaiser Permanente,,2026-07-17 20:21:02
880,EMP-40839,James,Moore,james moore,Non-Binary,37.0,1988-11-01,james.moore@company.com,681-987-7253,8059 Park Ave,San Jose,CA,US,23226,Customer Support,Legal Counsel,Betty Wilson,Active,REMOTE,2018-06-19,,0.5,Master's,59791.64,8911.88,0.32,3.0,94.4,1.1,5,60,3,28,8,EXCELLENT,Capital One,savings,Sarah Davis,155-463-2601,Married,British,Shift 1,Full-Time,,,True,UnitedHealth,N/A,2026-06-22 20:21:02
881,EMP-16932,Patricia,Robinson,patricia robinson,Female,33.0,1993-07-10,PATRICIA.ROBINSON@COMPANY.COM,(454) 405-9512,6472 Main St,New York,NY,US,34584,IT,Operations Manager,Betty Wilson,Active,Hybrid,2014-10-15,2020-08-08,11.2,Master's,75452.62,14675.64,0.15,3.0,88.0,0.0,3,28,1,7,9,satisfactory,BANK OF AMERICA,Savings,Nancy Williams,668-227-2925,Single,Canadian,day,FT,8.0,WS-08-34,True,Cigna,Completed leadership onboarding,2026-06-30 20:21:02
882,EMP-88825,Margaret,Clark,Margaret Clark,Prefer Not to Say,28.0,1998-03-03,margaret.clark@enterprise.org,942-300-2448,3788 Park Ave,San Antonio,TX,United States,48457,ENGINEERING,Marketing Specialist ,William Gonzalez,Terminated,REMOTE,2023-09-09,,9.0,High School,73418.65,6403.63,0.22,4.0,92.1,18.6,2,43,1,26,5,Needs Improvement,Wells Fargo,Savings,,,Single,American,NIGHT,PT,,,True,Kaiser Permanente,,2026-07-21 20:21:02
883,EMP-76518,Barbara,Hernandez,BARBARA HERNANDEZ,Male,32.0,1994-04-23, barbara.hernandez@enterprise.org ,(910) 529-3270,150 Maple Rd,Phoenix,AZ,usa,21769,operations,Systems Administrator,Christopher Ramirez,Active,REMOTE,2014-04-24,,0.5,PhD,73777.96,14239.88,0.24,4.0,92.2,8.6,4,11,3,20,12,Needs Improvement,chase,Savings,Joseph Garcia,519-452-7306,Married,Indian,Night,Contract,,,True,Kaiser Permanente,Transferred from regional branch,2026-06-26 20:21:02
884,EMP-17933,James,Harris,James Harris,female,19.0,2006-05-16,james.harris@enterprise.org,236-482-7069,1921 Main St,Denver,CO,US,75921,Sales,Product Manager,Jennifer Sanchez,active,hybrid,2015-05-01,,11.9,Masters,61427.14,9904.53,0.32,5.0,93.4,4.6,4,55,3,8,6,EXCELLENT,TD Bank,checking,Matthew Jackson,615-743-2234,single,Canadian,NIGHT,PT,12.0,WS-12-26,False,UnitedHealth,Completed leadership onboarding,2026-07-13 20:21:02
885,EMP-10417,Charles,Anderson,charles anderson,prefer not to say,40.0,1986-06-11,charles.anderson@enterprise.org,867-259-9130,4649 Maple Rd,New York,NY,United States,61102,Sales,Product Manager,Susan Ramirez,Active,Remote,2014-03-18,,6.4,Master's,80610.65,6030.58,0.15,3.0,100.0,12.1,9,9,1,11,6,satisfactory,Capital One,savings,Mary Taylor,277-337-3427,Divorced,American,Day,Part-Time,,,False,Aetna,N/A,2026-06-29 20:21:02
886,EMP-99437,Margaret,Martinez,margaret martinez,Male,46.0,1979-06-12,margaret.martinez@company.com,399-180-5544,4617 Maple Rd,Chicago,IL,usa,59033,Human Resources,Accountant,Michael Smith,Active,hybrid,2017-11-18,2025-02-08,0.9,PhD,51976.93,10071.12,0.15,4.0,80.8,14.2,6,42,5,26,1,good,Bank of America,savings,William Jones,321-544-1868,single,American,Shift 1,FT,15.0,WS-15-30,True,Aetna,Transferred from regional branch,2026-06-15 20:21:02
887,EMP-47227,David,Miller,David Miller,Prefer Not to Say,28.0,1997-04-11,david.miller@company.com,(631) 432-4682,  4576 Oak Ave  ,Dallas,TX,U.S.A.,24026,it,Systems Administrator,Charles Moore,On Leave,Hybrid,2024-12-02,2022-07-15,2.2,High School,92472.57,4929.3,0.32,5.0,94.8,9.4,10,15,3,20,1,good,Wells Fargo,Checking,Nancy Jackson,540-540-9065,MARRIED,Mexican,Shift 1,Full-Time,12.0,WS-12-64,True,Kaiser Permanente,N/A,2026-07-02 20:21:02
888,EMP-57960,Joseph,  Martin  ,JOSEPH MARTIN,Non-Binary,21.0,2005-08-22,JOSEPH.MARTIN@COMPANY.COM,(489) 794-9031,1011 Park Ave,Boston,ma,U.S.A.,25300,IT,Support Agent,Joseph Perez,On Leave,REMOTE,2019-02-05,,9.5,Bachelor's,93648.7,18358.54,0.24,2.0,92.9,8.2,7,75,4,16,7,EXCELLENT,Bank of America,CHECKING,Anthony Lopez,146-208-7921,Divorced,British,Day,contract,,,True,UnitedHealth,Completed leadership onboarding,2026-07-24 20:21:02
889,EMP-38990,Thomas,Harris,Thomas Harris,mALE,28.0,1997-10-30, thomas.harris@enterprise.org ,(505) 995-4014,2729 Oak Ave,Seattle,wa,U.S.A.,84427,Customer Support,Support Agent,Betty Smith,Terminated,Hybrid,2016-06-20,,8.2,PhD,102400.87,,0.32,4.0,86.8,0.8,1,46,4,20,3,EXCELLENT,Bank of America,Savings,Jessica Harris,907-945-1995,MARRIED,Canadian,Day,contract,7.0,WS-07-81,False,Cigna,High potential,2026-06-28 20:21:02
890,EMP-65016,Jessica,Jones,Jessica Jones,Male,42.0,1983-08-06,jessica.jones@corp.net,(873) 558-3394,9220 Oak Ave,New York,NY,U.S.A.,85798,legal,Legal Counsel,,Active,Hybrid,2015-10-09,2023-05-14,9.0,Masters,54606.09,3445.12,0.22,5.0,96.0,0.0,4,51,3,25,4,EXCELLENT,Chase,checking,Anthony Harris,,MARRIED,Mexican,Night,Full-Time,12.0,WS-12-75,True,UnitedHealth,,2026-07-16 20:21:02
891,EMP-80940,Margaret,Moore,Margaret Moore,Non-Binary,52.0,1974-07-17,margaret.moore@enterprise.org,928-826-7497,8181 Maple Rd,Dallas,TX,U.S.A.,99104,Sales,Product Manager,Mark Jones,Active,REMOTE,2020-12-09,2022-11-06,10.2,Master's,,10473.29,0.15,4.0,93.8,10.5,9,69,2,6,6,good,Chase,checking,Barbara Smith,543-784-1619,Married,German,Shift 1,contract,,,True,Blue Cross Blue Shield,High potential,2026-08-01 20:21:02
892,EMP-69808,Richard,  Garcia   ,Richard Garcia,Male,40.0,1985-07-04,richard.garcia@company.com,169-924-1569,3082 Park Ave,Atlanta,ga,United States,,Customer Support,Legal Counsel,Elizabeth Jones,active,remote,2014-10-07,2025-07-06,12.0,Masters,67077.08,10994.08,0.22,4.0,91.2,2.3,10,62,0,18,0,Good,Wells Fargo,Checking,Michael Anderson,394-849-6797,MARRIED,Mexican,Day,contract,,,False,Aetna,N/A,2026-06-11 20:21:02
893,EMP-92175,John,Rodriguez,JOHN RODRIGUEZ,Female,39.0,1986-11-16, john.rodriguez@corp.net ,327-969-5783,4441 Oak Ave,Chicago,IL,United States,17439,Sales,Operations Manager,Anthony Jones,On Leave,Onsite,2021-06-12,2023-04-06,9.5,Bachelors,51215.35,6409.52,0.24,2.0,100.0,2.0,6,54,2,18,6,Excellent,Capital One,CHECKING,Mary Clark,849-145-7318,Divorced,Indian,Shift 1,contract,10.0,WS-10-88,False,UnitedHealth,,2026-07-09 20:21:02
894,EMP-46741,Richard,Perez,Richard Perez,mALE,36.0,1989-04-16,richard.perez@corp.net,112-317-3720,4291 Maple Rd,Phoenix,az,usa,27799,Sales,Marketing Specialist,Robert Brown,Active,Onsite,2012-05-13,,16.1,Master's,86262.71,4868.27,0.15,5.0,88.4,0.4,5,51,4,6,5,Needs Improvement,TD BANK,Savings,Jessica Wilson,,single,Mexican,Night,Contract,2.0,WS-02-12,False,Kaiser Permanente,,2026-07-22 20:21:02
895,EMP-52394,William,Lewis,William Lewis,MALE,34.0,1991-11-02,WILLIAM.LEWIS@CORP.NET,674-440-6264,2474 Main St,New York,NY,USA,85150,IT,Senior Developer,Matthew Garcia,Active,REMOTE,2021-11-08,,0.5,Master's,67233.06,5547.25,0.15,5.0,93.5,2.3,4,16,4,6,10,Excellent,Bank of America,Savings,Sarah Miller,997-393-5382,MARRIED,American,Shift 2,PT,,,True,Cigna,,2026-07-01 20:21:02
896,EMP-25814,  Betty  ,Williams,Betty Williams,Male,33.0,1992-06-26,betty.williams@company.com,(142) 985-4344, 7659 Oak Ave,Philadelphia,PA,usa,19765,Finance,Marketing Specialist,Richard Gonzalez,Active,REMOTE,2014-06-30,2024-03-24,15.4,Bachelor's,67725.94,9405.17,0.24,1.0,105.0,0.4,5,53,5,8,11,Excellent,Chase,CHECKING,William Martin,363-562-7099,Married,Indian,Day,Full-Time,,,False,Blue Cross Blue Shield,Pending annual review,2026-07-23 20:21:02
897,EMP-58427,Linda,Miller,Linda Miller,Male,51.0,,linda.miller@company.com,245-444-6372,9251 Washington Blvd  ,Phoenix,az,usa,78312,Engineering,Software Engineer,Michael Johnson,Terminated,Onsite,2022-10-17,2022-10-21,6.9,High School,92191.7,18138.03,0.32,4.0,95.4,4.9,10,51,5,10,11,Needs Improvement,Citibank,CHECKING,Charles Anderson,601-123-2932,Married,American,Shift 1,Part-Time,14.0,WS-14-55,True,Aetna,Transferred from regional branch,2026-06-08 20:21:02
898,EMP-68318,Jennifer,Taylor,Jennifer Taylor,Male,36.0,1990-01-12, jennifer.taylor@enterprise.org ,575-388-5997,8995 Main St,San Diego,ca,US,54199,Finance,Operations Manager,William Ramirez,Active,Remote,2019-04-17,2024-07-20,8.8,Masters,78340.74,10872.92,0.22,5.0,97.1,0.0,7,25,4,27,2,Excellent,CAPITAL ONE,Savings,Charles Martinez,815-862-9229,single,British,Shift 1,Contract,,,False,Blue Cross Blue Shield,Pending annual review,2026-06-24 20:21:02
899,EMP-93326,Anthony,Robinson,Anthony Robinson,Female,43.0,1982-11-15,anthony.robinson@company.com,401-429-5663,8217 Main St,Dallas,TX,usa,55563,Human Resources,Data Analyst,Linda Gonzalez,ACTIVE,remote,2022-07-23,,7.1,High School,56773.29,5251.72,0.15,3.0,88.9,12.1,4,11,5,23,12,good,Chase,Savings,Barbara Taylor,236-799-9456,Divorced,German,Night,FT,,,True,Kaiser Permanente,High potential,2026-07-15 20:21:02
900,EMP-90192,Sandra,Williams,Sandra Williams,NON-BINARY,43.0,1983-11-22,sandra.williams@enterprise.org,554-483-7942,2133 Park Ave,Denver,co,US,,legal,HR Specialist,Joseph Harris,ACTIVE,Remote,2020-02-19,,5.1,BS,72356.61,,0.22,3.0,95.4,4.9,10,80,5,19,9,satisfactory,WELLS FARGO,savings,Christopher Garcia,,Divorced,Mexican,day,FT,,,True,UnitedHealth,,2026-06-23 20:21:02
901,EMP-91863,Thomas,Sanchez,Thomas Sanchez,Female,28.0,1998-05-10,thomas.sanchez@company.com,463-673-6237,723 Maple Rd,Atlanta,ga,United States,75796,Legal,   Operations Manager   ,Charles Gonzalez,Active,hybrid,2020-03-17,2022-08-23,2.6,MS,99243.17,7137.35,0.15,4.0,92.5,5.7,6,61,3,11,2,Needs Improvement,Wells Fargo,Checking,Richard Ramirez,172-996-6700,single,British,day,contract,7.0,WS-07-36,False,Blue Cross Blue Shield,Pending annual review,2026-07-20 20:21:02
902,EMP-77700,Susan,Perez,Susan Perez,Male,35.0,1991-05-30,susan.perez@company.com,(741) 664-7661,8525 Washington Blvd,Philadelphia,pa,U.S.A.,26141,Legal,Support Agent,James Harris,Terminated,REMOTE,2015-11-14,2025-01-21,,bachelor,97920.6,11899.14,0.24,5.0,91.1,5.0,1,77,3,6,6,Good,TD Bank,Checking,Margaret Thompson,173-755-3844,Married,British,Shift 2,Full-Time,,,True,UnitedHealth,Completed leadership onboarding,2026-06-12 20:21:02
903,EMP-44107,Christopher,Smith,Christopher Smith,female,27.0,1998-03-07,christopher.smith@company.com,708-459-4122,5396 Main St,LOS ANGELES,CA,U.S.A.,26700,Marketing,Software Engineer,Sarah Jackson,ACTIVE,remote,2013-09-06,2022-06-07,18.6,MS,58187.85,6990.13,0.15,4.0,98.7,0.6,1,53,2,5,5,EXCELLENT,Chase,Savings,Sarah White,947-814-2593,Divorced,American,Shift 2,PT,,,True,Kaiser Permanente,Transferred from regional branch,2026-06-13 20:21:02
904,EMP-35144,David,Davis,David Davis,Male,35.0,1990-06-10, david.davis@corp.net ,180-400-2703,6402 Maple Rd,Chicago,IL,United States,38723,Finance,Legal Counsel,Lisa Lee,On Leave,REMOTE,2024-04-01,,,MS,65904.11,13113.91,0.32,5.0,89.8,0.0,10,27,0,24,5,good,Capital One,savings,David Jackson,747-349-5143,MARRIED,British,day,Part-Time,,,True,Kaiser Permanente,N/A,2026-06-11 20:21:02
905,EMP-75826,William,Rodriguez,William Rodriguez,female,31.0,1995-05-01,william.rodriguez@enterprise.org,132-769-3449,8417 Oak Ave,Dallas,TX,USA,90757,Engineering,Legal Counsel,Sarah Brown,active,Remote,2022-08-08,2021-04-05,7.3,Masters,94155.83,11891.56,0.24,3.0,96.0,0.0,3,44,3,20,2,EXCELLENT,TD BANK,checking,John Lewis,681-379-6935,Married,Indian,Shift 1,PT,,,True,UnitedHealth,,2026-07-24 20:21:02
906,EMP-99185,Mark   ,Ramirez,Mark Ramirez,Prefer Not to Say,41.0,1984-04-19,mark.ramirez@enterprise.org,(477) 433-8038,1380 Maple Rd,Denver,CO,United States,56532,OPERATIONS,Software Engineer,Jessica Miller,On Leave,hybrid,2013-08-13,2020-06-16,2.5,PhD,57384.92,,0.22,3.0,100.0,12.1,6,74,1,11,5,Needs Improvement,WELLS FARGO,checking,Nancy Williams,688-380-1644,single,British,Shift 2,FT,3.0,WS-03-39,True,Kaiser Permanente,,2026-06-17 20:21:02
907,EMP-16156,Joseph,Gonzalez,Joseph Gonzalez,Non-Binary,39.0,1987-10-11, joseph.gonzalez@enterprise.org ,(328) 808-8176,7939 Oak Ave,Atlanta,GA,usa,58921,IT,Software Engineer,Sandra Thomas,Active,REMOTE,2022-07-13,,0.5,PhD,69363.95,,0.32,1.0,95.5,4.6,7,23,4,17,10,good,Capital One,Savings,Jessica Davis,636-677-1962,Divorced,Canadian,Shift 2,PT,,,False,UnitedHealth,N/A,2026-08-04 20:21:02
908,EMP-92638,Christopher,Lee,Christopher Lee,Non-Binary,37.0,1989-09-15, christopher.lee@company.com ,(947) 932-4759,2172 Main St,Houston,TX,US,52642,Sales,Legal Counsel,Susan Rodriguez,ACTIVE,Onsite,2018-05-09,,9.7,Bachelors,92826.07,8946.97,0.24,1.0,95.0,12.6,7,36,0,20,0,EXCELLENT,Chase,savings,Charles Smith,956-551-5354,Single,Canadian,NIGHT,Full-Time,7.0,WS-07-96,False,Kaiser Permanente,High potential,2026-07-01 20:21:02
909,EMP-52724,Susan,Jackson,Susan Jackson,Male,51.0,1975-06-04,susan.jackson@enterprise.org,588-437-4849,7668 Oak Ave,New York,NY,usa,88456,Product,Accountant,David Lewis,ACTIVE,remote,2013-05-23,,9.8,Bachelors,72385.26,7653.95,0.24,5.0,100.0,6.4,2,55,3,30,9,Excellent,cHASE,Checking,Lisa Martin,427-245-7648,Single,Mexican,Shift 2,FT,,,True,Cigna,Transferred from regional branch,2026-06-21 20:21:02
910,EMP-72202,Robert,Lewis,Robert Lewis,prefer not to say,41.0,1985-11-12,robert.lewis@company.com,(667) 192-4737,6390 Oak Ave,New York,NY,United States,94128,IT,Sales Executive,Lisa Lee,active,hybrid,2017-05-16,,7.5,Bachelor's,64704.35,8084.49,0.24,1.0,96.2,0.0,2,4,3,26,11,EXCELLENT,Capital One,CHECKING,Betty Williams,193-641-4321,MARRIED,German,day,FT,6.0,WS-06-34,False,UnitedHealth,,2026-07-31 20:21:02
911,EMP-83588,Jessica,Moore,Jessica Moore,MALE,37.0,1988-06-19,jessica.moore@corp.net,(638) 717-2303,   1193 Oak Ave ,Chicago,IL,United States,81606,engineering,Support Agent,Sandra Sanchez,On Leave,REMOTE,2020-01-17,2022-07-19,13.6,PhD,76722.22,14768.82,0.24,,91.3,5.4,3,4,3,9,12,Good,Capital One,Checking,Michael Thomas,698-406-2304,Married,American,day,PT,,,False,UnitedHealth,Pending annual review,2026-07-27 20:21:02
912,EMP-59083,David,Martinez,dAVID mARTINEZ,Non-Binary,35.0,1990-09-23,david.martinez@company.com,(422) 640-8064,3598 Main St,BOSTON,ma,United States,23046,MARKETING,Data Analyst,Daniel Davis,Active,hybrid,2021-06-06,2020-08-09,9.6,Bachelor's,79461.82,12808.52,0.22,2.0,100.0,0.0,10,3,4,22,3,satisfactory,td bank,savings,Charles Jackson,324-311-1765,Single,Canadian,day,contract,10.0,WS-10-20,False,Blue Cross Blue Shield,,2026-06-08 20:21:02
913,EMP-76867,Robert,Moore,Robert Moore,Male,19.0,2006-07-28,robert.moore@corp.net,655-354-7049,8696 Washington Blvd,Dallas,tx,U.S.A.,87722,Engineering,Legal Counsel,Mary Garcia,On Leave,Hybrid,2018-02-17,,8.6,Master's,97923.57,12675.88,0.32,3.0,94.5,3.6,10,23,5,29,7,EXCELLENT,Bank of America,savings,Sandra Lopez,248-915-3505,Divorced,Mexican,day,PT,1.0,WS-01-21,False,Kaiser Permanente,Pending annual review,2026-07-23 20:21:02
914,EMP-94862,Nancy,Martin,Nancy Martin,Prefer Not to Say,35.0,1990-04-20,nancy.martin@company.com,(448) 383-6314,2923 Washington Blvd,Houston,TX,United States,44154,legal,  Systems Administrator   ,Richard Wilson,ACTIVE,Hybrid,2018-11-10,2024-05-12,6.8,Masters,94727.53,5569.76,0.24,4.0,91.4,6.4,2,32,0,10,2,satisfactory,Bank of America,checking,Mark Clark,527-111-7176,MARRIED,British,Shift 1,Part-Time,3.0,WS-03-85,,UnitedHealth,N/A,2026-08-03 20:21:02
915,EMP-45563,Sarah,Taylor,Sarah Taylor,Prefer Not to Say,32.0,1993-04-22,sarah.taylor@enterprise.org,233-542-4499,694 Park Ave,Denver,CO,USA,72446,Marketing,Software Engineer,Barbara Martin,active,Onsite,2022-06-07,2024-10-01,5.6,Masters,84195.61,,0.32,1.0,94.1,0.0,4,26,1,29,4,Excellent,TD BANK,savings,Lisa Jones,598-816-5730,single,German,Night,Full-Time,9.0,WS-09-74,,Aetna,,2026-06-13 20:21:02
916,EMP-98934,Mary,Brown,Mary Brown,pREFER nOT TO sAY,24.0,2001-03-27,mary.brown@corp.net,444-580-8761,624 Maple Rd,Dallas,tx,United States,,hr,Support Agent,Jennifer Thomas,Active,hybrid,2018-10-21,,7.7,High School,73022.17,9842.2,0.32,3.0,99.9,12.4,3,59,0,25,5,satisfactory,Chase,Checking,Charles Rodriguez,857-651-3297,Married,British,Night,PT,5.0,WS-05-65,False,Kaiser Permanente,Completed leadership onboarding,2026-07-10 20:21:02
917,EMP-93465,Sarah,Harris,Sarah Harris,Prefer Not to Say,40.0,1985-11-15,SARAH.HARRIS@ENTERPRISE.ORG,566-709-4311,8946 Main St,Los Angeles,CA,U.S.A.,26783,Product,Data Analyst,Lisa Brown,Active,Remote,2016-12-02,2025-01-24,5.5,Bachelors,58072.81,3800.83,0.24,5.0,92.1,0.0,5,24,1,12,5,Needs Improvement,Chase,Savings,Mark Taylor,428-875-6558,MARRIED,British,Day,Full-Time,,,False,Blue Cross Blue Shield,Completed leadership onboarding,2026-07-04 20:21:02
918,EMP-87416,Daniel,Taylor,DANIEL TAYLOR,Prefer Not to Say,33.0,1993-02-03,daniel.taylor@corp.net,605-650-4189,9628 Park Ave,San Antonio,tx,usa,84319,Operations,Systems Administrator,James Thomas,ACTIVE,REMOTE,2023-06-22,2022-09-23,9.8,Bachelors,121981.52,19952.65,0.22,,91.4,0.0,6,19,5,27,6,Good,Citibank,checking,Sandra Hernandez,297-844-3917,Divorced,American,Shift 1,Contract,,,False,Kaiser Permanente,Transferred from regional branch,2026-07-17 20:21:02
919,EMP-75647,Betty,Moore,Betty Moore,Non-Binary,33.0,,betty.moore@corp.net,(917) 326-8418,4757 Oak Ave,Boston,MA,United States,96432,human resources,Product Manager,Jennifer Perez,Active,REMOTE,2024-05-20,2020-05-10,7.7,MS,82915.98,9360.45,0.24,2.0,96.3,5.7,3,19,0,20,2,EXCELLENT,Wells Fargo,CHECKING,,493-105-3905,Married,British,Shift 2,contract,,,True,Blue Cross Blue Shield,Pending annual review,2026-06-19 20:21:02
920,EMP-35002,Joseph,Moore,Joseph Moore,Female,20.0,2006-01-06,joseph.moore@company.com,(987) 878-1120,2196 Maple Rd,New York,NY,United States,87656,Engineering,Data Analyst  ,Mary Rodriguez,Active,remote,2017-09-17,,21.2,MS,92864.89,6016.64,0.15,5.0,93.7,0.0,3,73,2,6,1,EXCELLENT,Bank of America,Savings,Mark White,871-930-2983,MARRIED,German,NIGHT,Part-Time,,,False,Kaiser Permanente,High potential,2026-07-24 20:21:02
921,EMP-74868,Linda   , Hernandez ,Linda Hernandez,nON-bINARY,34.0,,linda.hernandez@corp.net,909-283-9850,5403 Main St,Los Angeles,CA,United States,91137,Human Resources,Operations Manager,Betty Williams,Active,Onsite,2014-05-19,2021-02-24,11.7,Masters,88543.63,7203.08,0.32,4.0,95.9,0.0,1,38,5,22,8,Excellent,Chase,checking,Richard Jones,130-744-1419,Married,German,Night,contract,8.0,WS-08-34,False,Kaiser Permanente,Pending annual review,2026-07-27 20:21:02
922,EMP-58922,Christopher,  White,Christopher White,Male,38.0,1987-03-15,christopher.white@company.com,418-923-5440,9545 Washington Blvd,seattle,wa,US,36495,Finance,Systems Administrator,Margaret Johnson,Active,Onsite,2020-11-18,2025-09-18,10.8,High School,40165.93,6993.65,0.15,2.0,93.1,31.9,5,5,2,5,2,good,Chase,savings,Margaret Taylor,427-802-1995,single,German,NIGHT,Part-Time,3.0,WS-03-53,False,Kaiser Permanente,High potential,2026-07-17 20:21:02
923,EMP-53558,Anthony,Lee,Anthony Lee,Non-Binary,40.0,1985-12-16,anthony.lee@enterprise.org,963-595-3385,1660 Maple Rd,sAN jOSE,CA,U.S.A.,39205,Customer Support,Legal Counsel,Michael Smith,Active,remote,2022-03-05,2022-03-18,2.5,Bachelors,55289.21,4226.59,0.15,5.0,90.2,5.2,7,33,2,24,8,EXCELLENT,Bank of America,Checking,David Moore,547-465-6973,single,German,Shift 1,contract,,,True,UnitedHealth,High potential,2026-06-09 20:21:02
924,EMP-48883,Matthew,Thompson,Matthew Thompson,Female,,1996-01-16,matthew.thompson@enterprise.org,(638) 315-2185,4767 Park Ave,BOSTON,MA,U.S.A.,45374,Finance,Accountant,Christopher Jackson,Terminated,remote,2018-08-21,,8.7,MS,70895.43,3582.12,0.24,,89.1,7.1,8,68,5,26,6,satisfactory,WELLS FARGO,savings,Michael Moore,,Divorced,German,day,Part-Time,,,False,Blue Cross Blue Shield,High potential,2026-07-03 20:21:02
925,EMP-87472,Lisa,Lewis,Lisa Lewis,Prefer Not to Say,29.0,1997-01-12,lisa.lewis@corp.net,(796) 402-4167,1391 Maple Rd,Houston,TX,USA,,Customer Support,Sales Executive,Charles Martinez,Active,remote,2021-12-08,2023-10-25,2.4,BS,69873.19,5539.26,0.32,2.0,92.3,34.0,2,50,0,30,6,Good,Citibank,checking,Mark Anderson,113-506-4483,Divorced,British,day,FT,,,True,Blue Cross Blue Shield,High potential,2026-06-13 20:21:02
926,EMP-63580,Joseph,Jackson,Joseph Jackson,Prefer Not to Say,36.0,1989-10-18,joseph.jackson@corp.net,452-525-4041,4760 Washington Blvd,Seattle,WA,U.S.A.,47971,Marketing,Accountant,Mary Brown,On Leave,REMOTE,2021-07-13,2020-07-03,10.2,Masters,91938.93,9213.93,0.15,4.0,95.7,0.1,5,78,5,22,10,satisfactory,Chase,savings,Patricia Taylor,491-408-9093,MARRIED,German,Shift 1,FT,,,False,Blue Cross Blue Shield,Pending annual review,2026-06-09 20:21:02
927,EMP-36568,Nancy,Garcia,Nancy Garcia,Female,38.0,1988-10-04,nancy.garcia@enterprise.org,545-528-8488,8104 Oak Ave,Houston,tx,USA,74856,Marketing,Senior Developer,John Rodriguez,On Leave,remote,2019-11-28,2025-04-07,10.8,MS,112132.95,20709.45,0.15,2.0,92.6,13.2,5,43,5,19,2,Good,TD Bank,Checking,Joseph Wilson,835-288-7925,MARRIED,German,Day,Full-Time,,,False,Cigna,Transferred from regional branch,2026-06-30 20:21:02
928,EMP-42015,Michael, Taylor   ,Michael Taylor,Prefer Not to Say,,1968-07-16,michael.taylor@corp.net,436-188-9774,9416 Washington Blvd,Houston,TX,usa,50315,Operations,Sales Executive,Charles Williams,active,Remote,2012-04-20,2024-12-10,19.4,High School,51479.6,6862.0,0.15,3.0,93.3,0.0,7,9,3,17,10,satisfactory,TD BANK,Checking,Richard Miller,638-457-4175,single,American,NIGHT,Full-Time,,,False,Blue Cross Blue Shield,Transferred from regional branch,2026-08-04 20:21:02
929,EMP-51219,Betty,Lee,Betty Lee,Prefer Not to Say,63.0,1962-09-17,BETTY.LEE@COMPANY.COM,(570) 168-4530,9407 Oak Ave,Dallas,TX,usa,46867,Sales,Sales Executive,Sarah Lewis,active,REMOTE,2012-07-09,,7.8,bachelor,79884.22,15515.91,0.24,2.0,87.4,11.9,8,66,1,14,5,satisfactory,TD Bank,Savings,,213-241-9468,single,Canadian,Shift 2,PT,,,False,Blue Cross Blue Shield,,2026-06-17 20:21:02
930,EMP-36038,Betty,Moore,Betty Moore,Non-Binary,40.0,1986-10-10, betty.moore@company.com ,376-309-2957,5371 Washington Blvd,Boston,MA,United States,41276,Marketing, Product Manager  ,Jessica Martinez,active,Onsite,2016-11-30,2024-10-06,,High School,43582.37,6175.68,0.32,1.0,100.0,14.8,6,29,0,26,0,good,Citibank,Checking,,,MARRIED,Indian,Shift 2,Contract,5.0,WS-05-39,False,Kaiser Permanente,Pending annual review,2026-06-05 20:21:02
931,EMP-95882,Sandra,Thomas,Sandra Thomas,Non-Binary,34.0,1992-03-11,sandra.thomas@enterprise.org,(868) 813-2290,  3046 Oak Ave,Boston,ma,USA,76026,Marketing,Software Engineer,Susan Martin,Active,Hybrid,2012-08-22,,2.3,BS,57976.74,4166.81,0.24,5.0,85.4,0.0,9,42,0,25,1,satisfactory,Citibank,CHECKING,Lisa Davis,174-932-2068,Married,German,Shift 2,FT,9.0,WS-09-54,True,UnitedHealth,,2026-06-06 20:21:02
932,EMP-73238,Susan,Robinson,susan robinson,Male,37.0,1988-01-15,susan.robinson@corp.net,(542) 969-5403,8590 Oak Ave,Houston,TX,U.S.A.,69108,Sales,Sales Executive,William Garcia,Active,hybrid,2023-06-25,2025-05-17,15.6,BS,82108.64,11266.22,0.15,3.0,100.0,4.2,10,33,5,21,9,Needs Improvement,bank of america,Checking,Thomas Harris,,single,British,NIGHT,Part-Time,10.0,WS-10-39,False,Cigna,,2026-08-03 20:21:02
933,EMP-43045,   Jennifer  ,Thomas,Jennifer Thomas,Non-Binary,32.0,1993-08-10, jennifer.thomas@corp.net ,322-520-4789,6444 Washington Blvd,Phoenix,AZ,USA,43774,Legal,   Legal Counsel,Barbara Sanchez,Active,Hybrid,2023-07-18,,11.5,Bachelor's,75504.22,3850.6,0.24,5.0,87.3,3.0,2,5,2,21,7,good,Capital One,CHECKING,Lisa Rodriguez,167-662-5580,single,British,NIGHT,FT,2.0,WS-02-43  ,False,Blue Cross Blue Shield,High potential,2026-07-09 20:21:02
934,EMP-35431,Mark,Jones,Mark Jones,MALE,18.0,2008-11-30,mark.jones@enterprise.org,443-592-7284,560 Oak Ave,San Antonio,TX,usa,22642,Finance,Legal Counsel,Barbara Lewis,Terminated,REMOTE,2023-05-17,2023-05-07,11.0,Bachelor's,76437.62,7812.88,0.32,5.0,97.4,19.9,3,68,4,25,0,Needs Improvement,Bank of America,savings,Patricia Smith,528-111-3693,MARRIED,Mexican,Day,Contract,,,False,Aetna,Pending annual review,2026-06-15 20:21:02
935,EMP-34047,Robert,Rodriguez,Robert Rodriguez,MALE,40.0,1986-08-11,robert.rodriguez@corp.net,166-615-7034,7334 Washington Blvd,LOS ANGELES,CA,usa,60310,Customer Support,Accountant,Karen Sanchez,ACTIVE,hybrid,2022-06-03,2024-06-03,2.5,Bachelor's,79676.96,12913.22,0.22,5.0,100.0,12.7,5,4,1,18,10,satisfactory,Chase,Savings,David Perez,850-655-8611,Married,British,NIGHT,Contract,1.0,WS-01-75,False,Blue Cross Blue Shield,N/A,2026-07-12 20:21:02
936,EMP-92382,William,Robinson,William Robinson,Non-Binary,30.0,1996-06-17,william.robinson@corp.net,760-317-3131,3422 Washington Blvd,Austin,tx,United States,32701,Sales,  Legal Counsel,Charles Johnson,Active,Onsite,2023-09-07,,6.8,bachelor,35000.0,4803.18,0.22,1.0,90.5,20.2,5,35,5,21,12,Excellent,Capital One,Checking,,420-251-9364,Single,American,day,Full-Time,7.0,WS-07-30,False,UnitedHealth,Pending annual review,2026-07-31 20:21:02
937,EMP-92354,Nancy,Sanchez,Nancy Sanchez,Female,45.0,1981-09-16, nancy.sanchez@corp.net ,458-366-7014,8216 Main St,Atlanta,GA,usa,67721,legal,Software Engineer,Sandra Robinson,ACTIVE,Hybrid,2022-11-05,2023-12-18,6.5,High School,73803.48,14230.8,0.24,4.0,97.5,3.9,2,60,5,29,1,satisfactory,TD Bank,CHECKING,Barbara Ramirez,757-513-2751,single,Mexican,Day,PT,9.0,WS-09-72,True,Kaiser Permanente,High potential,2026-06-08 20:21:02
938,EMP-66274,Robert,Davis,Robert Davis,prefer not to say,57.0,1968-03-21,robert.davis@enterprise.org,109-150-1304,  9459 Maple Rd   ,Phoenix,AZ,USA,15039,Marketing,Software Engineer,Sandra Wilson,Active,Hybrid,2021-06-27,2020-12-03,9.4,PhD,93791.59,7128.26,0.22,4.0,90.5,0.5,2,35,3,5,1,Excellent,Citibank,checking,Mark Wilson,818-260-3110,MARRIED,Canadian,Night,FT,3.0,WS-03-16,True,Blue Cross Blue Shield,N/A,2026-06-13 20:21:02
939,EMP-75444,   Susan,Davis,SUSAN DAVIS,mALE,36.0,1990-12-06,SUSAN.DAVIS@ENTERPRISE.ORG,(457) 616-4058,7417 Park Ave,Austin,TX,US,79398,Sales,Operations Manager,Karen Taylor,Active,hybrid,2016-11-09,,5.4,PhD,47828.52,7856.48,0.22,2.0,89.6,6.8,6,39,0,29,3,Needs Improvement,citibank,checking,Elizabeth Sanchez,916-443-5871,Divorced,Canadian,Night,Contract,2.0,WS-02-35,True,Blue Cross Blue Shield,Pending annual review,2026-07-16 20:21:02
940,EMP-86529,Karen,Brown,Karen Brown,Prefer Not to Say,27.0,1999-08-02,karen.brown@enterprise.org,100-382-6134,4719 Oak Ave,Denver,CO,U.S.A.,58461,Marketing,HR Specialist,Betty Robinson,active,Hybrid,2016-07-05,2022-11-13,5.1,PhD,48581.49,3306.49,0.32,5.0,84.4,8.6,4,53,4,10,0,EXCELLENT,CAPITAL ONE,Savings,Barbara Thompson,482-341-6111,Single,Canadian,day,FT,15.0,WS-15-12,False,Kaiser Permanente,,2026-07-19 20:21:02
941,EMP-14603,John,Miller,John Miller,Prefer Not to Say,49.0,1976-08-15,john.miller@enterprise.org,(438) 837-4992,8036 Park Ave,Los Angeles,ca,US,13362,Customer Support,Sales Executive,Karen Smith,Active,Remote,2019-05-28,2021-10-22,12.9,Bachelors,59418.15,3643.16,0.15,1.0,96.0,11.3,2,79,5,16,3,good,Bank of America,Checking,Joseph Thomas,368-106-9592,MARRIED,Indian,Shift 1,contract,,,True,Blue Cross Blue Shield,N/A,2026-07-17 20:21:02
942,EMP-52253,Lisa,Williams,Lisa Williams,Female,39.0,1987-04-18,lisa.williams@company.com,(935) 665-9981,8147 Maple Rd,San Antonio,tx,U.S.A.,22581,Operations,HR Specialist,Nancy Miller,On Leave,Hybrid,2019-10-13,2024-07-24,4.7,Bachelor's,58514.33,10471.82,0.22,,98.4,0.0,3,21,0,18,4,good,bank of america,savings,Jessica Garcia,613-346-7827,MARRIED,German,Shift 1,contract,2.0,WS-02-13,True,Aetna,Completed leadership onboarding,2026-06-22 20:21:02
943,EMP-10598,Jennifer,Wilson,Jennifer Wilson,mALE,36.0,1990-10-06,jennifer.wilson@company.com,187-816-8236,5751 Washington Blvd,San Diego,CA,United States,65603,Product,HR Specialist,David Thompson,active,Hybrid,2015-02-07,2020-06-15,14.0,Bachelor's,66151.54,4369.14,0.22,1.0,93.3,30.6,9,7,0,25,2,Excellent,cHASE,Savings,Lisa Harris,910-933-7804,Married,American,Day,Full-Time,1.0,WS-01-66,False,Blue Cross Blue Shield,Completed leadership onboarding,2026-08-01 20:21:02
944,EMP-14513,Charles,  Robinson,Charles Robinson,Non-Binary,50.0,1976-12-11,charles.robinson@enterprise.org,(946) 265-6629,8352 Washington Blvd,New York,ny,United States,53450,Operations,Product Manager,Michael Jackson,On Leave,Remote,2024-07-04,,0.5,Bachelor's,53898.21,10411.13,0.15,5.0,95.6,0.0,2,32,3,27,8,Needs Improvement,Chase,checking,Matthew Wilson,679-457-4725,Divorced,Mexican,NIGHT,Part-Time,,,False,Blue Cross Blue Shield,Pending annual review,2026-06-09 20:21:02
945,EMP-39863,Susan,White,Susan White,Male,28.0,1998-12-01,susan.white@corp.net,924-892-2147,3236 Washington Blvd,Atlanta,ga,usa,45407,Customer Support,Sales Executive,John Brown,Active,remote,2022-08-28,,4.0,PhD,66528.03,6927.35,0.32,2.0,88.2,0.0,7,13,0,14,2,EXCELLENT,bank of america,Savings,Sandra Thompson,339-675-7398,MARRIED,American,Shift 1,PT,,,False,Blue Cross Blue Shield,Completed leadership onboarding,2026-06-10 20:21:02
946,EMP-95435,Betty,Moore,Betty Moore,Male,28.0,1997-09-24,betty.moore@enterprise.org,(637) 201-5235,4395 Maple Rd,Phoenix,az,U.S.A.,88927,Product,Accountant,Barbara Brown,ACTIVE,REMOTE,2014-05-30,2022-07-23,11.5,bachelor,48852.6,9141.23,0.24,1.0,87.0,0.0,10,20,3,19,7,satisfactory,CITIBANK,checking,Sarah Martin,946-762-7743,single,American,Day,Full-Time,,,True,Aetna,Completed leadership onboarding,2026-07-03 20:21:02
947,EMP-68311,John,Sanchez,John Sanchez,Female,31.0,1995-08-12,john.sanchez@enterprise.org,405-149-1848,5525 Main St,San Jose,CA,United States,45636,Product,Software Engineer,,Terminated,REMOTE,2012-08-03,2022-01-17,11.7,Master's,71061.56,12737.62,0.32,2.0,92.7,0.0,1,33,0,23,0,Excellent,Wells Fargo,savings,Nancy Harris,607-558-3239,single,Mexican,NIGHT,FT,,,True,Blue Cross Blue Shield,N/A,2026-06-14 20:21:02
948,EMP-35518,Matthew,Johnson,Matthew Johnson,Prefer Not to Say,,1988-06-24,matthew.johnson@enterprise.org,(560) 872-5812, 6298 Maple Rd,Seattle,WA,US,,Sales,Accountant,Robert Wilson,active,Onsite,2013-11-01,,0.5,Bachelor's,84894.11,14522.55,0.22,1.0,96.9,18.6,8,73,2,27,12,good,Wells Fargo,Checking,Lisa Harris,714-904-8348,Single,American,Shift 2,PT,8.0,WS-08-41,False,Kaiser Permanente,N/A,2026-07-26 20:21:02
949,EMP-96358,Michael,Brown,,Male,51.0,1974-03-22, michael.brown@enterprise.org ,705-805-4229,8029 Washington Blvd,Seattle,WA,USA,76486,Operations,Accountant,Anthony Gonzalez,On Leave,Onsite,2022-02-08,,2.8,Master's,67072.09,12328.4,0.24,5.0,94.2,12.1,9,20,3,13,0,Needs Improvement,Bank of America,checking,Elizabeth Miller,287-629-9551,Divorced,Mexican,day,Full-Time,1.0,WS-01-75,True,Cigna,,2026-07-20 20:21:02
950,EMP-51084,Jessica ,Jackson,Jessica Jackson,male,37.0,1988-07-27,jessica.jackson@corp.net,(103) 208-3007,3028 Park Ave,Chicago,IL,U.S.A.,94956,Sales,Product Manager,Karen Harris,Active,REMOTE,2023-02-02,2024-04-11,7.5,bachelor,99405.66,15611.24,0.32,2.0,89.6,14.5,6,63,0,22,2,good,wELLS fARGO,savings,,642-366-7704,single,British,Shift 2,Contract,,,False,Aetna,Completed leadership onboarding,2026-06-06 20:21:02
951,EMP-85927,  John  ,Lee,John Lee,MALE,47.0,1978-06-15,john.lee@corp.net,408-176-6267,2085 Oak Ave,Philadelphia,PA,United States,18566,IT,Operations Manager,Thomas Robinson,Terminated,hybrid,2013-01-26,,5.1,BS,65686.1,7550.82,0.22,1.0,86.1,13.0,2,27,2,5,10,satisfactory,Bank of America,savings,Thomas Harris,394-938-5718,single,Mexican,Night,FT,8.0,WS-08-71,False,UnitedHealth,N/A,2026-06-05 20:21:02
952,EMP-85011,Sandra,Hernandez,Sandra Hernandez,Non-Binary,44.0,1982-12-05,sandra.hernandez@enterprise.org,194-589-9190,9766 Maple Rd,Los Angeles,CA,U.S.A.,34285,Operations,Support Agent,Anthony Garcia,Active,Onsite,2018-12-16,,2.2,Master's,90094.67,17202.42,0.24,4.0,96.0,0.0,4,11,3,22,0,Needs Improvement,Chase,CHECKING,Jennifer Rodriguez,733-749-8765,single,German,Shift 2,Contract,4.0,WS-04-26,True,Kaiser Permanente,,2026-07-14 20:21:02
953,EMP-89591,Charles,Johnson,Charles Johnson,Non-Binary,42.0,1983-10-30,charles.johnson@company.com,(337) 842-5417,1854 Washington Blvd,San Antonio,TX,usa,80764,Legal, Data Analyst,James Robinson,Active,Onsite,2024-08-09,,4.8,BS,41778.33,4593.46,0.24,3.0,97.5,6.4,10,2,0,20,5,Excellent,WELLS FARGO,Checking,John Anderson,125-399-4901,MARRIED,American,Shift 1,Full-Time,3.0,WS-03-70,True,UnitedHealth,Pending annual review,2026-06-09 20:21:02
954,EMP-78270,Jessica,Martin,Jessica Martin,Male,46.0,1980-05-29,jessica.martin@corp.net,384-768-1741,6435 Oak Ave,New York,ny,United States,92601,Finance,Systems Administrator,Mary White,Active,Hybrid,2020-06-15,2021-07-21,0.5,Masters,78404.04,7280.52,0.22,2.0,99.8,10.0,9,31,5,12,3,Good,TD Bank,savings,Mary Harris,802-788-4552,Married,German,Shift 2,Contract,7.0,WS-07-22,False,UnitedHealth,Completed leadership onboarding,2026-06-07 20:21:02
955,EMP-19386,Anthony,Anderson,Anthony Anderson,Male,31.0,1994-03-27,anthony.anderson@corp.net,(984) 775-3330,7265 Oak Ave,PHOENIX,AZ,U.S.A.,88970,fINANCE,Senior Developer,Robert Smith,Active,REMOTE,2022-12-28,2020-05-27,8.1,BS,74052.59,8229.18,0.24,1.0,87.1,0.0,10,39,2,13,11,Good,Bank of America,CHECKING,Mark Lee,327-600-3405,Married,Canadian,Night,Part-Time,,,False,Aetna,,2026-07-12 20:21:02
956,EMP-68640,Christopher,Lee,Christopher Lee,Female,28.0,1997-03-20,christopher.lee@enterprise.org,530-358-6674,5867 Washington Blvd  ,San Antonio,TX,usa,22269,Human Resources,Accountant,Linda Davis,Active,hybrid,2020-05-04,,5.2,Master's,35000.0,3351.69,0.15,2.0,95.2,3.0,8,24,5,9,0,satisfactory,TD Bank,Savings,Mary Williams,566-333-9848,Married,German,Shift 2,Full-Time,13.0,WS-13-60,False,Blue Cross Blue Shield,,2026-07-09 20:21:02
957,EMP-47200,Sarah,Moore,Sarah Moore,Prefer Not to Say,27.0,1998-04-11,sarah.moore@corp.net,182-188-1294,3501 Park Ave,Chicago,IL,U.S.A.,,IT,Product Manager,Robert Martin,Terminated,Hybrid,2023-03-25,2022-02-21,7.5,BS,62940.7,11888.77,0.15,4.0,96.6,0.0,4,76,5,17,9,EXCELLENT,Chase,savings,Richard Martinez,882-213-2210,single,British,NIGHT,contract,14.0,WS-14-42,False,Aetna,Pending annual review,2026-06-16 20:21:02
958,EMP-59133,Sandra,Robinson,sandra robinson,male,44.0,1981-07-23, sandra.robinson@enterprise.org ,890-981-9705,1424 Oak Ave,Phoenix,AZ,U.S.A.,45047,MARKETING,Software Engineer,Michael Moore,ACTIVE,hybrid,2016-12-20,,10.9,Bachelors,66797.48,12143.0,0.22,2.0,96.4,0.0,2,2,5,24,7,Excellent,TD Bank,CHECKING,Karen Lee,829-644-3808,Single,American,Day,Contract,13.0,WS-13-22,False,UnitedHealth,Transferred from regional branch,2026-08-03 20:21:02
959,EMP-46897,Nancy,Lee  ,Nancy Lee,Prefer Not to Say,48.0,1977-02-03, nancy.lee@enterprise.org ,908-825-5562,4005 Oak Ave,cHICAGO,il,US,43887,Legal,HR Specialist,Barbara Smith,On Leave,Remote,2016-05-25,,10.2,PhD,112179.55,11875.95,0.24,3.0,99.9,6.1,2,63,5,14,11,Needs Improvement,Bank of America,Checking,Margaret Williams,546-831-9396,single,Canadian,NIGHT,Full-Time,,,False,Aetna,Pending annual review,2026-06-23 20:21:02
960,EMP-51434,Jessica,Lopez,Jessica Lopez,Prefer Not to Say,32.0,1993-08-05,jessica.lopez@corp.net,(429) 943-8236,3902 Maple Rd,Dallas,tx,United States,27862,Finance,Accountant,Sandra Harris,On Leave,Hybrid,2013-09-15,,8.2,Masters,61550.29,4380.41,0.24,4.0,96.1,5.7,8,53,0,28,12,good,Chase,Savings,Barbara Brown,343-409-3825,MARRIED,British,Night,PT,9.0,WS-09-75,True,Kaiser Permanente,High potential,2026-07-29 20:21:02
961,EMP-67051,Karen,Wilson,Karen Wilson,Female,41.0,1985-07-22,karen.wilson@corp.net,556-946-7949,1976 Oak Ave,Austin,TX,usa,99671,Operations,Senior Developer,Richard Wilson,On Leave,REMOTE,2015-07-15,2024-02-14,0.5,Bachelors,83068.74,16039.5,0.32,3.0,91.1,0.0,9,23,2,27,4,Good,Citibank,checking,Elizabeth Sanchez,,Married,Indian,NIGHT,FT,,,True,Aetna,Completed leadership onboarding,2026-07-02 20:21:02
962,EMP-20136,Linda,Thomas,linda thomas,Non-Binary,32.0,1993-11-17, linda.thomas@corp.net ,969-945-8786,9121 Oak Ave,Chicago,IL,U.S.A.,16223,Engineering,Marketing Specialist,Mary Robinson,On Leave,REMOTE,2012-05-25,2021-01-12,10.2,Bachelor's,76575.55,13954.73,0.24,1.0,100.0,6.3,1,54,1,20,1,Needs Improvement,chase,Savings,John Martin,391-382-9900,single,Indian,NIGHT,FT,,,False,Cigna,Pending annual review,2026-06-15 20:21:02
963,EMP-99601,Mary,Perez,MARY PEREZ,non-binary,40.0,1985-11-23,mary.perez@enterprise.org,379-268-2059,9191 Washington Blvd,Denver,CO,United States,79284,Engineering,Software Engineer,David Rodriguez,Active,remote,2016-08-07,2025-04-28,4.1,bachelor,78142.56,11583.67,0.24,3.0,95.9,9.8,4,55,0,17,2,EXCELLENT,Bank of America,savings,Mary Jones,,Married,Indian,Night,FT,,,False,Blue Cross Blue Shield,,2026-06-24 20:21:02
964,EMP-67963,Susan,Smith,Susan Smith,prefer not to say,33.0,1993-08-28,susan.smith@corp.net,292-380-5395,1499 Maple Rd,San Jose,ca,usa,34475,Legal,Legal Counsel,Susan Lee,Active,Hybrid,2019-06-22,2023-06-01,4.9,Bachelor's,86518.09,7711.48,0.15,5.0,94.3,9.4,1,29,3,12,4,EXCELLENT,Capital One,savings,Mark Williams,679-323-3020,Married,Canadian,Shift 2,Part-Time,5.0,WS-05-51,True,UnitedHealth,Completed leadership onboarding,2026-07-24 20:21:02
965,EMP-60625,William,Rodriguez,William Rodriguez,Non-Binary,43.0,1982-12-03,william.rodriguez@corp.net,726-211-6925,8074 Park Ave,San Antonio,TX,USA,22516,IT,Software Engineer,Nancy White,Active,Remote,2019-09-18,2020-09-11,12.1,BS,81486.8,10564.5,0.22,3.0,92.3,3.2,2,39,3,6,6,good,Wells Fargo,checking,Mary Sanchez,893-790-1309,Single,German,day,contract,,,False,Cigna,N/A,2026-07-07 20:21:02
966,EMP-10917,Christopher,Martinez,,Prefer Not to Say,24.0,2001-11-14,christopher.martinez@company.com,244-966-7089,8323 Main St,Los Angeles,CA,United States,24316,Sales,HR Specialist,Sandra Perez,Active,remote,2022-11-30,2021-05-16,14.1,High School,81417.53,7418.43,0.15,3.0,94.2,0.2,9,4,0,28,10,satisfactory,Bank of America,savings,Anthony Jones,557-204-5368,Married,American,Night,PT,,,True,UnitedHealth,Transferred from regional branch,2026-06-19 20:21:02
967,EMP-75975,Elizabeth,Williams,Elizabeth Williams,Female,48.0,1978-12-15,elizabeth.williams@company.com,(128) 577-9390,2197 Main St,Los Angeles,ca,US,96793,Customer Support,HR Specialist,Michael Brown,Active,Remote,2017-01-15,,12.7,Masters,84746.1,15571.83,0.15,3.0,100.0,10.4,9,65,5,12,1,satisfactory,bank of america,Checking,David Clark,450-992-6078,Married,Mexican,Shift 1,Contract,,,True,Kaiser Permanente,Completed leadership onboarding,2026-07-22 20:21:02
968,EMP-80221,Joseph,Thompson,joseph thompson,Non-Binary,41.0,1985-06-24,JOSEPH.THOMPSON@ENTERPRISE.ORG,698-270-1854,1096 Washington Blvd,Boston,MA,usa,88446,Operations,Operations Manager,William Johnson,On Leave,Remote,2023-06-08,2020-12-25,3.6,High School,64169.82,12228.92,0.22,5.0,94.6,4.5,1,58,3,9,1,Needs Improvement,Capital One,Checking,Susan Wilson,458-758-1915,single,British,Shift 1,Part-Time,,,False,Blue Cross Blue Shield,High potential,2026-07-08 20:21:02
969,EMP-99489,Mark,Thomas,Mark Thomas,Non-Binary,43.0,1982-04-06, mark.thomas@corp.net ,(516) 704-9473,1992 Park Ave,Los Angeles,CA,United States,33626,marketing,Software Engineer,Nancy Rodriguez,Active,REMOTE,2017-12-23,2025-04-01,12.4,Bachelor's,61633.1,6882.29,0.24,,94.7,5.6,10,20,0,30,7,Excellent,Citibank,savings,Richard Hernandez,921-584-2888,Divorced,Indian,Night,PT,,,True,Blue Cross Blue Shield,Completed leadership onboarding,2026-07-09 20:21:02
970,EMP-51096,John,Anderson,John Anderson,Female,45.0,1981-05-11, john.anderson@corp.net ,452-727-4588,   1317 Main St,Los Angeles,ca,US,91878,Operations,Senior Developer,Thomas Robinson,Active,Remote,2013-11-13,,7.7,Master's,47208.02,2546.35,0.15,1.0,100.0,0.0,5,43,5,23,3,Needs Improvement,Citibank,CHECKING,Sandra Robinson,634-773-5957,Divorced,German,Shift 1,FT,,,True,Cigna,Pending annual review,2026-06-08 20:21:02
971,EMP-99024,Mary,Smith,Mary Smith,Non-Binary,30.0,1995-02-06,mary.smith@enterprise.org,112-848-8461,7092 Park Ave,San Diego,CA,United States,18362,Sales,Sales Executive,Joseph Lopez,Active,Onsite,2012-12-25,2024-08-07,8.2,High School,73637.22,8579.9,0.22,4.0,96.2,0.0,10,8,1,16,5,Excellent,CAPITAL ONE,savings,Barbara Miller,939-607-5098,Divorced,American,Day,contract,15.0,WS-15-52,False,Cigna,Transferred from regional branch,2026-07-17 20:21:02
972,EMP-85712,Anthony,Garcia,Anthony Garcia,Female,18.0,2007-06-02,ANTHONY.GARCIA@COMPANY.COM,838-174-3234,3287 Park Ave,Chicago,IL,US,51020,human resources,Accountant,Patricia Martinez,ACTIVE,hybrid,2013-04-04,,6.3,Bachelors,97496.74,16967.04,0.24,5.0,100.0,0.0,9,25,1,14,9,Good,CHASE,CHECKING,Daniel Wilson,,Married,British,day,Full-Time,2.0,WS-02-63,True,Cigna,Completed leadership onboarding,2026-07-07 20:21:02
973,EMP-70722,Susan,Jones,Susan Jones,Female,28.0,1998-04-18,susan.jones@corp.net,(763) 699-3233,6725 Park Ave,San Diego,ca,USA,61579,Operations,Accountant,Nancy Anderson,Active,hybrid,2020-03-11,2025-02-23,12.6,Bachelor's,59771.4,4917.0,0.22,3.0,93.1,10.7,5,39,1,8,3,Excellent,CAPITAL ONE,checking,Sandra Gonzalez,530-612-4041,Married,German,NIGHT,Part-Time,10.0,WS-10-14,,Kaiser Permanente,N/A,2026-06-06 20:21:02
974,EMP-98003,Joseph   ,Martinez,Joseph Martinez,Male,39.0,1987-09-12,joseph.martinez@enterprise.org,360-670-2332, 7500 Main St,Philadelphia,PA,usa,11844,Marketing, Support Agent,Elizabeth Johnson,active,remote,2017-08-09,2021-11-30,5.6,BS,39376.83,7765.82,0.32,5.0,83.8,0.8,2,27,0,20,3,good,CITIBANK,CHECKING,Daniel Gonzalez,212-692-8202,single,Mexican,Shift 2,PT,,,True,Cigna,,2026-06-17 20:21:02
975,EMP-45499,John,Wilson,John Wilson,prefer not to say,47.0,1978-06-15,john.wilson@company.com,(843) 243-2395,411 Park Ave,Denver,CO,usa,30146,Human Resources,Marketing Specialist,Karen Jones,Active,Remote,2021-09-03,2024-08-23,10.6,PhD,65673.92,6039.49,0.24,1.0,87.4,0.0,7,65,3,12,7,EXCELLENT,Chase,CHECKING,Nancy Ramirez,614-567-8930,Divorced,Mexican,NIGHT,PT,,,True,Cigna,Transferred from regional branch,2026-06-19 20:21:02
976,EMP-29043,Nancy,Lopez,Nancy Lopez,Male,41.0,1985-11-12,nancy.lopez@enterprise.org,(220) 423-2108,1190 Main St,Los Angeles,ca,usa,18680,Operations,Product Manager,Richard Perez,Active,REMOTE,2024-09-17,2022-05-21,0.5,MS,70749.97,10202.58,0.22,4.0,100.0,4.2,3,55,5,18,12,good,Citibank,Checking,William Robinson,306-448-3241,MARRIED,German,Shift 1,Part-Time,,,False,Cigna,High potential,2026-06-08 20:21:02
977,EMP-63227,Robert,Harris,Robert Harris,Non-Binary,,1996-11-18,robert.harris@company.com,502-897-1726,2451 Park Ave,Seattle,WA,usa,25422,Customer Support,Software Engineer,Mary Williams,active,REMOTE,2012-04-26,2020-10-20,8.5,MS,84614.89,15215.69,0.24,1.0,100.0,2.1,3,55,1,12,7,Good,Chase,checking,Michael Jones,837-529-1164,single,Mexican,Shift 1,FT,,,True,Blue Cross Blue Shield,,2026-07-02 20:21:02
978,EMP-36823,Joseph,Clark,Joseph Clark,Prefer Not to Say,33.0,1992-05-27,joseph.clark@company.com,(436) 485-6009,1836 Maple Rd,New York,NY,US,74903,Finance,Software Engineer,Jessica Thompson,Active,Hybrid,2020-04-17,2020-03-10,5.6,PhD,77480.9,6880.72,0.22,5.0,91.9,18.3,10,50,2,10,4,satisfactory,Chase,Savings,Richard Lopez,431-181-2222,single,American,Day,contract,3.0,WS-03-27,False,Cigna,,2026-06-26 20:21:02
979,EMP-30559,Susan,Gonzalez,Susan Gonzalez,Male,50.0,1976-11-04,susan.gonzalez@enterprise.org,821-498-6907,4995 Washington Blvd,Seattle,WA,USA,96109,Human Resources,Accountant,Richard Moore,Active,remote,2018-03-04,2021-11-29,9.4,High School,51857.67,6370.81,0.24,3.0,88.3,9.1,10,37,5,7,3,Needs Improvement,Chase,CHECKING,Mary Taylor,243-830-9530,Married,British,NIGHT,contract,,,False,Blue Cross Blue Shield,N/A,2026-08-02 20:21:02
980,EMP-86898,Michael,Robinson,Michael Robinson,nON-bINARY,45.0,1981-10-05,MICHAEL.ROBINSON@ENTERPRISE.ORG,813-282-1742,811 Park Ave  ,San Antonio,TX,usa,18994,Human Resources,Software Engineer ,Betty Ramirez,active,Hybrid,2015-05-24,2024-12-31,15.0,Bachelor's,106147.54,6336.25,0.24,2.0,97.6,11.2,7,64,4,5,12,Needs Improvement,Chase,checking,Sandra Martin,259-489-1453,Single,German,NIGHT,PT,6.0,WS-06-47,False,Blue Cross Blue Shield,Pending annual review,2026-06-13 20:21:02
981,EMP-83309,Patricia,Brown,Patricia Brown,Prefer Not to Say,32.0,1994-06-01,patricia.brown@corp.net,873-677-8327,5779 Washington Blvd,Philadelphia,PA,usa,78653,Sales,Accountant,Margaret Jones,Active,hybrid,2024-02-20,,2.2,Bachelors,92001.59,12816.7,0.22,5.0,97.1,32.9,7,11,1,17,1,Good,chase,Checking,Michael Thomas,750-971-3430,Married,American,day,FT,15.0,WS-15-88,False,Cigna,,2026-07-15 20:21:02
982,EMP-68621,Sandra,Williams,sANDRA wILLIAMS,Female,26.0,2000-03-02,sandra.williams@enterprise.org,(388) 954-6524,9595 Maple Rd,San Diego,CA,USA,82191,Engineering,Operations Manager,Mary Lopez,active,Remote,2014-11-15,,10.3,MS,112344.48,7875.56,0.15,1.0,100.0,0.0,9,59,0,12,3,EXCELLENT,Bank of America,savings,Sandra Thomas,739-863-7880,MARRIED,Indian,NIGHT,Full-Time,,,False,Blue Cross Blue Shield,High potential,2026-06-26 20:21:02
983,EMP-96651,John,Smith,John Smith,PREFER NOT TO SAY,45.0,1981-06-23,john.smith@company.com,(307) 364-4326,919 Main St,Phoenix,az,USA,92142,Legal,Software Engineer,Sarah Davis,ACTIVE,Hybrid,2018-04-19,,12.9,PhD,87754.39,10042.9,0.24,2.0,97.2,3.4,3,64,3,28,3,good,Capital One,Savings,William Perez,165-926-6961,single,British,Day,contract,7.0,WS-07-55,False,UnitedHealth,Pending annual review,2026-06-12 20:21:02
984,EMP-13378,   Barbara,  Martinez   ,bARBARA mARTINEZ,Prefer Not to Say,24.0,2001-09-10,barbara.martinez@company.com,798-258-5562,2036 Maple Rd,Boston,ma,usa,35167,Legal,Senior Developer,Elizabeth Garcia,Active,Hybrid,2014-12-19,,13.3,BS,51109.54,8272.9,0.32,1.0,96.4,12.5,10,79,2,16,1,Excellent,chase,Savings,Christopher Ramirez,538-888-9867,single,Canadian,Shift 1,PT,5.0,WS-05-22  ,False,UnitedHealth,N/A,2026-06-05 20:21:02
985,EMP-74154,Mary,Martin,Mary Martin,non-binary,,1993-07-23,mary.martin@company.com,(235) 855-4143,1029 Oak Ave,Dallas,TX,US,45629,Sales,HR Specialist,Barbara Jackson,Active,remote,2013-08-29,2022-01-20,4.7,Bachelors,92278.93,8418.06,0.24,5.0,94.9,2.4,8,65,1,9,10,Needs Improvement,Wells Fargo,CHECKING,Patricia Harris,685-857-3044,single,Indian,Day,Contract,,,True,Blue Cross Blue Shield,Completed leadership onboarding,2026-06-28 20:21:02
986,EMP-39508,Lisa,Wilson,lISA wILSON,Non-Binary,42.0,1983-09-28,lisa.wilson@enterprise.org,163-161-6205,2750 Oak Ave,Phoenix,az,USA,64718,Finance,Product Manager,Christopher Martinez,ACTIVE,hybrid,2020-01-19,2022-06-27,5.1,bachelor,92622.93,10527.71,0.24,2.0,95.0,1.6,4,60,3,25,4,Excellent,Bank of America,savings,John Gonzalez,361-347-6635,Divorced,British,NIGHT,contract,7.0,WS-07-27,False,Kaiser Permanente,N/A,2026-07-13 20:21:02
987,EMP-80969,Thomas,Hernandez,Thomas Hernandez,mALE,25.0,2001-04-15,thomas.hernandez@enterprise.org,986-668-6478,2126 Main St,Houston,TX,USA,17164,mARKETING,Data Analyst,Patricia Ramirez,On Leave,Onsite,2022-02-23,2023-12-31,11.4,PhD,84437.25,12820.1,0.22,5.0,90.6,0.0,2,18,3,15,12,Excellent,TD Bank,Checking,Mary Lewis,920-973-9953,MARRIED,Indian,Day,Full-Time,6.0,WS-06-42,True,Aetna,Transferred from regional branch,2026-08-01 20:21:02
988,EMP-81011,Sandra,Gonzalez,SANDRA GONZALEZ,Female,52.0,1974-01-23,sandra.gonzalez@company.com,494-382-8035,7160 Maple Rd,San Jose,CA,US,83805,finance,Marketing Specialist,Thomas Lopez,Active,Remote,2020-04-04,2020-12-24,10.7,Bachelors,64845.33,11992.55,0.22,3.0,85.7,0.0,10,51,3,9,7,Excellent,Wells Fargo,savings,James Williams,,Divorced,Mexican,day,Part-Time,,,True,Aetna,Completed leadership onboarding,2026-07-15 20:21:02
989,EMP-87689,Karen,Davis,Karen Davis,pREFER nOT TO sAY,40.0,1985-12-26,karen.davis@enterprise.org,566-112-4087,7346 Park Ave,Boston,MA,United States,72329,Operations,Accountant,Mark Brown,Terminated,REMOTE,2024-12-05,,7.8,Master's,54385.74,3438.9,0.24,4.0,89.8,0.0,10,34,4,28,7,EXCELLENT,Capital One,Checking,Susan Jones,739-477-4794,Divorced,American,Shift 1,PT,,,False,Cigna,Completed leadership onboarding,2026-06-29 20:21:02
990,EMP-84213,William,Brown,William Brown,Male,46.0,1979-01-21,william.brown@enterprise.org,166-587-6821,3870 Park Ave,Boston,ma,US,92105,Customer Support,Sales Executive ,Sarah Jackson,On Leave,Remote,2022-09-01,2020-07-26,0.5,PhD,81285.66,9843.27,0.22,2.0,94.1,3.1,9,26,5,17,3,EXCELLENT,Bank of America,CHECKING,Robert Taylor,637-852-8031,Divorced,Canadian,NIGHT,FT,,,True,Kaiser Permanente,Transferred from regional branch,2026-07-20 20:21:02
991,EMP-61402,Robert,White,Robert White,non-binary,44.0,1981-02-10,robert.white@enterprise.org,647-922-9373,5758 Main St,dallas,TX,U.S.A.,40464,Human Resources,Operations Manager,,Active,remote,2024-04-18,2022-04-16,9.3,MS,88155.26,15486.95,0.32,5.0,94.7,11.3,10,32,4,8,7,good,Wells Fargo,checking,Thomas Lewis,621-233-4608,Single,Indian,NIGHT,Part-Time,,,False,Kaiser Permanente,High potential,2026-06-24 20:21:02
992,EMP-25592,Thomas,Robinson,Thomas Robinson,Female,28.0,1997-08-31, THOMAS.ROBINSON@ENTERPRISE.ORG ,(243) 939-6026,4264 Main St,Austin,tx,U.S.A.,56893,marketing,Marketing Specialist,,Active,Remote,2019-11-13,2021-11-23,5.0,Master's,63533.2,9338.65,0.22,5.0,93.6,0.0,4,0,1,6,7,Needs Improvement,Bank of America,Checking,Anthony Lee,366-251-5512,single,American,Night,contract,,,False,Cigna,Transferred from regional branch,2026-06-23 20:21:02
993,EMP-96565,Patricia,Ramirez,PATRICIA RAMIREZ,Prefer Not to Say,51.0,1974-02-22,patricia.ramirez@corp.net,512-346-2307,1644 Maple Rd,Los Angeles,ca,United States,16537,Engineering,Software Engineer,Anthony Wilson,On Leave,REMOTE,2014-04-10,,6.2,High School,52128.81,4525.2,0.24,3.0,97.7,1.0,2,61,5,20,8,EXCELLENT,Citibank,Checking,Lisa Rodriguez,586-525-6948,Divorced,Indian,Day,FT,,,False,UnitedHealth,High potential,2026-06-10 20:21:02
994,EMP-51032,Mary,Perez,mary perez,MALE,33.0,1992-03-11,mary.perez@corp.net,615-290-1107,2182 Maple Rd,New York,ny,USA,26309,IT,Support Agent,,Active,Remote,2023-06-22,2025-10-23,13.4,BS,84928.0,6405.85,0.22,4.0,100.0,0.0,9,72,2,11,4,Excellent,Wells Fargo,Checking,Jessica Johnson,929-824-6190,Single,German,Night,Full-Time,,,False,UnitedHealth,Pending annual review,2026-06-29 20:21:02
995,EMP-91121,  Linda,Ramirez,Linda Ramirez,Non-Binary,49.0,1976-03-11, linda.ramirez@company.com ,(225) 151-1074,9463 Washington Blvd,San Antonio,tx,United States,64840,IT,Legal Counsel ,Susan Sanchez,Terminated,Remote,2018-10-25,2024-02-09,13.7,Masters,47242.63,6201.72,0.32,1.0,98.8,0.4,5,66,4,27,6,Good,Bank of America,checking,Matthew Gonzalez,338-209-9751,Single,British,day,PT,,,,Kaiser Permanente,Pending annual review,2026-06-24 20:21:02
996,EMP-92744,Jennifer,Gonzalez,Jennifer Gonzalez,Male,47.0,,JENNIFER.GONZALEZ@ENTERPRISE.ORG,(212) 151-2105,4006 Oak Ave,Austin,TX,usa,33955,LEGAL,Systems Administrator,Sarah Ramirez,Terminated,hybrid,2020-12-08,2022-08-16,7.4,bachelor,99353.96,10745.77,0.22,5.0,96.3,47.8,6,68,2,6,7,Excellent,Wells Fargo,CHECKING,James Robinson,797-662-6810,Married,British,Shift 2,PT,13.0,WS-13-76,False,UnitedHealth,Completed leadership onboarding,2026-06-27 20:21:02
997,EMP-72095,Mary,Williams,Mary Williams,Female,43.0,1982-02-10,mary.williams@corp.net,767-928-3566,3939 Washington Blvd,New York,NY,US,78784,it,Operations Manager,Linda Hernandez,active,Remote,2024-03-20,,3.6,PhD,89849.18,10581.9,0.24,3.0,91.8,1.1,1,78,0,9,11,good,td bank,savings,Michael Lewis,282-152-7708,Married,Indian,Night,Contract,,,False,Blue Cross Blue Shield,Transferred from regional branch,2026-06-17 20:21:02
998,EMP-66220,Jessica,Rodriguez,Jessica Rodriguez,Female,39.0,1987-03-22,jessica.rodriguez@corp.net,446-554-7680,227 Main St,Atlanta,ga,United States,64968,Customer Support, Accountant,Lisa Rodriguez,Terminated,Remote,2023-11-27,2025-01-14,8.4,PhD,105470.51,10991.95,0.22,3.0,88.2,0.0,4,71,2,13,8,Excellent,Bank of America,CHECKING,Charles Smith,582-164-1601,single,Mexican,Day,contract,,,True,Kaiser Permanente,Transferred from regional branch,2026-07-01 20:21:02
999,EMP-37649,Charles,Perez,Charles Perez,Non-Binary,20.0,2006-05-27,CHARLES.PEREZ@COMPANY.COM,(323) 876-9310,8780 Washington Blvd,Phoenix,AZ,U.S.A.,42985,Human Resources,Legal Counsel,Linda Jones,Active,Hybrid,2014-04-14,2023-09-08,0.5,MS,96382.89,7551.66,0.24,1.0,91.1,27.5,10,31,4,28,9,Needs Improvement,Bank of America,Savings,Michael Anderson,598-309-4764,MARRIED,American,Shift 1,PT,3.0,WS-03-88,False,Kaiser Permanente,High potential,2026-07-02 20:21:02
1000,EMP-80287,James,Hernandez,James Hernandez,Non-Binary,41.0,1984-07-06,james.hernandez@company.com,(139) 384-9584,834 Maple Rd,san diego,CA,U.S.A.,80893,IT,HR Specialist,Mark Lee,On Leave,Remote,2016-05-21,2025-02-08,10.9,bachelor,72990.49,13829.35,0.15,1.0,105.0,3.1,7,1,2,23,1,Needs Improvement,Chase,CHECKING,,439-566-8336,Single,Mexican,Day,contract,,,True,Blue Cross Blue Shield,Pending annual review,2026-07-25 20:21:02

